plot_id,quantity,version,figure_file,axis_scale,n_rows,n_plotted_rows,status,note
sigma_direct_fitting,sigma,direct_fitting,figures_step26\figure_01_sigma_pred_vs_obs_fitting.png,log-log,55272,50000,created,obs_col=sigma_obs_S_per_m_step11; pred_col=sigma_pred_S_per_m_step12; excluded_by_scale=0; nonfinite_or_missing_pairs=0; sampled for plotting
sigma_ml_tau_prediction,sigma,ml_tau_prediction,figures_step26\figure_02_sigma_pred_vs_obs_ml.png,log-log,55272,50000,created,obs_col=sigma_obs_S_per_m_step11; pred_col=sigma_pred_ML_for_pf_zt_S_per_m_step21; excluded_by_scale=0; nonfinite_or_missing_pairs=0; sampled for plotting
PF_direct_fitting,PF,direct_fitting,figures_step26\figure_03_pf_pred_vs_obs_fitting.png,log-log,15177,15177,created,obs_col=power_factor_obs_W_per_mK2_step21; pred_col=power_factor_pred_fitting_W_per_mK2_step21; excluded_by_scale=0; nonfinite_or_missing_pairs=40095
PF_ml_tau_prediction,PF,ml_tau_prediction,figures_step26\figure_04_pf_pred_vs_obs_ml.png,log-log,15177,15177,created,obs_col=power_factor_obs_W_per_mK2_step21; pred_col=power_factor_pred_ML_W_per_mK2_step21; excluded_by_scale=0; nonfinite_or_missing_pairs=40095
ZT_direct_fitting,ZT,direct_fitting,figures_step26\figure_05_zt_pred_vs_obs_fitting.png,linear,6381,6381,created,obs_col=zt_obs_dimensionless_step11; pred_col=zt_pred_fitting_step21; excluded_by_scale=0; nonfinite_or_missing_pairs=48891
ZT_ml_tau_prediction,ZT,ml_tau_prediction,figures_step26\figure_06_zt_pred_vs_obs_ml.png,linear,6381,6381,created,obs_col=zt_obs_dimensionless_step11; pred_col=zt_pred_ML_step21; excluded_by_scale=0; nonfinite_or_missing_pairs=48891
ZT_direct_fitting_log_positive_only,ZT,direct_fitting,figures_step26\figure_08_zt_pred_vs_obs_fitting_log_positive_only.png,log-log,6362,6362,created,obs_col=zt_obs_dimensionless_step11; pred_col=zt_pred_fitting_step21; excluded_by_scale=19; nonfinite_or_missing_pairs=48891
ZT_ml_tau_prediction_log_positive_only,ZT,ml_tau_prediction,figures_step26\figure_09_zt_pred_vs_obs_ml_log_positive_only.png,log-log,6362,6362,created,obs_col=zt_obs_dimensionless_step11; pred_col=zt_pred_ML_step21; excluded_by_scale=19; nonfinite_or_missing_pairs=48891
combined_pred_vs_obs_summary,sigma/PF/ZT,direct_fitting_and_ml_tau_prediction,figures_step26\figure_07_combined_pred_vs_obs_summary.png,mixed,153660,143116,created,"2 x 3 summary figure; sigma and PF log-log, ZT linear"
