sample_key,material_system,n_or_p,composition,DOI,paper_title,zt_obs_max_step14,zt_pred_max_step14,zt_calc_from_obs_max_step14,pf_mape_step14,zt_pred_vs_obs_mape_step14,zt_pred_vs_calc_mape_step14,tau_eff_step12,nanocarbon_keyword_detected_step9,nanocarbon_type_auto_step9,rare_metal_flag_auto_step9,toxicity_flag_auto_step9,additive_auto_step9,additive_manual_step9,structure_auto_step9,structure_manual_step9,needs_manual_review_step15,needs_sintering_check_later_step15,doi_url
10.1002_sstr.202400201__sample_83886,unknown,p,(HSC6H4OH)39.14(Sb2Te3)60.86,10.1002/sstr.202400201,,3.839,4.969620315281356,3.974141014062436,0.1415221173398627,0.1711918447396484,0.16021883996859063,1.572615051128022,False,unknown,True,True,unknown,,unknown,,yes,yes,https://doi.org/10.1002/sstr.202400201
10.1016_j.nanoen.2017.11.019__sample_41296,unknown,p,Yb1.07Zn1.90In0.10Sb2(InSb)0.07,10.1016/j.nanoen.2017.11.019,,3.094071,0.19972872736284275,0.1963123056722544,0.02927676279957748,0.8292957712440705,0.017402993046661545,2.292309006478272,False,unknown,True,True,unknown,,unknown,,yes,yes,https://doi.org/10.1016/j.nanoen.2017.11.019
10.1038_nature13184__sample_31743,unknown,p,SnSe,10.1038/nature13184,,2.617264,0.7676095246817163,0.3137429060412725,1.4559882799375774,2.649920977413767,2.1811210413631104,0.043534486972739976,False,unknown,True,True,unknown,,unknown,,yes,yes,https://doi.org/10.1038/nature13184
10.1021_jacs.6b07010__sample_2886,unknown,p,SnSe,10.1021/jacs.6b07010,,2.462241,0.6788135734896266,0.9053938023614706,1.1321493426897926,0.25495228026402067,0.2502559972035062,0.03344341756410713,False,unknown,True,True,unknown,,unknown,,yes,yes,https://doi.org/10.1021/jacs.6b07010
10.1002_adfm.201806613__sample_41585,unknown,p,Ge0.95Bi0.05Te1.025,10.1002/adfm.201806613,,2.33381,0.5756288916116479,0.7182383403401189,0.31689997601586795,0.2973380874798095,0.2885523618234494,3.710886127717312,False,unknown,True,True,unknown,,unknown,,yes,yes,https://doi.org/10.1002/adfm.201806613
10.1002_adfm.201806613__sample_41595,unknown,p,Ge0.95Bi0.05Te1.025,10.1002/adfm.201806613,,2.314523,0.19607169542555747,0.3305692656530635,0.3254270779111744,0.3873063250859093,0.4149545215460291,3.5355280493884296,False,unknown,True,True,unknown,,unknown,,yes,yes,https://doi.org/10.1002/adfm.201806613
10.1016_j.mattod.2017.11.005__sample_41016,unknown,p,Sn0.97Na0.03Se0.9S0.1,10.1016/j.mattod.2017.11.005,,2.298333,4.326452701432048,2.1605383662136237,0.5203070346202218,0.45411726034538,0.47683283376167596,1.14751203763778,False,unknown,True,True,unknown,,unknown,,yes,yes,https://doi.org/10.1016/j.mattod.2017.11.005
10.1039_c5ee01147g__sample_6054,unknown,p,Pb1Te0.8S0.2Na0.03,10.1039/c5ee01147g,,2.291022,3.34534246081223,7.596790003024584,0.9057668535075941,0.5065186755469784,0.4314496620799395,1.566208180331999,False,unknown,True,True,unknown,,unknown,,yes,yes,https://doi.org/10.1039/c5ee01147g
10.1016_j.jmat.2016.05.005__sample_2717,unknown,p,(Pb0.92Mg0.08)0.98Na0.02Te0.8Se0.2,10.1016/j.jmat.2016.05.005,,2.28777,3.049456705004687,2.170383656344734,0.35887667900549625,0.33293849687891997,0.2352095698456659,1.365549198418222,False,unknown,True,True,unknown,,unknown,,yes,yes,https://doi.org/10.1016/j.jmat.2016.05.005
10.1002_adma.201705942__sample_31973,unknown,p,Ge0.89Sb0.1In0.01Te,10.1002/adma.201705942,,2.276833,1.786887955007842,2.3232014023759406,0.3924742281961432,0.35553079134664817,0.3924742281961346,1.0878879426441823,False,unknown,True,True,unknown,,unknown,,yes,yes,https://doi.org/10.1002/adma.201705942
10.1016_j.mtphys.2021.100497__sample_45598,unknown,p,Ge0.74Al0.02Pb0.1Sb0.1Te,10.1016/j.mtphys.2021.100497,,2.22971,1.8521001123197476,2.257485731723264,0.32191149859260043,0.3148891755109723,0.3219114985925764,1.3388887647484178,False,unknown,True,True,unknown,,unknown,,yes,yes,https://doi.org/10.1016/j.mtphys.2021.100497
10.1002_aenm.201601450__sample_3198,unknown,p,PbTe0.85Se0.15Na0.02(SrTe)0.04,10.1002/aenm.201601450,,2.226909,0.5192136831800847,0.6797535579389168,0.22311508628738783,0.27100278957628204,0.23617364393884993,1.8377942113720183,False,unknown,True,True,unknown,,unknown,,yes,yes,https://doi.org/10.1002/aenm.201601450
10.1002_adfm.201806613__sample_41582,unknown,p,Ge0.95Bi0.05Te1.025,10.1002/adfm.201806613,,2.205757,2.552604786760308,2.023937885443142,0.3003467068287978,0.19496206896523227,0.2147469701107354,3.6945562962997895,False,unknown,True,True,unknown,,unknown,,yes,yes,https://doi.org/10.1002/adfm.201806613
10.1016_j.nanoen.2018.09.025__sample_43728,unknown,p,Sn0.98Pb0.01Zn0.01Se,10.1016/j.nanoen.2018.09.025,,2.205143,0.6852833329738071,2.1631623248410867,0.9984414613309561,1.4137167940557194,0.8498191884979206,0.0544258376178311,False,unknown,True,True,unknown,,unknown,,yes,yes,https://doi.org/10.1016/j.nanoen.2018.09.025
10.1016_j.joule.2020.07.021__sample_37078,unknown,p,Ge0.87Sn0.05Sb0.08Te,10.1016/j.joule.2020.07.021,,2.198108,2.197447718020858,2.357190698386603,0.10395849959547956,0.1101784498236275,0.10395849959547172,2.6281843429635514,False,unknown,True,True,unknown,,unknown,,yes,yes,https://doi.org/10.1016/j.joule.2020.07.021
10.1016_j.nanoen.2020.104740__sample_33425,unknown,p,Ge0.89Ti0.03Sb0.08Te,10.1016/j.nanoen.2020.104740,,2.185198,1.9768637486760747,2.1601225779018645,0.22023348646066632,0.2244956697650538,0.22353692882601509,1.41849689982561,False,unknown,True,True,unknown,,unknown,,yes,yes,https://doi.org/10.1016/j.nanoen.2020.104740
10.1002_adfm.201806613__sample_41584,unknown,p,Ge0.95Bi0.05Te1.025,10.1002/adfm.201806613,,2.179321,0.34941733456418667,0.4835334992235847,0.30672422526122595,0.2930561190014687,0.33443459245005447,3.680535323621135,False,unknown,True,True,unknown,,unknown,,yes,yes,https://doi.org/10.1002/adfm.201806613
10.1021_acs.chemmater.0c00113__sample_34779,unknown,p,(Sb2Te3(GeTe)17)90.57(BiI3)9.43,10.1021/acs.chemmater.0c00113,,2.160291,1.7619834181260121,2.162491635269114,0.2892296700530249,0.29184780458752246,0.28482549552986586,1.0828238612744976,False,unknown,True,True,unknown,,unknown,,yes,yes,https://doi.org/10.1021/acs.chemmater.0c00113
10.1038_ncomms13713__sample_33473,unknown,n,Sn0.94SeBi0.06,10.1038/ncomms13713,,2.156489,0.7644257186790195,2.1753525122115205,1.4176812349188488,1.4982254753555342,1.509500516430532,0.036874858708150215,False,unknown,True,True,unknown,,unknown,,yes,yes,https://doi.org/10.1038/ncomms13713
10.1016_j.mtphys.2021.100497__sample_45597,unknown,p,Ge0.745Al0.015Pb0.1Sb0.1Te,10.1016/j.mtphys.2021.100497,,2.156121,1.6525942245025231,2.141363964284315,0.4488605459787852,0.3669533687497637,0.4234420419672752,0.7788516131965698,False,unknown,True,True,unknown,,unknown,,yes,yes,https://doi.org/10.1016/j.mtphys.2021.100497
10.1021_jacs.7b11875__sample_43928,unknown,p,Sn0.95Se,10.1021/jacs.7b11875,,2.137449,0.6144786643582826,1.8986619381433056,0.49486785958611484,0.6276655978699592,0.6311601642463995,0.08219007968492222,False,unknown,True,True,unknown,,unknown,,yes,yes,https://doi.org/10.1021/jacs.7b11875
10.1007_s11664-015-4122-9__sample_17048,unknown,n,Pb18Ag2Te20,10.1007/s11664-015-4122-9,,2.124154,0.9139339172227187,1.1555387272854278,0.6474120895788766,0.6454765238107354,0.7014557072754715,0.06960335473263912,False,unknown,True,True,unknown,,unknown,,yes,yes,https://doi.org/10.1007/s11664-015-4122-9
10.1021_ja4121583__sample_6132,unknown,p,(PbTe)0.86(PbSe)0.07(PbS)0.07,10.1021/ja4121583,,2.121871,0.11370304502339858,0.2013352034615763,0.34311549629450055,0.3847737195390062,0.43525502212980766,1.8821491603298812,False,unknown,True,True,unknown,,unknown,,yes,yes,https://doi.org/10.1021/ja4121583
10.1021_acsaem.9b00057__sample_39736,unknown,p,Ge0.93Te0.07Te1.005I0.03,10.1021/acsaem.9b00057,,2.116983,0.6737312385827611,0.722199810013034,0.1880392438754519,0.12137834599417067,0.13633346758865567,2.496414474287635,False,unknown,True,True,unknown,,unknown,,yes,yes,https://doi.org/10.1021/acsaem.9b00057
10.1021_jacs.8b12450__sample_45321,unknown,p,Sn0.98Na0.02Se0.98Te0.02,10.1021/jacs.8b12450,,2.103226,5.504693080519124,2.122554703539916,0.7289067992050722,0.7218710095117106,0.728906799205055,1.1259577728743624,False,unknown,True,True,unknown,,unknown,,yes,yes,https://doi.org/10.1021/jacs.8b12450
10.1021_acs.chemmater.0c00113__sample_34770,unknown,p,Ge17Sb2Te20,10.1021/acs.chemmater.0c00113,,2.087137,1.879493189442744,2.076282711974524,0.17540013934677998,0.17433655970991527,0.17540013934677656,1.6745895391863386,False,unknown,True,True,unknown,,unknown,,yes,yes,https://doi.org/10.1021/acs.chemmater.0c00113
10.1038_ncomms13713__sample_33445,unknown,n,Sn0.94SeBi0.06,10.1038/ncomms13713,,2.085641,0.8447092586783576,2.017069628833167,0.9742209499979043,1.209528671336725,1.0242024465146626,0.0499682212473455,False,unknown,True,True,unknown,,unknown,,yes,yes,https://doi.org/10.1038/ncomms13713
10.1021_acs.chemmater.0c00113__sample_34778,unknown,p,(Sb2Te3(GeTe)17)93.54(BiI3)6.46,10.1021/acs.chemmater.0c00113,,2.07596,1.7867335058489138,2.078993304960667,0.24930306892917672,0.24278712684034773,0.24499189905560043,1.172107307542596,False,unknown,True,True,unknown,,unknown,,yes,yes,https://doi.org/10.1021/acs.chemmater.0c00113
10.1016_j.scriptamat.2020.03.018__sample_28478,unknown,p,Ge0.94Bi0.06Te(SiC)0.002,10.1016/j.scriptamat.2020.03.018,,2.070009,2.330915370440715,2.107669356249759,0.14596488358997528,0.1494852450447268,0.14596488358997112,1.620144153700911,False,unknown,True,True,unknown,,unknown,,yes,yes,https://doi.org/10.1016/j.scriptamat.2020.03.018
10.1016_j.mtphys.2021.100497__sample_45599,unknown,p,Ge0.73Al0.03Pb0.1Sb0.1Te,10.1016/j.mtphys.2021.100497,,2.069919,1.5735048539443552,1.919464834759256,0.2792804398934557,0.33726806178916385,0.2911930832950347,1.6679766006787133,False,unknown,True,True,unknown,,unknown,,yes,yes,https://doi.org/10.1016/j.mtphys.2021.100497
10.1038_ncomms13713__sample_33474,unknown,n,Sn0.94SeBi0.06,10.1038/ncomms13713,,2.06743,0.8961320404525395,2.340524030512344,1.1898022473128993,1.0926803175624773,1.4010448795092785,0.044969006644339504,False,unknown,True,True,unknown,,unknown,,yes,yes,https://doi.org/10.1038/ncomms13713
10.1021_acs.chemmater.0c00113__sample_34776,unknown,p,Sb2Te3(GeTe)17,10.1021/acs.chemmater.0c00113,,2.067099,1.81281850624988,2.0879747755917712,0.1762398959468579,0.1864833208023989,0.18623209458245482,1.6789677792684028,False,unknown,True,True,unknown,,unknown,,yes,yes,https://doi.org/10.1021/acs.chemmater.0c00113
10.1002_aenm.201601450__sample_3190,unknown,p,PbTe0.75Se0.25TeNa0.02(SrTe)0.04,10.1002/aenm.201601450,,2.064717,3.2112954216055254,1.9978826132840823,0.3675887601805603,0.33371567227790006,0.30590199492807807,1.962074294026589,False,unknown,True,True,unknown,,unknown,,yes,yes,https://doi.org/10.1002/aenm.201601450
10.1016_j.mtphys.2021.100497__sample_45592,unknown,p,Ge0.87Al0.03Sb0.1Te,10.1016/j.mtphys.2021.100497,,2.059835,1.9738012272711583,2.0737983996146503,0.18837260316724302,0.20380018355292726,0.1869591732985414,2.1145479185362697,False,unknown,True,True,unknown,,unknown,,yes,yes,https://doi.org/10.1016/j.mtphys.2021.100497
10.1016_j.mtphys.2021.100497__sample_45596,unknown,p,Ge0.75Al0.01Pb0.1Sb0.1Te,10.1016/j.mtphys.2021.100497,,2.052957,1.4069397144331828,2.1350468721826936,0.6433224485088893,0.681387217951474,0.6441479710246191,0.5369946200469419,False,unknown,True,True,unknown,,unknown,,yes,yes,https://doi.org/10.1016/j.mtphys.2021.100497
10.1016_j.nanoen.2018.09.025__sample_43730,unknown,p,Sn0.96Pb0.01Zn0.03Se,10.1016/j.nanoen.2018.09.025,,2.046429,0.7748444813453762,2.027655217936993,0.8297446908483577,0.2707361807298956,0.2641484923945531,0.07967194983291645,False,unknown,True,True,unknown,,unknown,,yes,yes,https://doi.org/10.1016/j.nanoen.2018.09.025
10.1016_j.nanoen.2019.104347__sample_36245,unknown,p,Ge0.86Cu0.06Sb0.08Te,10.1016/j.nanoen.2019.104347,,2.044085,1.2290989979758287,2.0416788583474936,0.2365088715906723,0.3490218592238638,0.3417918876271289,1.5860559149924376,False,unknown,True,True,unknown,,unknown,,yes,yes,https://doi.org/10.1016/j.nanoen.2019.104347
10.1002_adma.201705942__sample_31974,unknown,p,Ge 0.888Sb0.1In0.012Te,10.1002/adma.201705942,,2.042229,1.5596266671529255,2.4068645028886566,0.4039390844232986,0.31482190590036696,0.4039390844232713,0.8805593475949124,False,unknown,True,True,unknown,,unknown,,yes,yes,https://doi.org/10.1002/adma.201705942
10.1021_acsaem.9b00057__sample_39734,unknown,p,Ge0.93Te0.07Te1.025I0.01,10.1021/acsaem.9b00057,,2.039786,1.8636675702521186,1.7392974816398843,0.33819786817113195,0.37319976187149523,0.2146695731403713,2.4097291598437844,False,unknown,True,True,unknown,,unknown,,yes,yes,https://doi.org/10.1021/acsaem.9b00057
10.1021_acsaem.9b00057__sample_39735,unknown,p,Ge0.93Te0.07Te1.015I0.02,10.1021/acsaem.9b00057,,2.036817,1.230443131997919,1.3556295652413062,0.2366546906579764,0.14139848570837324,0.17628179157803403,2.408380462673344,False,unknown,True,True,unknown,,unknown,,yes,yes,https://doi.org/10.1021/acsaem.9b00057
10.1039_c5ee01147g__sample_6053,unknown,p,Pb1Te0.9S0.1Na0.03,10.1039/c5ee01147g,,2.035604,2.1133057660305563,3.8200592412263648,0.5701520489744005,0.502255453230434,0.37437593627270527,1.652013260958042,False,unknown,True,True,unknown,,unknown,,yes,yes,https://doi.org/10.1039/c5ee01147g
10.1002_adfm.201806613__sample_41580,unknown,p,Ge0.95Bi0.05Te1.025,10.1002/adfm.201806613,,2.002366,3.154788574442252,1.856572336107468,0.2371627996601705,0.25091116702225646,0.27320569731355715,3.8532813953384366,False,unknown,True,True,unknown,,unknown,,yes,yes,https://doi.org/10.1002/adfm.201806613
10.1021_acsaem.9b00057__sample_39739,unknown,p,Ge0.95Bi0.05Te1.025,10.1021/acsaem.9b00057,,1.999605,1.0726336045658325,1.0457725299788905,0.3481592031444171,0.09926557924681334,0.19179827825952064,3.827376900502846,False,unknown,True,True,unknown,,unknown,,yes,yes,https://doi.org/10.1021/acsaem.9b00057
10.1039_d0ta02758h__sample_38446,unknown,p,Ge0.816Pb0.144Bi0.08Te1.08,10.1039/d0ta02758h,,1.99925,1.820289422437877,1.983310977129931,0.17002455471694483,0.13392523963135863,0.1700245547169315,1.2469308444016434,False,unknown,True,True,unknown,,unknown,,yes,yes,https://doi.org/10.1039/d0ta02758h
10.1016_j.scriptamat.2019.09.009__sample_35188,unknown,p,Cu2Se,10.1016/j.scriptamat.2019.09.009,,1.997573,2.3748485954315965,1.979470734067005,0.1981268843325251,0.21154518628277785,0.19564660447862336,0.7149028476519316,False,unknown,True,True,unknown,,unknown,,yes,yes,https://doi.org/10.1016/j.scriptamat.2019.09.009
10.1002_adma.201705942__sample_31972,unknown,p,Ge0.893Sb0.1In0.007Te,10.1002/adma.201705942,,1.989443,1.7335870773932274,2.004517740307434,0.22232463252927886,0.2114355597032625,0.2223246325292689,1.1313172971486536,False,unknown,True,True,unknown,,unknown,,yes,yes,https://doi.org/10.1002/adma.201705942
10.1002_adfm.201806613__sample_41572,unknown,p,Ge0.95Bi0.05Te1.025,10.1002/adfm.201806613,,1.987618,3.4020651885855164,1.9498680637078003,0.3035506362185035,0.25871731539846893,0.25308249027779517,3.8192027832077846,False,unknown,True,True,unknown,,unknown,,yes,yes,https://doi.org/10.1002/adfm.201806613
10.1021_acsami.1c12282__sample_45839,unknown,p,Al0.0075Sb0.1Ge0.8925Te,10.1021/acsami.1c12282,,1.986617,1.7133689423095575,2.077037975795474,0.19532357544113788,0.17099929874979428,0.19532357544113244,1.4259146014359732,False,unknown,True,True,unknown,,unknown,,yes,yes,https://doi.org/10.1021/acsami.1c12282
10.1016_j.jmat.2016.05.005__sample_2713,unknown,p,(Pb0.98Mg0.02)0.98Na0.02Te0.8Se0.2,10.1016/j.jmat.2016.05.005,,1.985612,3.1192092614246976,1.8754745777806967,0.42573662178766597,0.18819910596895445,0.35966494527696463,1.222418969209612,False,unknown,True,True,unknown,,unknown,,yes,yes,https://doi.org/10.1016/j.jmat.2016.05.005
10.1002_adma.202102575__sample_46219,unknown,p,Ge0.88Ta0.02Sb0.10Te,10.1002/adma.202102575,,1.984355,1.6444482007584342,2.0039953836026165,0.13136324971788077,0.16240477541737103,0.13066068951286466,1.9784182434246194,False,unknown,True,True,unknown,,unknown,,yes,yes,https://doi.org/10.1002/adma.202102575
10.1002_aenm.201601450__sample_3193,unknown,p,PbTeNa0.02(SrTe)0.04,10.1002/aenm.201601450,,1.98222,1.0326620857158901,0.8728742511201394,0.19735967368820062,0.19027015056835478,0.21407988575554038,1.7894538862063873,False,unknown,True,True,unknown,,unknown,,yes,yes,https://doi.org/10.1002/aenm.201601450
10.1002_adma.202102575__sample_46218,unknown,p,Ge0.90Ta0.02Sb0.08Te,10.1002/adma.202102575,,1.97914,1.9240249930780835,1.9670953770595856,0.06727709002907653,0.0675355162862843,0.06727709002906368,1.7996362195695712,False,unknown,True,True,unknown,,unknown,,yes,yes,https://doi.org/10.1002/adma.202102575
10.1002_adfm.201806613__sample_41581,unknown,p,Ge0.95Bi0.05Te1.025,10.1002/adfm.201806613,,1.974289,0.16012143050839575,0.2615323299868919,0.24422938969064673,0.4113020377091437,0.3877566474614397,3.447998410163899,False,unknown,True,True,unknown,,unknown,,yes,yes,https://doi.org/10.1002/adfm.201806613
10.1039_c8ta12210e__sample_39742,unknown,p,(Cu2Se)99.74(SiC)0.26,10.1039/c8ta12210e,,1.968501,1.878077565573054,1.9323313134364517,0.2164185132600353,0.20360086754212767,0.21641851325996367,3.232106962854757,False,unknown,True,True,unknown,,unknown,,yes,yes,https://doi.org/10.1039/c8ta12210e
10.1016_j.scriptamat.2019.09.009__sample_35189,unknown,p,Cu2Se,10.1016/j.scriptamat.2019.09.009,,1.963592,2.1317482157251497,1.943869253789703,0.19239553614618232,0.19446023347323715,0.1935362647409888,0.6587190870304243,False,unknown,True,True,unknown,,unknown,,yes,yes,https://doi.org/10.1016/j.scriptamat.2019.09.009
10.1021_acsami.1c12282__sample_45840,unknown,p,Al0.01Sb0.1Ge0.89Te,10.1021/acsami.1c12282,,1.961611,1.7966942385985039,2.141704682008004,0.21975180010764114,0.2823526861099285,0.21975180010762557,1.364035743114201,False,unknown,True,True,unknown,,unknown,,yes,yes,https://doi.org/10.1021/acsami.1c12282
10.1016_j.nanoen.2020.104740__sample_33424,unknown,p,Ge0.91Ti0.03Sb0.06Te,10.1016/j.nanoen.2020.104740,,1.958661,2.1282618007314276,1.9262653517720565,0.04702155889456069,0.10801481853655959,0.05172034894197156,2.037747832872399,False,unknown,True,True,unknown,,unknown,,yes,yes,https://doi.org/10.1016/j.nanoen.2020.104740
10.1016_j.scriptamat.2020.03.018__sample_28477,unknown,p,Ge0.94Bi0.06Te(SiC)0.001,10.1016/j.scriptamat.2020.03.018,,1.952275,2.2633553128327777,2.0048201182563807,0.13743125113535531,0.13987218299473894,0.1374312511353642,1.6733839016936132,False,unknown,True,True,unknown,,unknown,,yes,yes,https://doi.org/10.1016/j.scriptamat.2020.03.018
10.1039_d0ta02758h__sample_38445,unknown,p,Ge0.8736Pb0.0864Bi0.08Te1.08,10.1039/d0ta02758h,,1.951407,1.8841378696359987,1.949780608189132,0.12506750461303925,0.10273630035554399,0.11139644431199791,1.6242098530813371,False,unknown,True,True,unknown,,unknown,,yes,yes,https://doi.org/10.1039/d0ta02758h
10.1021_acs.chemmater.0c00113__sample_34780,unknown,p,(Sb2Te3(GeTe)17)87.76(BiI3)12.24,10.1021/acs.chemmater.0c00113,,1.945652,1.5689343290248217,1.9860585842091707,0.35832585011674684,0.36517579223752283,0.3583258501167329,0.8819774191148937,False,unknown,True,True,unknown,,unknown,,yes,yes,https://doi.org/10.1021/acs.chemmater.0c00113
10.1016_j.mtphys.2021.100444__sample_45587,unknown,p,(Ge0.9Sb0.1Te)0.985(FeTe2)0.015,10.1016/j.mtphys.2021.100444,,1.928685,1.7942304726698375,1.903948050434088,0.14434611945961748,0.13370037790080158,0.1463421772019992,1.8507924190825877,False,unknown,True,True,unknown,,unknown,,yes,yes,https://doi.org/10.1016/j.mtphys.2021.100444
10.1021_ja504896a__sample_8720,unknown,p,(Ge0.87Pb0.13Te)99.97(Bi2Te3)0.03,10.1021/ja504896a,,1.928487,2.5845726971550516,2.078392562488854,0.19713581743507386,0.2316351975023664,0.18395128217317383,1.8039743497974574,False,unknown,True,True,unknown,,unknown,,yes,yes,https://doi.org/10.1021/ja504896a
10.1016_j.nanoen.2018.09.025__sample_43729,unknown,p,Sn0.97Pb0.01Zn0.02Se,10.1016/j.nanoen.2018.09.025,,1.921429,0.46913634724835984,1.832502879027999,1.5478528865115055,0.6727275467664744,0.9038880237932102,0.04815681834494591,False,unknown,True,True,unknown,,unknown,,yes,yes,https://doi.org/10.1016/j.nanoen.2018.09.025
10.1021_jacs.7b11875__sample_43929,unknown,p,Sn0.925Se,10.1021/jacs.7b11875,,1.918817,0.6296535455360153,1.9502729117030888,0.4257460854038845,0.431534850022864,0.43229611427693815,0.07485092349483356,False,unknown,True,True,unknown,,unknown,,yes,yes,https://doi.org/10.1021/jacs.7b11875
10.1016_j.jallcom.2019.07.120__sample_39413,unknown,p,Ge0.93Bi0.07Te,10.1016/j.jallcom.2019.07.120,,1.918441,2.5690610139815404,1.891167114930396,0.2188515744232437,0.17838626772551103,0.18973459192313868,2.0250577510369294,False,unknown,True,True,unknown,,unknown,,yes,yes,https://doi.org/10.1016/j.jallcom.2019.07.120
10.1021_acs.chemmater.0c00113__sample_34767,unknown,p,Ge17.4Sb2Te20,10.1021/acs.chemmater.0c00113,,1.917012,1.7803370913285321,1.893190677727402,0.15514216816864934,0.16121712054681703,0.15514216816864285,1.526228995743955,False,unknown,True,True,unknown,,unknown,,yes,yes,https://doi.org/10.1021/acs.chemmater.0c00113
10.1016_j.mtphys.2021.100444__sample_45586,unknown,p,(Ge0.9Sb0.1Te)0.99(FeTe2)0.01,10.1016/j.mtphys.2021.100444,,1.916967,1.9742906384505754,2.0002292864197555,0.15707062959411383,0.18757086124232014,0.15792944716191534,1.6699422116273113,False,unknown,True,True,unknown,,unknown,,yes,yes,https://doi.org/10.1016/j.mtphys.2021.100444
10.1021_acs.chemmater.0c00113__sample_34756,unknown,p,Ge18Sb2Te20,10.1021/acs.chemmater.0c00113,,1.912863,1.9320122371988375,1.8534365508317787,0.11216089763453731,0.1138812360883206,0.112160897634534,1.6272157008282344,False,unknown,True,True,unknown,,unknown,,yes,yes,https://doi.org/10.1021/acs.chemmater.0c00113
10.1021_acs.chemmater.0c00113__sample_34777,unknown,p,(Sb2Te3(GeTe)17)96.68(BiI3)3.32,10.1021/acs.chemmater.0c00113,,1.903483,1.577199370919902,1.908882434723659,0.1749205602778708,0.18525178183903573,0.18329786589268315,1.4630059141987481,False,unknown,True,True,unknown,,unknown,,yes,yes,https://doi.org/10.1021/acs.chemmater.0c00113
10.1021_acs.chemmater.0c00113__sample_34758,unknown,p,Ge17.6Sb2Te20,10.1021/acs.chemmater.0c00113,,1.896266,1.8660118983520368,1.8850184788995128,0.13724568737474566,0.1489733231090646,0.1372456873747393,1.564406984979926,False,unknown,True,True,unknown,,unknown,,yes,yes,https://doi.org/10.1021/acs.chemmater.0c00113
10.1039_c9tc03410b__sample_39812,unknown,p,(CoGe2)0.2(GeTe)17Sb2Te3,10.1039/c9tc03410b,,1.895911,1.9066976100961057,1.8883970737968891,0.15439513912624578,0.1573980614777305,0.15439513912623437,1.506419381547831,False,unknown,True,True,unknown,,unknown,,yes,yes,https://doi.org/10.1039/c9tc03410b
10.1039_c5ta01667c__sample_7224,unknown,p,Cu1.97S,10.1039/c5ta01667c,,1.89418,0.17331183335999645,0.2107504195074948,0.432232578830367,0.8817679745023771,0.16849211483463858,0.052961866880565575,False,unknown,False,False,unknown,,unknown,,yes,yes,https://doi.org/10.1039/c5ta01667c
10.1039_d0ta02758h__sample_38443,unknown,p,Ge0.8448Pb0.1152Bi0.08Te1.08,10.1039/d0ta02758h,,1.891705,1.5668319139089966,1.903283777208552,0.1365121090039301,0.16618405840178774,0.1617366344111283,1.381332457056157,False,unknown,True,True,unknown,,unknown,,yes,yes,https://doi.org/10.1039/d0ta02758h
10.1016_j.joule.2020.07.021__sample_37079,unknown,p,Ge0.85Sn0.05Sb0.1Te,10.1016/j.joule.2020.07.021,,1.890416,1.1969934683830161,1.5488149937160445,0.12813020476507261,0.1984679952061722,0.22715529405413953,2.2725253608987015,False,unknown,True,True,unknown,,unknown,,yes,yes,https://doi.org/10.1016/j.joule.2020.07.021
10.1021_jacs.5b07856__sample_9486,unknown,p,(CoGe2)0.2(GeTe)17Sb2Te3,10.1021/jacs.5b07856,,1.889031,1.9743612954326237,1.8827770577086045,0.13096591439003005,0.1497565640198041,0.15029343652608604,1.5764250201080015,False,unknown,True,True,unknown,,unknown,,yes,yes,https://doi.org/10.1021/jacs.5b07856
10.1021_acs.chemmater.0c00113__sample_34768,unknown,p,Ge17.2Sb2Te20,10.1021/acs.chemmater.0c00113,,1.879668,1.7495024731365045,1.870792147736156,0.15238177428540764,0.15222126579269774,0.15238177428540475,1.5854294134404587,False,unknown,True,True,unknown,,unknown,,yes,yes,https://doi.org/10.1021/acs.chemmater.0c00113
10.1021_jacs.5b07856__sample_9487,unknown,p,(CoGe2)0.2(GeTe)17Sb2Te3,10.1021/jacs.5b07856,,1.872164,1.9002950656116668,1.8649603075684609,0.20617782650553884,0.2063979919336859,0.2061778265055297,1.6239600899330426,False,unknown,True,True,unknown,,unknown,,yes,yes,https://doi.org/10.1021/jacs.5b07856
10.1039_c9tc03410b__sample_39813,unknown,p,(CoGe2)0.2(GeTe)17Sb2Te3,10.1039/c9tc03410b,,1.870586,1.857149804870677,1.8735804793474484,0.22407010250222442,0.22124635808203488,0.22407010250221623,1.6031818902107535,False,unknown,True,True,unknown,,unknown,,yes,yes,https://doi.org/10.1039/c9tc03410b
10.1039_d0ta02758h__sample_38442,unknown,p,Ge0.9024Pb0.0576Bi0.08Te1.08,10.1039/d0ta02758h,,1.867008,2.140372713278721,1.87952410865404,0.1304057862098614,0.13308796959631822,0.13040578620986068,1.9179126807213578,False,unknown,True,True,unknown,,unknown,,yes,yes,https://doi.org/10.1039/d0ta02758h
10.1126_science.aaa4166__sample_42662,unknown,p,Bi0.5Sb1.5Te3,10.1126/science.aaa4166,,1.861821,1.6314438478596256,1.616876301894259,0.07956796690641889,0.10730069361496096,0.0795679669063771,1.0467567187437052,False,unknown,True,True,unknown,,unknown,,yes,yes,https://doi.org/10.1126/science.aaa4166
10.1021_acsaem.9b00057__sample_39731,unknown,p,Ge0.93Te0.07Te1.015I0.02,10.1021/acsaem.9b00057,,1.852883,1.5013529669339376,1.4981528342960269,0.2520533949473011,0.13651131967944033,0.12676619580843307,2.572136837898537,False,unknown,True,True,unknown,,unknown,,yes,yes,https://doi.org/10.1021/acsaem.9b00057
10.1021_acs.chemmater.5b03434__sample_9802,unknown,p,Ge0.90Sb0.10Te,10.1021/acs.chemmater.5b03434,,1.850933,2.159084370989972,1.8643379115739165,0.057318811174184796,0.04702127566333687,0.041190958310695705,2.3760916934164626,False,unknown,True,True,unknown,,unknown,,yes,yes,https://doi.org/10.1021/acs.chemmater.5b03434
10.1016_j.mtphys.2021.100497__sample_45591,unknown,p,Ge0.88Al0.02Sb0.1Te,10.1016/j.mtphys.2021.100497,,1.84663,1.8938734815880467,1.8897921563249789,0.14454646947005217,0.14521752650361455,0.14454646947004163,1.6709107603825952,False,unknown,True,True,unknown,,unknown,,yes,yes,https://doi.org/10.1016/j.mtphys.2021.100497
10.1016_j.scriptamat.2020.03.018__sample_28480,unknown,p,Ge0.94Bi0.06Te(SiC)0.006,10.1016/j.scriptamat.2020.03.018,,1.84629,2.142110381577591,1.9264994584689168,0.11859852085370316,0.1289178902950782,0.1185985208536974,1.4690487607763858,False,unknown,True,True,unknown,,unknown,,yes,yes,https://doi.org/10.1016/j.scriptamat.2020.03.018
10.1039_c9tc03410b__sample_39823,unknown,p,(CoGe2)0.22(GeTe)19Sb2Te3,10.1039/c9tc03410b,,1.844706,1.9877363450085868,1.8426782898307843,0.10030998612239303,0.08428624310642398,0.09415768552819453,1.7705733711826424,False,unknown,True,True,unknown,,unknown,,yes,yes,https://doi.org/10.1039/c9tc03410b
10.1016_j.nanoen.2020.104832__sample_33394,unknown,p,Sn0.95Ca0.06In0.02Te(Cu2Te)0.05,10.1016/j.nanoen.2020.104832,,1.843293,1.4595184468407767,1.0186736289426164,0.20933469695020002,0.16716943769786452,0.20354967934769577,4.32957773546238,False,unknown,True,True,unknown,,unknown,,yes,yes,https://doi.org/10.1016/j.nanoen.2020.104832
10.1016_j.scriptamat.2020.03.018__sample_28481,unknown,p,Ge0.94Bi0.06Te(SiC)0.008,10.1016/j.scriptamat.2020.03.018,,1.828899,2.04947772134756,1.9011499410041437,0.11410406233563623,0.11859247161526312,0.11410406233563805,1.4893599046445194,False,unknown,True,True,unknown,,unknown,,yes,yes,https://doi.org/10.1016/j.scriptamat.2020.03.018
10.1039_c9tc03410b__sample_39824,unknown,p,(CoGe2)0.22(GeTe)19Sb2Te3,10.1039/c9tc03410b,,1.828634,1.9371290404381278,1.8384862776348745,0.15744053742319467,0.1565561771808522,0.15744053742318864,1.9146588042559372,False,unknown,True,True,unknown,,unknown,,yes,yes,https://doi.org/10.1039/c9tc03410b
10.1016_j.mtphys.2021.100444__sample_45588,unknown,p,(Ge0.9Sb0.1Te)0.98(FeTe2)0.02,10.1016/j.mtphys.2021.100444,,1.826325,1.6282647710276825,1.8141146012740597,0.13452055107121996,0.1431581472522749,0.12720528362534808,2.0715679066390043,False,unknown,True,True,unknown,,unknown,,yes,yes,https://doi.org/10.1016/j.mtphys.2021.100444
10.1016_j.mtphys.2021.100497__sample_45595,unknown,p,Ge0.76Pb0.1Sb0.1Te,10.1016/j.mtphys.2021.100497,,1.825997,1.5673773857808042,1.899375762912152,0.4632109307097966,0.46873416404433893,0.4544770964242821,0.4784705929451639,False,unknown,True,True,unknown,,unknown,,yes,yes,https://doi.org/10.1016/j.mtphys.2021.100497
10.1016_j.jallcom.2019.07.120__sample_39345,unknown,p,Ge0.97Bi0.03Te,10.1016/j.jallcom.2019.07.120,,1.825665,3.1118994438635053,1.8149421158341503,0.3338560930524347,0.45046728563149224,0.624689510511851,4.680719496455004,False,unknown,True,True,unknown,,unknown,,yes,yes,https://doi.org/10.1016/j.jallcom.2019.07.120
10.1002_aenm.201601450__sample_3187,unknown,p,PbTeNa0.02(SrTe)0.04,10.1002/aenm.201601450,,1.823886,3.0491196262768496,2.041020150709405,0.3407293530401633,0.1579948296722586,0.3407293530401386,2.0402740301061724,False,unknown,True,True,unknown,,unknown,,yes,yes,https://doi.org/10.1002/aenm.201601450
10.1007_s11664-014-3507-5__sample_14354,unknown,p,In0.1Ge0.9Te,10.1007/s11664-014-3507-5,,1.822857,0.9871869847409536,1.1113670099043529,0.16985777073861566,0.45843969947124014,0.11173628878374442,2.0206455239151615,False,unknown,True,True,unknown,,unknown,,yes,yes,https://doi.org/10.1007/s11664-014-3507-5
10.1016_j.nanoen.2015.07.012__sample_14067,unknown,p,Cu2Se,10.1016/j.nanoen.2015.07.012,,1.822264,3.5572309907434425,1.9175615389338163,0.34125203418056455,0.3542926318643129,0.3412520341805423,0.8170469606602809,False,unknown,True,True,unknown,,unknown,,yes,yes,https://doi.org/10.1016/j.nanoen.2015.07.012
10.1016_j.mtphys.2021.100497__sample_45590,unknown,p,Ge0.89Al0.01Sb0.1Te,10.1016/j.mtphys.2021.100497,,1.81912,1.4523007361448117,1.8117834557154529,0.19787382053016694,0.19708843219380462,0.19787382053014976,1.5212459107849272,False,unknown,True,True,unknown,,unknown,,yes,yes,https://doi.org/10.1016/j.mtphys.2021.100497
10.1016_j.actamat.2016.04.050__sample_14481,unknown,p,Cu2Se,10.1016/j.actamat.2016.04.050,,1.816435,3.5233223703137058,1.889164603821867,0.3465435398115225,0.3472461795056543,0.33230611151661177,0.7978879041842661,False,unknown,True,True,unknown,,unknown,,yes,yes,https://doi.org/10.1016/j.actamat.2016.04.050
10.1016_j.jallcom.2019.07.120__sample_39347,unknown,p,Ge0.93Bi0.07Te,10.1016/j.jallcom.2019.07.120,,1.815133,2.498783040456067,1.8615109401387828,0.21580515363026792,0.23186010783258815,0.24132916802825632,2.005402484173661,False,unknown,True,True,unknown,,unknown,,yes,yes,https://doi.org/10.1016/j.jallcom.2019.07.120
10.1039_d0ta02758h__sample_38441,unknown,p,Ge0.96Bi0.08Te1.08,10.1039/d0ta02758h,,1.814374,2.2041649483481405,1.8522803066715767,0.10623395586381124,0.10918388413204409,0.10623395586381,2.4987772303859943,False,unknown,True,True,unknown,,unknown,,yes,yes,https://doi.org/10.1039/d0ta02758h
10.1016_j.scriptamat.2020.03.018__sample_28474,unknown,p,Ge0.94Bi0.06Te,10.1016/j.scriptamat.2020.03.018,,1.810529,2.2603656650739894,1.81785571507727,0.18728675028117212,0.18041672352017066,0.1813573783945008,1.9007431038994007,False,unknown,True,True,unknown,,unknown,,yes,yes,https://doi.org/10.1016/j.scriptamat.2020.03.018
10.1016_j.mtphys.2021.100444__sample_45585,unknown,p,(Ge0.9Sb0.1Te)0.995(FeTe2)0.005,10.1016/j.mtphys.2021.100444,,1.801592,1.387183482555912,1.7423958318713129,0.14269274061411183,0.19816317037511735,0.15803721456589237,1.5503921448326041,False,unknown,True,True,unknown,,unknown,,yes,yes,https://doi.org/10.1016/j.mtphys.2021.100444
10.1021_jacs.8b12450__sample_45320,unknown,p,Sn0.98Na0.02Se0.985Te0.015,10.1021/jacs.8b12450,,1.800587,4.72182803109198,1.8537862615598524,0.6250622204236653,0.6398238520492114,0.6250622204236529,0.9200901317948826,False,unknown,True,True,unknown,,unknown,,yes,yes,https://doi.org/10.1021/jacs.8b12450
10.1016_j.nanoen.2019.104347__sample_36246,unknown,p,Ge0.84Cu0.06Sb0.10Te,10.1016/j.nanoen.2019.104347,,1.800392,1.1150870681452754,1.7816624228544762,0.4464535339876697,0.3805706687725927,0.44645353398765003,1.127748292912383,False,unknown,True,True,unknown,,unknown,,yes,yes,https://doi.org/10.1016/j.nanoen.2019.104347
10.1021_jacs.8b10448__sample_45160,unknown,n,(PbSe0.998Br0.002)97.24(Cu2Se)2.76,10.1021/jacs.8b10448,,1.798883,7.7771272380906895,1.7835121551582092,0.8549223983098999,0.839541270549565,0.8549223983098901,1.5129191819654806,False,unknown,True,True,unknown,,unknown,,yes,yes,https://doi.org/10.1021/jacs.8b10448
10.1016_j.mtphys.2021.100444__sample_45584,unknown,p,Ge0.9Sb0.1Te,10.1016/j.mtphys.2021.100444,,1.792042,1.6106151382121345,1.8098876452789168,0.18642811093352354,0.19351309188298804,0.20095389628845461,1.439526730646644,False,unknown,True,True,unknown,,unknown,,yes,yes,https://doi.org/10.1016/j.mtphys.2021.100444
10.1002_adma.201705942__sample_31971,unknown,p,Ge0.895Sb0.1In0.005Te,10.1002/adma.201705942,,1.790029,1.5642273922196772,1.8367600511678652,0.21899173666507163,0.1906306932635084,0.21899173666506896,1.2773304755860555,False,unknown,True,True,unknown,,unknown,,yes,yes,https://doi.org/10.1002/adma.201705942
10.1021_acsami.1c12282__sample_45838,unknown,p,Al0.005Sb0.1Ge0.895Te,10.1021/acsami.1c12282,,1.788779,1.4307129728459604,1.7593480239975354,0.2015204310841167,0.21410234936192643,0.24138962234450953,1.4858617779556962,False,unknown,True,True,unknown,,unknown,,yes,yes,https://doi.org/10.1021/acsami.1c12282
10.1021_acs.chemmater.7b04023__sample_31993,unknown,p,Ge0.90Sb0.10Te,10.1021/acs.chemmater.7b04023,,1.78566,1.7717421755270673,1.7167421416667572,0.03340305009330112,0.007794218649089284,0.03340305009330513,2.3136325388197423,False,unknown,True,True,unknown,,unknown,,yes,yes,https://doi.org/10.1021/acs.chemmater.7b04023
10.1039_d0ta02758h__sample_38444,unknown,p,Ge0.9312Pb0.0288Bi0.08Te1.08,10.1039/d0ta02758h,,1.785166,1.8796892045408442,1.7894412124739638,0.09515222835083002,0.0948447448272692,0.09515222835081548,2.4867300372330745,False,unknown,True,True,unknown,,unknown,,yes,yes,https://doi.org/10.1039/d0ta02758h
10.1016_j.jallcom.2019.07.120__sample_39346,unknown,p,Ge0.95Bi0.05Te,10.1016/j.jallcom.2019.07.120,,1.780928,2.5586882785429013,1.7878635952686026,0.28173427108593585,0.4137698653858196,0.4489751957070665,3.2196552929042204,False,unknown,True,True,unknown,,unknown,,yes,yes,https://doi.org/10.1016/j.jallcom.2019.07.120
10.1016_j.jmat.2016.05.005__sample_2715,unknown,p,(Pb0.96Mg0.04)0.98Na0.02Te0.8Se0.2,10.1016/j.jmat.2016.05.005,,1.769784,2.8597944406740097,1.7237727947195771,0.38124270908368524,0.6159002684361535,0.6681582414851492,1.1691016281718951,False,unknown,True,True,unknown,,unknown,,yes,yes,https://doi.org/10.1016/j.jmat.2016.05.005
10.1016_j.scriptamat.2019.09.009__sample_35187,unknown,p,Cu2Se,10.1016/j.scriptamat.2019.09.009,,1.764563,2.101478425241965,1.5839648484795683,0.18559137247728044,0.21648969561236953,0.18744967552303407,0.6927797581367817,False,unknown,True,True,unknown,,unknown,,yes,yes,https://doi.org/10.1016/j.scriptamat.2019.09.009
10.1039_c9tc03410b__sample_39826,unknown,p,(GeTe)19Sb2Te3,10.1039/c9tc03410b,,1.763789,1.567682685209406,1.858759382510888,0.22505012648546494,0.22120797986557056,0.22505012648545744,1.550521966038757,False,unknown,True,True,unknown,,unknown,,yes,yes,https://doi.org/10.1039/c9tc03410b
10.1039_c9tc03410b__sample_39825,unknown,p,(GeTe)19Sb2Te3,10.1039/c9tc03410b,,1.76,2.164314105812481,2.3285588581187864,0.15744053742320038,0.33417765200395033,0.15616746772045853,1.9146588042559372,False,unknown,True,True,unknown,,unknown,,yes,yes,https://doi.org/10.1039/c9tc03410b
10.1016_j.jallcom.2019.07.120__sample_39414,unknown,p,Ge0.93Bi0.07Te,10.1016/j.jallcom.2019.07.120,,1.759419,1.4670378633888206,1.0834591941472191,0.2896574849732623,0.2873396767796165,0.2846503254144074,2.2515295355550813,False,unknown,True,True,unknown,,unknown,,yes,yes,https://doi.org/10.1016/j.jallcom.2019.07.120
10.1021_acs.chemmater.7b04023__sample_31998,unknown,p,Ge0.85Bi0.05Sb0.10Te,10.1021/acs.chemmater.7b04023,,1.758491,1.4503022938196657,1.7065864455985131,0.2223482318720298,0.21759444087861854,0.18950283423349473,1.7391562811768955,False,unknown,True,True,unknown,,unknown,,yes,yes,https://doi.org/10.1021/acs.chemmater.7b04023
10.1039_c9ee03087e__sample_35658,unknown,p,Ge0.89Cd0.03Sb0.08Te,10.1039/c9ee03087e,,1.756531,1.867844305173344,1.763769628403076,0.05290526171089196,0.05401645651136924,0.05290526171089272,1.916176034570599,False,unknown,True,True,unknown,,unknown,,yes,yes,https://doi.org/10.1039/c9ee03087e
10.1039_c9tc03410b__sample_39807,unknown,p,(GeTe)12Sb2Te3,10.1039/c9tc03410b,,1.755638,1.3717798279761109,1.811640871407892,0.44800042967081594,0.4434114544351698,0.44800042967078496,0.8871240908967412,False,unknown,True,True,unknown,,unknown,,yes,yes,https://doi.org/10.1039/c9tc03410b
10.1039_c9tc03410b__sample_39808,unknown,p,(CoGe2)0.15(GeTe)12Sb2Te3,10.1039/c9tc03410b,,1.752967,1.1255334614605323,1.7641781524632036,0.47338450244174246,0.47888131051846766,0.4748950241964335,0.738377139306735,False,unknown,True,True,unknown,,unknown,,yes,yes,https://doi.org/10.1039/c9tc03410b
10.1016_j.mtphys.2021.100497__sample_45589,unknown,p,Ge0.9Sb0.1Te,10.1016/j.mtphys.2021.100497,,1.746905,1.5902346471833972,1.7378535092895593,0.19211132731282526,0.1837022892176772,0.1944129218867014,1.4352008747312843,False,unknown,True,True,unknown,,unknown,,yes,yes,https://doi.org/10.1016/j.mtphys.2021.100497
10.1039_c9tc03410b__sample_39806,unknown,p,(GeTe)12Sb2Te3,10.1039/c9tc03410b,,1.745595,1.2913625026325075,1.7236936242710943,0.3901935246673506,0.3979190258767672,0.38784652939912,0.8296505611587103,False,unknown,True,True,unknown,,unknown,,yes,yes,https://doi.org/10.1039/c9tc03410b
10.1038_nature23667__sample_31358,unknown,n,Ba0.3In0.3Co4.03Sb12,10.1038/nature23667,,1.745313,2.0109686192549105,1.7534487764120747,0.07747737350057125,0.07890972126675788,0.07747737350056706,2.5355078051177102,False,unknown,True,True,unknown,,unknown,,yes,yes,https://doi.org/10.1038/nature23667
10.1039_c9tc03410b__sample_39817,unknown,p,(GeTe)17Sb2Te3,10.1039/c9tc03410b,,1.737299,1.4352903691601155,1.786459081697932,0.29789289903881633,0.29384998137259477,0.29423737421915597,1.1487146606356253,False,unknown,True,True,unknown,,unknown,,yes,yes,https://doi.org/10.1039/c9tc03410b
10.1039_c9tc03410b__sample_39827,unknown,p,(CoGe2)0.22(GeTe)19Sb2Te3,10.1039/c9tc03410b,,1.736471,1.5055442424360066,1.763343545719379,0.20387001246254166,0.20891355126054298,0.2078796076945254,1.391164429541643,False,unknown,True,True,unknown,,unknown,,yes,yes,https://doi.org/10.1039/c9tc03410b
10.1016_j.scriptamat.2020.03.018__sample_28476,unknown,p,Ge0.94Bi0.06Te,10.1016/j.scriptamat.2020.03.018,,1.734151,2.326538282261284,1.7810148708290727,0.17903984755062863,0.19290427008674307,0.18478069932098154,1.9205860502845116,False,unknown,True,True,unknown,,unknown,,yes,yes,https://doi.org/10.1016/j.scriptamat.2020.03.018
10.1002_adfm.201806613__sample_41571,unknown,p,Ge0.97Bi0.03Te1.015,10.1002/adfm.201806613,,1.732102,0.5731696280166164,0.5569760894867827,0.3026509587155167,0.16252596362409905,0.2105542427938497,5.874836815704123,False,unknown,True,True,unknown,,unknown,,yes,yes,https://doi.org/10.1002/adfm.201806613
10.1021_acsaem.9b00057__sample_39738,unknown,p,Ge0.97Bi0.03Te1.015,10.1021/acsaem.9b00057,,1.728111,0.7672298355113123,0.7467669132169898,0.3212538053084238,0.034847135126698056,0.12896170705400695,5.787923731937339,False,unknown,True,True,unknown,,unknown,,yes,yes,https://doi.org/10.1021/acsaem.9b00057
10.1039_c9tc03410b__sample_39820,unknown,p,(CoGe2)0.2(GeTe)17Sb2Te3,10.1039/c9tc03410b,,1.727203,1.404535119490976,1.7379503151082292,0.365521396599831,0.3336725406433031,0.3655213965998129,1.2510771988938847,False,unknown,True,True,unknown,,unknown,,yes,yes,https://doi.org/10.1039/c9tc03410b
10.1039_c9tc03410b__sample_39828,unknown,p,(CoGe2)0.22(GeTe)19Sb2Te3,10.1039/c9tc03410b,,1.726559,1.5753534757215337,1.7969126369158237,0.22397683089039075,0.21832612008439992,0.2239768308903808,1.5022157006092571,False,unknown,True,True,unknown,,unknown,,yes,yes,https://doi.org/10.1039/c9tc03410b
10.1039_c9tc03410b__sample_39818,unknown,p,(GeTe)17Sb2Te3,10.1039/c9tc03410b,,1.726269,1.2415748821180643,1.7344749946173554,0.345977210008975,0.3311259753797161,0.3459772100089464,1.1919626853107455,False,unknown,True,True,unknown,,unknown,,yes,yes,https://doi.org/10.1039/c9tc03410b
10.1039_c8ta12210e__sample_39743,unknown,p,(Cu2Se)99.49(SiC)0.51,10.1039/c8ta12210e,,1.725543,2.0497784092246314,1.6732415142569914,0.19702900647823632,0.2283307136752295,0.19889532489099215,2.5534017067824744,False,unknown,True,True,unknown,,unknown,,yes,yes,https://doi.org/10.1039/c8ta12210e
10.1002_adma.201705942__sample_31969,unknown,p,Ge0.9Sb0.1Te,10.1002/adma.201705942,,1.725513,1.6180158083914955,1.6864853380328115,0.1311128102645646,0.16144031437044207,0.13111281026456748,1.7720341385277343,False,unknown,True,True,unknown,,unknown,,yes,yes,https://doi.org/10.1002/adma.201705942
10.1039_c9tc03410b__sample_39809,unknown,p,(CoGe2)0.15(GeTe)12Sb2Te3,10.1039/c9tc03410b,,1.722625,1.1059568335435088,1.7521564037826298,0.5415695279567718,0.5307358991460709,0.5415695279567371,0.7673017279751468,False,unknown,True,True,unknown,,unknown,,yes,yes,https://doi.org/10.1039/c9tc03410b
10.1021_ic5010243__sample_20821,unknown,p,(GeTe)80(AgSbTe)20,10.1021/ic5010243,,1.71947,0.7112186769210426,0.7587613868134382,0.011423879085962213,0.5513162976026689,0.12647703893200662,1.7399437297939861,False,unknown,True,True,unknown,,unknown,,yes,yes,https://doi.org/10.1021/ic5010243
10.1002_aenm.201601450__sample_3194,unknown,p,PbTe0.85Se0.15Na0.02,10.1002/aenm.201601450,,1.712166,0.4333909967632904,0.5487952585120652,0.22146417912503816,0.2753126691767213,0.21028655032783536,2.008678850309027,False,unknown,True,True,unknown,,unknown,,yes,yes,https://doi.org/10.1002/aenm.201601450
10.1002_adfm.201908315__sample_36218,unknown,p,Cu1.96Se0.88S0.12,10.1002/adfm.201908315,,1.707557,1.9726639581070924,1.8777901148362923,0.13973404139777254,0.13511279471373816,0.12946196087450706,1.9382869397647406,False,unknown,True,True,unknown,,unknown,,yes,yes,https://doi.org/10.1002/adfm.201908315
10.1021_jacs.8b11050__sample_45290,unknown,p,Pb0.96Na0.02Hg0.02Se,10.1021/jacs.8b11050,,1.705539,2.438666211657029,1.6459839309631898,0.22046405131926095,0.27839495964918354,0.21927574258951565,2.526348738117137,False,unknown,True,True,unknown,,unknown,,yes,yes,https://doi.org/10.1021/jacs.8b11050
10.1016_j.nanoen.2018.09.025__sample_43732,unknown,p,Sn0.99Pb0.01Se,10.1016/j.nanoen.2018.09.025,,1.704202,0.6695805494544428,1.7358385207614828,0.6120429842140116,2.259650680263664,0.6375928655976638,0.049727564125401524,False,unknown,True,True,unknown,,unknown,,yes,yes,https://doi.org/10.1016/j.nanoen.2018.09.025
10.1039_c9tc03410b__sample_39819,unknown,p,(CoGe2)0.2(GeTe)17Sb2Te3,10.1039/c9tc03410b,,1.702602,1.2131150263036294,1.7148613012307647,0.3430620232960003,0.3288830012480303,0.3410776931434357,1.1347631242983827,False,unknown,True,True,unknown,,unknown,,yes,yes,https://doi.org/10.1039/c9tc03410b
10.1016_j.nanoen.2019.104347__sample_36244,unknown,p,Ge0.88Cu0.06Sb0.06Te,10.1016/j.nanoen.2019.104347,,1.69947,1.7631848725892343,1.6617265802912384,0.3670498744892259,0.27869336742879736,0.3670498744892245,1.883162027250347,False,unknown,True,True,unknown,,unknown,,yes,yes,https://doi.org/10.1016/j.nanoen.2019.104347
10.1016_j.nanoen.2020.104832__sample_33395,unknown,p,Sn0.91Ca0.09In0.03Te(Cu2Te)0.05,10.1016/j.nanoen.2020.104832,,1.691899,1.961232740888877,1.3664848231986162,0.21480348963464757,0.21832341445151393,0.21869369051909704,4.32957773546238,False,unknown,True,True,unknown,,unknown,,yes,yes,https://doi.org/10.1016/j.nanoen.2020.104832
10.1021_jacs.6b07010__sample_2895,unknown,p,Sn0.99SePb0.01,10.1021/jacs.6b07010,,1.688373,0.6167004866850939,0.8927561213659754,0.4364616676066226,0.3080212813025156,0.4058445397865944,0.04785830056940437,False,unknown,True,True,unknown,,unknown,,yes,yes,https://doi.org/10.1021/jacs.6b07010
10.1002_adfm.201906143__sample_27133,unknown,n,Mg3.15Mn0.05Sb1.5Bi0.49Se0.01,10.1002/adfm.201906143,,1.686166,2.000775574512147,1.691831959552567,0.11998506035256208,0.11798576890814319,0.11998506035254004,0.38885098675118107,False,unknown,True,True,unknown,,unknown,,yes,yes,https://doi.org/10.1002/adfm.201906143
10.1073_pnas.1711725114__sample_24311,unknown,n,Mg3.1Co0.1Sb1.5Bi0.49Te0.01,10.1073/pnas.1711725114,,1.685012,1.2277094415582566,1.4138164326401412,0.10815573693737834,0.1300869495451687,0.10815573693740385,0.5260468684077975,False,unknown,True,True,unknown,,unknown,,yes,yes,https://doi.org/10.1073/pnas.1711725114
10.1021_nl3002183__sample_15860,unknown,p,Tl0.02Pb0.98TeSi0.02Na0.02,10.1021/nl3002183,,1.683498,1.9913004764261877,1.656681515213802,0.1416045707956437,0.1539421280708187,0.14160457079562944,0.6460273896916392,False,unknown,True,True,unknown,,unknown,,yes,yes,https://doi.org/10.1021/nl3002183
10.1021_ja301245b__sample_31669,unknown,p,K0.02Pb0.98Te0.15Se0.85,10.1021/ja301245b,,1.679987,2.2229118723203776,1.171674236869125,0.4043027151535994,0.4437833944734317,0.4906517903839564,1.5476684671002001,False,unknown,True,True,unknown,,unknown,,yes,yes,https://doi.org/10.1021/ja301245b
10.1063_1.3427427__sample_42744,unknown,p,Bi0.4Sb1.6Te3,10.1063/1.3427427,,1.678522,1.5140717426980088,1.5139486057395328,0.12824542971981015,0.1219102785699572,0.11712078257595637,0.9592530969268763,False,unknown,True,True,unknown,,unknown,,yes,yes,https://doi.org/10.1063/1.3427427
10.1002_adfm.201906143__sample_27134,unknown,n,Mg3.1Mn0.1Sb1.5Bi0.49Se0.01,10.1002/adfm.201906143,,1.676799,1.5894165054302238,1.692723079693408,0.08560777783519563,0.07543035400840067,0.08560777783517882,0.32752453453556946,False,unknown,True,True,unknown,,unknown,,yes,yes,https://doi.org/10.1002/adfm.201906143
10.1080_21870764.2020.1723197__sample_35632,unknown,p,Bi2Te3,10.1080/21870764.2020.1723197,,1.670562,1.1165207133874795,1.6749155743950026,0.290088885855153,0.2880252578188497,0.29008888585514214,1.6400587591595144,False,unknown,True,True,unknown,,unknown,,yes,yes,https://doi.org/10.1080/21870764.2020.1723197
10.1007_s11664-011-1618-9__sample_17059,unknown,p,(GeTe)90(Ag0.8Sb1.2Te2.2)10,10.1007/s11664-011-1618-9,,1.667567,1.8274791382827593,1.685060456998602,0.08376279950705844,0.08413770240008712,0.07507654144011311,2.663251291604009,False,unknown,True,True,unknown,,unknown,,yes,yes,https://doi.org/10.1007/s11664-011-1618-9
10.1002_aenm.202000757__sample_86394,unknown,p,,10.1002/aenm.202000757,,1.666,1.5591427895514134,1.612927204069264,0.20074311372661385,0.17502640108618586,0.20074311372660675,1.8125400142831185,False,unknown,False,False,unknown,,unknown,,yes,yes,https://doi.org/10.1002/aenm.202000757
10.1007_s11664-011-1618-9__sample_17057,unknown,p,(GeTe)90(Ag0.6Sb1.4Te1.8)10,10.1007/s11664-011-1618-9,,1.663254,1.718587089240415,1.713997049697889,0.08521421583925008,0.03355845959567304,0.024444074089595882,2.3138677979478923,False,unknown,True,True,unknown,,unknown,,yes,yes,https://doi.org/10.1007/s11664-011-1618-9
10.1016_j.jssc.2010.10.036__sample_16821,unknown,p,AgSbTe2,10.1016/j.jssc.2010.10.036,,1.661684,1.4483256837292169,1.649003899165893,0.2286332522117335,0.2290874438923918,0.228633252211727,0.42183514901965163,False,unknown,True,True,unknown,,unknown,,yes,yes,https://doi.org/10.1016/j.jssc.2010.10.036
10.1063_1.3427427__sample_42741,unknown,p,Bi0.4Sb1.6Te3,10.1063/1.3427427,,1.659674,1.4787316054401818,1.5084138622150811,0.11517011008476521,0.08163905476176418,0.08479039704318773,1.4506844271710637,False,unknown,True,True,unknown,,unknown,,yes,yes,https://doi.org/10.1063/1.3427427
10.1021_acsami.1c12282__sample_45835,unknown,p,Sb0.05Ge0.95Te,10.1021/acsami.1c12282,,1.656008,2.4972939227829376,1.8612929507840072,0.20279787820658546,0.17757691335694153,0.2027978782065851,4.053002088628091,False,unknown,True,True,unknown,,unknown,,yes,yes,https://doi.org/10.1021/acsami.1c12282
10.1039_d4ee01652a__sample_83926,unknown,p,(Bi0.4Sb1.6Te3)98.56(C8H10N4Zn)1.44,10.1039/d4ee01652a,,1.654,2.1232398607216885,2.526025189138195,0.1281116256383542,0.35180337635304076,0.1177904980191934,1.0272851027678895,False,unknown,True,True,unknown,,unknown,,yes,yes,https://doi.org/10.1039/d4ee01652a
10.1016_j.jallcom.2019.07.120__sample_39044,unknown,p,Ge0.93Bi0.07Te,10.1016/j.jallcom.2019.07.120,,1.653943,1108837.076947821,1184554.9088897316,0.15033690545954217,936371.4650088288,0.09479138592169511,2.8544763353830365,False,unknown,True,True,unknown,,unknown,,yes,yes,https://doi.org/10.1016/j.jallcom.2019.07.120
10.1021_acsaem.1c00632__sample_44404,unknown,p,(GeTe)0.96(CuSbSe2)0.04,10.1021/acsaem.1c00632,,1.652941,2.1505929458429147,1.519524872117189,0.3011511169026727,0.38728321153322715,0.4532941880252587,2.027476747145208,False,unknown,True,True,unknown,,unknown,,yes,yes,https://doi.org/10.1021/acsaem.1c00632
10.1063_1.3427427__sample_42742,unknown,p,Bi0.4Sb1.6Te3,10.1063/1.3427427,,1.651728,1.4531985668365675,1.4999843828314028,0.11493388359746193,0.11033950099636142,0.12043467350895391,1.2250523506694495,False,unknown,True,True,unknown,,unknown,,yes,yes,https://doi.org/10.1063/1.3427427
10.1021_acsaem.9b00057__sample_39726,unknown,p,Ge0.93Bi0.07Te1.035,10.1021/acsaem.9b00057,,1.651443,0.8973571590283497,0.9285339127505589,0.08616371559213794,0.059828003503074455,0.08516976165022924,3.4974492665056705,False,unknown,True,True,unknown,,unknown,,yes,yes,https://doi.org/10.1021/acsaem.9b00057
10.1039_c9tc03410b__sample_39810,unknown,p,(GeTe)17Sb2Te3,10.1039/c9tc03410b,,1.650558,1.64098258292883,1.648249889060041,0.19611613900049948,0.1912437569602283,0.19247144170405975,1.6240424346136353,False,unknown,True,True,unknown,,unknown,,yes,yes,https://doi.org/10.1039/c9tc03410b
10.1021_jacs.5b07856__sample_9488,unknown,p,(GeTe)17Sb2Te3,10.1021/jacs.5b07856,,1.650242,1.7418370326570465,1.6401959828276806,0.14386437006407002,0.14754985448354663,0.14599486027875394,1.723640546854275,False,unknown,True,True,unknown,,unknown,,yes,yes,https://doi.org/10.1021/jacs.5b07856
10.1002_adfm.201806613__sample_41573,unknown,p,Ge0.93Bi0.07Te1.035,10.1002/adfm.201806613,,1.649844,0.9624395630075399,1.0619285869450243,0.07531437149837239,0.05417463618516641,0.05574606992088066,2.8370030338992964,False,unknown,True,True,unknown,,unknown,,yes,yes,https://doi.org/10.1002/adfm.201806613
10.1038_ncomms13713__sample_33444,unknown,n,Sn0.96SeBi0.04,10.1038/ncomms13713,,1.648313,0.6870568074868969,1.4750778704669327,1.9808047079350575,3.04336688655957,2.534819306086567,0.03618320160401351,False,unknown,True,True,unknown,,unknown,,yes,yes,https://doi.org/10.1038/ncomms13713
10.1063_1.3427427__sample_42743,unknown,p,Bi0.4Sb1.6Te3,10.1063/1.3427427,,1.648073,1.4320982219540332,1.8152477807897756,0.15027556092995242,0.1368506490777867,0.16516330599819082,1.121495461295587,False,unknown,True,True,unknown,,unknown,,yes,yes,https://doi.org/10.1063/1.3427427
10.1016_j.jmst.2021.08.020__sample_44462,unknown,p,Ge0.95Bi0.05Te,10.1016/j.jmst.2021.08.020,,1.648021,2.932590475798542,1.626162416948132,0.25001307715167687,0.2800457283690974,0.27808967313418664,3.4635522826625453,False,unknown,True,True,unknown,,unknown,,yes,yes,https://doi.org/10.1016/j.jmst.2021.08.020
10.1007_s11664-011-1618-9__sample_17058,unknown,p,(GeTe)90(Ag0.7Sb1.3Te2.3)10,10.1007/s11664-011-1618-9,,1.647798,1.727638900258673,1.656645318633305,0.06372958244865413,0.044398697749839816,0.04962098258739333,2.2783252106099896,False,unknown,True,True,unknown,,unknown,,yes,yes,https://doi.org/10.1007/s11664-011-1618-9
10.1021_jacs.5b07856__sample_9489,unknown,p,(GeTe)17Sb2Te3,10.1021/jacs.5b07856,,1.640843,1.5311302582304847,1.6932998341782657,0.26757730569150184,0.2656684201982581,0.26757730569149013,1.8082545638776881,False,unknown,True,True,unknown,,unknown,,yes,yes,https://doi.org/10.1021/jacs.5b07856
10.1038_srep40436__sample_15446,unknown,p,Cu1.98Se,10.1038/srep40436,,1.640637,3.0479989594411605,1.6948331343197651,0.15407928442138769,0.04275082986327421,0.1916264370729031,1.495147938519806,False,unknown,True,True,unknown,,unknown,,yes,yes,https://doi.org/10.1038/srep40436
10.1039_c7ee01871a__sample_34429,unknown,n,PbTe0.998I0.002Sb0.03,10.1039/c7ee01871a,,1.63972,5.023327020359126,1.8216783430465888,0.5952011431987807,0.4962916969420352,0.5952011431987786,1.6778562668978678,False,unknown,True,True,unknown,,unknown,,yes,yes,https://doi.org/10.1039/c7ee01871a
10.1016_j.nanoen.2016.11.016__sample_10934,unknown,n,Co23.4Sb69.1Si1.5Te6,10.1016/j.nanoen.2016.11.016,,1.639542,2.0354466040008634,1.5819493901445287,0.1245433741974878,0.15166670135913543,0.16284351085113358,1.6346670186882524,False,unknown,True,True,unknown,,unknown,,yes,yes,https://doi.org/10.1016/j.nanoen.2016.11.016
10.1021_jacs.8b12450__sample_45318,unknown,p,Sn0.98Na0.02Se0.995Te0.005,10.1021/jacs.8b12450,,1.63871,2.3204182449106208,1.366583356738578,0.4746739519955182,0.43808706351644333,0.47467395199550133,0.6699674950372775,False,unknown,True,True,unknown,,unknown,,yes,yes,https://doi.org/10.1021/jacs.8b12450
10.1126_science.aax5123__sample_43818,unknown,p,SnS0.91Se0.09,10.1126/science.aax5123,,1.637022,3.6464319294778207,1.8983420607902968,0.4659601811369143,0.8113762589792005,0.4295752678469783,0.8264260423966298,False,unknown,True,True,unknown,,unknown,,yes,yes,https://doi.org/10.1126/science.aax5123
10.1021_jacs.7b11875__sample_43930,unknown,p,Sn0.895Se,10.1021/jacs.7b11875,,1.636578,0.5448863040620859,1.6313567163370095,1.7369552544502334,0.9479770996449897,2.0473981831718246,0.07638844606360326,False,unknown,True,True,unknown,,unknown,,yes,yes,https://doi.org/10.1021/jacs.7b11875
10.1039_d0ta00174k__sample_34376,unknown,n,PbCu0.01Se,10.1039/d0ta00174k,,1.633794,2.219228724724291,1.6239846172381889,0.29920012667652157,0.3040782369836968,0.29920012667651413,1.965505288242557,False,unknown,True,True,unknown,,unknown,,yes,yes,https://doi.org/10.1039/d0ta00174k
10.1016_j.jallcom.2021.160128__sample_46149,unknown,p,Cu1.9Mn0.1S,10.1016/j.jallcom.2021.160128,,1.633132,3.1529864752825776,1.6162081869513665,0.4213045045095201,0.2771816806906218,0.4213045045095095,1.4730875262361058,False,unknown,False,False,unknown,,unknown,,yes,yes,https://doi.org/10.1016/j.jallcom.2021.160128
10.1038_nature23667__sample_31357,unknown,n,Ba0.3In0.3Co4.017Sb12,10.1038/nature23667,,1.632031,1.8821705291809911,1.6391268646373258,0.07204640393150336,0.07685243866875892,0.07204640393149567,2.586372543522328,False,unknown,True,True,unknown,,unknown,,yes,yes,https://doi.org/10.1038/nature23667
10.1016_j.jmst.2021.08.020__sample_44463,unknown,p,Ge0.95Bi0.05Te0.9Se0.1,10.1016/j.jmst.2021.08.020,,1.631398,1.8127795946491696,1.5281352547016542,0.19190283546372036,0.1439727539306155,0.14572420243864243,3.255701435948882,False,unknown,True,True,unknown,,unknown,,yes,yes,https://doi.org/10.1016/j.jmst.2021.08.020
10.1002_adfm.202008851__sample_41928,unknown,p,Bi0.5Sb1.5Te3C0.28,10.1002/adfm.202008851,,1.630506,1.596304743559256,1.635591335027092,0.13073554215553274,0.13066503223421597,0.13073554215551442,1.2799982769612765,False,unknown,True,True,unknown,,unknown,,yes,yes,https://doi.org/10.1002/adfm.202008851
10.1073_pnas.1711725114__sample_24310,unknown,n,Mg3.1Fe0.1Sb1.5Bi0.49Te0.01,10.1073/pnas.1711725114,,1.627518,1.4370735149978011,1.4207555508875285,0.09758329721767277,0.11975782892317115,0.09758329721766662,0.48566684575072283,False,unknown,True,True,unknown,,unknown,,yes,yes,https://doi.org/10.1073/pnas.1711725114
10.1016_j.jcrysgro.2016.01.012__sample_2814,unknown,p,(Pb0.96Tl0.04) (Te0.85Se0.15),10.1016/j.jcrysgro.2016.01.012,,1.619703,1.3671159793868484,1.3337458351421323,0.10890615172224624,0.03568921609966042,0.025019867628047695,1.0935254456469397,False,unknown,True,True,unknown,,unknown,,yes,yes,https://doi.org/10.1016/j.jcrysgro.2016.01.012
10.1021_jacs.7b13611__sample_44935,unknown,p,Ge0.86Mn0.1Sb0.04Te,10.1021/jacs.7b13611,,1.615772,1.927898074889029,1.6144047943676356,0.09553247002703526,0.17272499340455014,0.0955324700270418,2.972203466492709,False,unknown,True,True,unknown,,unknown,,yes,yes,https://doi.org/10.1021/jacs.7b13611
10.1016_j.mattod.2017.11.005__sample_41017,unknown,p,Sn0.97Na0.03Se,10.1016/j.mattod.2017.11.005,,1.6136,2.775212406514114,2.6307108169958737,0.20878879590091862,0.7198887001202989,0.05492872442865205,0.8890830732172907,False,unknown,True,True,unknown,,unknown,,yes,yes,https://doi.org/10.1016/j.mattod.2017.11.005
10.1016_j.jallcom.2019.07.120__sample_39343,unknown,p,Ge0.93Bi0.07Te,10.1016/j.jallcom.2019.07.120,,1.613189,0.8493977178814094,0.867298682000653,0.15781870489948252,0.048755054125121225,0.11502739592021842,2.829511794677402,False,unknown,True,True,unknown,,unknown,,yes,yes,https://doi.org/10.1016/j.jallcom.2019.07.120
10.1016_j.nanoen.2019.104347__sample_36243,unknown,p,Ge0.93Cu0.06Sb0.04Te,10.1016/j.nanoen.2019.104347,,1.610464,1.8636050280163017,1.58473370555521,0.2931560813780086,0.3438715718912589,0.29315608137800847,2.6239648303325223,False,unknown,True,True,unknown,,unknown,,yes,yes,https://doi.org/10.1016/j.nanoen.2019.104347
10.1016_j.scriptamat.2019.09.009__sample_35186,unknown,p,Cu2Se,10.1016/j.scriptamat.2019.09.009,,1.606796,1.7328557539339684,1.5780691265454054,0.16865943325643798,0.1509249939736568,0.16971972009572575,0.6517041882304624,False,unknown,True,True,unknown,,unknown,,yes,yes,https://doi.org/10.1016/j.scriptamat.2019.09.009
10.15541_jim20200635__sample_45626,unknown,n,(PbTe)0.94(PbS)0.05(Sb2Se3)0.01,10.15541/jim20200635,,1.603744,2.54217285914675,1.6026019611349822,0.38278062743531543,0.5851487888009246,0.4338568319888108,0.4231704520464999,False,unknown,True,True,unknown,,unknown,,yes,yes,https://doi.org/10.15541/jim20200635
10.1002_aenm.201601450__sample_3199,unknown,p,PbTe0.85Se0.15Na0.02(SrTe)0.05,10.1002/aenm.201601450,,1.602461,1.1698943737130139,1.2886301524916477,0.3419788185562857,0.21248072971985527,0.29168675878095807,1.6242605017082181,False,unknown,True,True,unknown,,unknown,,yes,yes,https://doi.org/10.1002/aenm.201601450
10.1039_c9ee03087e__sample_35657,unknown,p,Ge0.91Cd0.03Sb0.06Te,10.1039/c9ee03087e,,1.602415,2.0079586273977665,1.6063917855383802,0.10690871548174292,0.1050706156770242,0.10690871548174653,2.5026442225814898,False,unknown,True,True,unknown,,unknown,,yes,yes,https://doi.org/10.1039/c9ee03087e
10.1016_j.nanoen.2020.104740__sample_33423,unknown,p,Ge0.93Ti0.03Sb0.04Te,10.1016/j.nanoen.2020.104740,,1.600878,2.261015823039628,1.719082483160949,0.13965702043524333,0.2050904535278388,0.1410510464587374,2.6599999192336523,False,unknown,True,True,unknown,,unknown,,yes,yes,https://doi.org/10.1016/j.nanoen.2020.104740
10.1016_j.scriptamat.2020.03.018__sample_28479,unknown,p,Ge0.94Bi0.06Te(SiC)0.004,10.1016/j.scriptamat.2020.03.018,,1.600126,1.7682227098532906,1.5936474562941878,0.13908689856613773,0.1270370793108661,0.12195130310138891,1.52173662807125,False,unknown,True,True,unknown,,unknown,,yes,yes,https://doi.org/10.1016/j.scriptamat.2020.03.018
10.1021_jacs.8b12450__sample_45319,unknown,p,Sn0.98Na0.02Se0.99Te0.01,10.1021/jacs.8b12450,,1.6,3.9314591074394936,1.5901641218870377,0.7128814813054417,0.7416138071179972,0.7460486993048826,0.7732981253837558,False,unknown,True,True,unknown,,unknown,,yes,yes,https://doi.org/10.1021/jacs.8b12450
10.1016_j.mtphys.2021.100497__sample_45593,unknown,p,Ge0.86Al0.04Sb0.1Te,10.1016/j.mtphys.2021.100497,,1.599037,1.6425841202899014,1.6108015425958673,0.10152184111454784,0.12485916249676787,0.1015218411145379,2.762907520728751,False,unknown,True,True,unknown,,unknown,,yes,yes,https://doi.org/10.1016/j.mtphys.2021.100497
10.1039_c9tc03410b__sample_39811,unknown,p,(GeTe)17Sb2Te3,10.1039/c9tc03410b,,1.596935,1.423534792967018,1.5956118803280954,0.2688037489100426,0.26262967806000653,0.26880374891003506,1.7846540067381078,False,unknown,True,True,unknown,,unknown,,yes,yes,https://doi.org/10.1039/c9tc03410b
10.1038_nature23667__sample_31359,unknown,n,Ba0.3In0.3Co4.05Sb12,10.1038/nature23667,,1.596875,1.8444223533517468,1.6146246100270174,0.07364526775369493,0.08371102103603743,0.07919552442152937,2.3593078952692834,False,unknown,True,True,unknown,,unknown,,yes,yes,https://doi.org/10.1038/nature23667
10.1080_21870764.2020.1723197__sample_35631,unknown,p,Bi2Te3,10.1080/21870764.2020.1723197,,1.595056,1.0046015517331923,1.59168857187017,0.3182798724840358,0.32310360267259663,0.3182798724840284,1.4982644031724328,False,unknown,True,True,unknown,,unknown,,yes,yes,https://doi.org/10.1080/21870764.2020.1723197
10.1021_jacs.8b04193__sample_44994,unknown,p,Na1.15Pb19.85Sb0.85Te22,10.1021/jacs.8b04193,,1.59401,2.755981197566784,1.585959357458763,0.36621338982321805,0.3360762617617419,0.34039852079478644,0.7390804851477993,False,unknown,True,True,unknown,,unknown,,yes,yes,https://doi.org/10.1021/jacs.8b04193
10.1016_j.jmst.2021.08.020__sample_44465,unknown,p,Ge0.95Bi0.05Te0.7Se0.3,10.1016/j.jmst.2021.08.020,,1.593404,2.4477922840789663,1.583600421947343,0.18342031966410616,0.26627639924793256,0.19662260578536178,2.448998633452591,False,unknown,True,True,unknown,,unknown,,yes,yes,https://doi.org/10.1016/j.jmst.2021.08.020
10.1021_acsami.0c01004__sample_32844,unknown,n,Mg3.18Mn0.02Sb1.5Bi0.49Se0.01,10.1021/acsami.0c01004,,1.590537,1.5568157927804482,1.5874121140645954,0.1816039202721573,0.18533303289886727,0.1816039202721582,0.45448104175151177,False,unknown,True,True,unknown,,unknown,,yes,yes,https://doi.org/10.1021/acsami.0c01004
10.1021_acsami.1c12282__sample_45837,unknown,p,Sb0.15Ge0.85Te,10.1021/acsami.1c12282,,1.580759,1.0922831709185763,1.6502837719995238,0.4692996124219653,0.5003815890063253,0.4692996124219156,0.8583518399591604,False,unknown,True,True,unknown,,unknown,,yes,yes,https://doi.org/10.1021/acsami.1c12282
10.1039_d0ee02323j__sample_37118,unknown,p,Cu0.89Ag0.2In0.91Te2,10.1039/d0ee02323j,,1.579728,0.452155942018087,1.6199674861496711,0.8020766901065131,0.7339016832289591,0.6969152726540937,0.11992821449309467,False,unknown,True,True,unknown,,unknown,,yes,yes,https://doi.org/10.1039/d0ee02323j
10.1016_j.mseb.2021.115338__sample_46021,unknown,n,Mg1.98Cr0.02(Si0.3Sn0.7)0.98Bi0.02,10.1016/j.mseb.2021.115338,,1.572583,1.8598276040798045,1.5506352301573223,0.07074817058180544,0.07478549138788702,0.07074817058181133,2.9417782175679545,False,unknown,True,False,unknown,,unknown,,yes,yes,https://doi.org/10.1016/j.mseb.2021.115338
10.1016_j.jallcom.2021.159681__sample_45500,unknown,p,Pb0.58Sn0.4Zn0.02Te,10.1016/j.jallcom.2021.159681,,1.572574,1.9322879271944262,1.5706354525713135,0.24286183983664586,0.24310626917140613,0.24286183983664777,1.592890298552279,False,unknown,True,True,unknown,,unknown,,yes,yes,https://doi.org/10.1016/j.jallcom.2021.159681
10.1039_d0ee02323j__sample_37119,unknown,p,Cu0.9Ag0.2In0.9Te2,10.1039/d0ee02323j,,1.567855,0.4855027086854241,1.6289752063227614,0.8266014097288865,0.5058520097938594,0.4885308713944533,0.11814303652993358,False,unknown,True,True,unknown,,unknown,,yes,yes,https://doi.org/10.1039/d0ee02323j
10.1016_j.joule.2019.10.010__sample_31519,unknown,p,Sb2Si2Te6.93,10.1016/j.joule.2019.10.010,,1.562176,0.2842900549712808,0.3581959605707568,0.15334466188055643,0.06872552141778053,0.14270154557589626,0.7141405979079789,False,unknown,True,True,unknown,,unknown,,yes,yes,https://doi.org/10.1016/j.joule.2019.10.010
10.1016_j.mtphys.2018.05.001__sample_44013,unknown,n,Ag9GaSe5.53Te0.45,10.1016/j.mtphys.2018.05.001,,1.560953,2.2796337737651076,1.5808941584113956,0.17986288671193235,0.17692168166847383,0.16791024921082334,0.4717022732098357,False,unknown,True,True,unknown,,unknown,,yes,yes,https://doi.org/10.1016/j.mtphys.2018.05.001
10.1016_j.scriptamat.2019.09.009__sample_35185,unknown,p,Cu2Se,10.1016/j.scriptamat.2019.09.009,,1.56068,1.6845802577505207,1.5400367621762263,0.1930576108202453,0.16922104932709978,0.19761186856564725,0.6230157453364507,False,unknown,True,True,unknown,,unknown,,yes,yes,https://doi.org/10.1016/j.scriptamat.2019.09.009
10.1007_s11664-012-2416-8__sample_15526,unknown,p,(GeTe)0.85(Mn0.6Sn0.4Te)0.15,10.1007/s11664-012-2416-8,,1.56035,1.5304822981458754,1.5520892224366252,0.14557049024259067,0.15911768583850153,0.1455704902425758,1.795536777722032,False,unknown,True,True,unknown,,unknown,,yes,yes,https://doi.org/10.1007/s11664-012-2416-8
10.1002_aelm.201901391__sample_34789,unknown,n,Mg3.19La0.01Sb1.5Bi0.5,10.1002/aelm.201901391,,1.557617,2.2402972072897187,1.5470456702148363,0.14811602636604906,0.15956658167061877,0.14811602636603666,0.5875240030075422,False,unknown,True,True,unknown,,unknown,,yes,yes,https://doi.org/10.1002/aelm.201901391
10.1073_pnas.1711725114__sample_24321,unknown,n,Mg3.125Co0.075Sb1.5Bi0.49Te0.01,10.1073/pnas.1711725114,,1.556083,1.6040984042734954,1.4124037074184723,0.1049516247979746,0.07462666783531237,0.09884576217957824,0.5431543569048706,False,unknown,True,True,unknown,,unknown,,yes,yes,https://doi.org/10.1073/pnas.1711725114
10.1039_c0jm00138d__sample_16920,unknown,p,(Ag2Te)50(Sb2Te3)50,10.1039/c0jm00138d,,1.555007,1.4858677726362075,1.552710014423968,0.12805911900034836,0.13089933476218454,0.12805911900035669,0.6291686665615382,False,unknown,True,True,unknown,,unknown,,yes,yes,https://doi.org/10.1039/c0jm00138d
10.1002_adfm.202008851__sample_41927,unknown,p,Bi0.5Sb1.5Te3C0.17,10.1002/adfm.202008851,,1.550507,1.431862658733454,1.53133232505516,0.15090815200355048,0.1603411620691494,0.15956883837758598,1.3087932742485926,False,unknown,True,True,unknown,,unknown,,yes,yes,https://doi.org/10.1002/adfm.202008851
10.1063_1.3097026__sample_6625,unknown,p,Bi0.52Sb1.48Te3,10.1063/1.3097026,,1.55018,1.5241150370354453,1.5746170369181165,0.06157037884087166,0.058470201015725205,0.06157037884087512,0.9789661479348043,False,unknown,True,True,unknown,,unknown,,yes,yes,https://doi.org/10.1063/1.3097026
10.1063_1.3143104__sample_29966,unknown,p,Bi0.52Sb1.48Te3,10.1063/1.3143104,,1.546085,1.5016338056641063,1.576788280649159,0.06177247727427941,0.05438534405747031,0.06177247727427386,0.9747742724202453,False,unknown,True,True,unknown,,unknown,,yes,yes,https://doi.org/10.1063/1.3143104
10.1016_j.jallcom.2019.07.120__sample_39342,unknown,p,Ge0.95Bi0.05Te,10.1016/j.jallcom.2019.07.120,,1.545962,0.8066877238236204,0.7949846087736143,0.24558541177296433,0.159965403332972,0.16104685468049357,3.891660790732628,False,unknown,True,True,unknown,,unknown,,yes,yes,https://doi.org/10.1016/j.jallcom.2019.07.120
10.1073_pnas.1711725114__sample_24312,unknown,n,Mg3.1Hf0.1Sb1.5Bi0.49Te0.01,10.1073/pnas.1711725114,,1.543489,2.1233498685968613,1.547427586155907,0.17474493606633001,0.1297761583197114,0.1962576057299263,0.5901053586436885,False,unknown,True,True,unknown,,unknown,,yes,yes,https://doi.org/10.1073/pnas.1711725114
10.1063_1.4869220__sample_16942,unknown,n,(SiC)0.8AgPb20SbTe20,10.1063/1.4869220,,1.543401,0.4963365604288459,1.733754724808609,2.2430902987863184,0.8599679908828195,0.9526155173450123,0.14260665540958536,False,unknown,True,True,unknown,,unknown,,yes,yes,https://doi.org/10.1063/1.4869220
10.1109_ict.2005.1519880__sample_24217,unknown,p,TiO1.1,10.1109/ict.2005.1519880,,1.543128,0.5837148207394245,1.4726503597260654,0.36636540792864136,0.6069072523067268,0.6036297299733767,0.391654099080162,False,unknown,False,False,unknown,,unknown,,yes,yes,https://doi.org/10.1109/ict.2005.1519880
10.1021_acsami.9b12256__sample_41043,unknown,p,(Cu2Te)0.08(Cu3.52In4.16Te8),10.1021/acsami.9b12256,,1.541113,0.5452761823643786,1.5909251112938188,2.4041241867360235,60.3586368790694,2.4041241867359373,0.17960890760566645,False,unknown,True,True,unknown,,unknown,,yes,yes,https://doi.org/10.1021/acsami.9b12256
10.1021_acsami.0c01004__sample_32845,unknown,n,Mg3.17Mn0.03Sb1.5Bi0.49Se0.01,10.1021/acsami.0c01004,,1.539898,1.516693504985138,1.496086684880488,0.1438697755800624,0.14529595381881358,0.14386977558004746,0.42641144191515357,False,unknown,True,True,unknown,,unknown,,yes,yes,https://doi.org/10.1021/acsami.0c01004
10.1021_acsaem.0c01156__sample_38179,unknown,p,Sn0.9Te,10.1021/acsaem.0c01156,,1.53942,1.7890845771336215,1.5416181745369324,0.18004765899576203,0.15747768872544798,0.17371874167604145,10.606462252096236,False,unknown,True,True,unknown,,unknown,,yes,yes,https://doi.org/10.1021/acsaem.0c01156
10.1002_adma.201705942__sample_31970,unknown,p,Ge0.88Sb0.12Te,10.1002/adma.201705942,,1.53783,0.9552443002942465,1.5409190210230352,0.5186845544250922,0.46698826054102976,0.5186845544250624,0.9235596355828137,False,unknown,True,True,unknown,,unknown,,yes,yes,https://doi.org/10.1002/adma.201705942
10.1021_acsaem.9b00057__sample_39727,unknown,p,Ge0.91Bi0.09Te1.045,10.1021/acsaem.9b00057,,1.537618,1.6020275354003084,1.6230573400018178,0.08373848269477199,0.11298127978087619,0.08263545415710451,3.0367724039063146,False,unknown,True,True,unknown,,unknown,,yes,yes,https://doi.org/10.1021/acsaem.9b00057
10.1021_acsaem.9b00057__sample_39725,unknown,p,Ge0.95Bi0.05Te1.025,10.1021/acsaem.9b00057,,1.536946,2.0019794492793133,1.658973664188711,0.12047231612227552,0.17208355755093513,0.19449607982944797,4.402484611225315,False,unknown,True,True,unknown,,unknown,,yes,yes,https://doi.org/10.1021/acsaem.9b00057
10.1021_acsaem.1c00632__sample_44400,unknown,p,(GeTe)0.9(CuSbSe2)0.1,10.1021/acsaem.1c00632,,1.536859,1.0765783553406636,1.529143921770787,0.6085165304714327,0.6044300370029062,0.6720012827127907,0.6733210685165475,False,unknown,True,True,unknown,,unknown,,yes,yes,https://doi.org/10.1021/acsaem.1c00632
10.1039_c5tc01248a__sample_8259,unknown,p,Sb2Te3,10.1039/c5tc01248a,,1.533465,1.6587497930262656,1.5101317851849454,0.07146101250077201,0.07385257908324615,0.07146101250077276,1.207930589639337,False,unknown,True,True,unknown,,unknown,,yes,yes,https://doi.org/10.1039/c5tc01248a
10.1002_aelm.201901391__sample_34788,unknown,n,Mg3.195La0.005Sb1.5Bi0.5,10.1002/aelm.201901391,,1.533396,1.8064336674071013,1.5247771373162278,0.22513939377246187,0.22674055115900618,0.22513939377244727,0.29620477663647626,False,unknown,True,True,unknown,,unknown,,yes,yes,https://doi.org/10.1002/aelm.201901391
10.1007_s11664-012-2416-8__sample_15528,unknown,p,(GeTe)0.82(Mn0.6Sn0.4Te)0.15(Bi2Te3)0.03,10.1007/s11664-012-2416-8,,1.532362,1.4592204280391223,1.5306425528183367,0.13467057921184497,0.13139029367741786,0.1346705792118359,1.7804909947157215,False,unknown,True,True,unknown,,unknown,,yes,yes,https://doi.org/10.1007/s11664-012-2416-8
10.1021_cm404115k__sample_15892,unknown,p,Ga12Sb2Te15,10.1021/cm404115k,,1.531643,1.8557898635549157,1.5270796591636988,0.07355617778606909,0.07750148055759194,0.07355617778608298,5.028683599125122,False,unknown,True,True,unknown,,unknown,,yes,yes,https://doi.org/10.1021/cm404115k
10.1039_c7ee00098g__sample_31370,unknown,n,Mg3.05Nb0.15Sb1.5Bi0.49Te0.01,10.1039/c7ee00098g,,1.530769,2.185983228528951,1.5435497474647135,0.1609365689212426,0.23400724809948276,0.15399749113008823,0.5630807374246236,False,unknown,True,True,unknown,,unknown,,yes,yes,https://doi.org/10.1039/c7ee00098g
10.1039_d0ee02323j__sample_37117,unknown,p,Cu0.88Ag0.2In0.92Te2,10.1039/d0ee02323j,,1.530284,0.47132499742831274,1.589069283270053,1.0798121745453355,0.6803319222491969,1.2279867005093028,0.1387431121224408,False,unknown,True,True,unknown,,unknown,,yes,yes,https://doi.org/10.1039/d0ee02323j
10.1039_c8ee03162b__sample_39801,unknown,p,Sn0.57Sb0.13Ge0.3Te,10.1039/c8ee03162b,,1.524231,1.4308959888688209,1.2699026399431772,0.10465308642335362,0.1377522626409471,0.12322268343163507,3.118512226875966,False,unknown,True,True,unknown,,unknown,,yes,yes,https://doi.org/10.1039/c8ee03162b
10.1039_c8ta08238c__sample_40609,unknown,p,(Bi0.5Sb1.5Te3)91.26(Sb2O3)8.74,10.1039/c8ta08238c,,1.52305,1.4480869948882273,1.526927301872721,0.10842181401244796,0.10803965582109278,0.102486282329542,1.4046564160505406,False,unknown,True,True,unknown,,unknown,,yes,yes,https://doi.org/10.1039/c8ta08238c
10.1039_c9ta00400a__sample_41009,unknown,n,(PbTe0.95S0.05I0.004)92.25(Sb)7.75,10.1039/c9ta00400a,,1.522145,2.9347453371153738,1.613596170585938,0.3060014605192444,0.3865597466801131,0.33665822163548365,1.7179421527310486,False,unknown,True,True,unknown,,unknown,,yes,yes,https://doi.org/10.1039/c9ta00400a
10.1021_acsami.7b18451__sample_42342,unknown,p,(Bi0.4Sb1.6Te3)0.92(FeTe2)0.08,10.1021/acsami.7b18451,,1.518888,1.6090024917389738,1.5251349699395955,0.10376981772642559,0.10697588329798896,0.10376981772642756,1.7163194867750817,False,unknown,True,True,unknown,,unknown,,yes,yes,https://doi.org/10.1021/acsami.7b18451
10.1016_j.joule.2019.10.010__sample_31522,unknown,p,Sb2Si2Te7.5,10.1016/j.joule.2019.10.010,,1.515544,0.20822155977052187,0.2275884995958818,0.18446985344177041,0.07616640872465655,0.08509630258009032,0.6832326569354275,False,unknown,True,True,unknown,,unknown,,yes,yes,https://doi.org/10.1016/j.joule.2019.10.010
10.1126_science.aad3749__sample_42728,unknown,p,SnSe,10.1126/science.aad3749,,1.515385,0.225559164964852,0.1420607939882442,0.6192923657518873,0.3328493688196949,0.5877650591162925,0.02062153060716772,False,unknown,True,True,unknown,,unknown,,yes,yes,https://doi.org/10.1126/science.aad3749
10.1021_acsaem.1c00632__sample_44401,unknown,p,(GeTe)0.85(CuSbSe2)0.15,10.1021/acsaem.1c00632,,1.514646,0.5093790077408896,1.5181613784638812,1.1038783441917341,0.7010764848396173,0.9508036257618612,0.3553214186932298,False,unknown,True,True,unknown,,unknown,,yes,yes,https://doi.org/10.1021/acsaem.1c00632
10.1021_acs.jpcc.7b00870__sample_39924,unknown,p,Sn0.98Mg0.03In0.03Te,10.1021/acs.jpcc.7b00870,,1.513853,1.0531780130283632,1.0436374160531854,0.060800322271452975,0.15503843717646612,0.05211482730654993,3.3001390478332926,False,unknown,True,True,unknown,,unknown,,yes,yes,https://doi.org/10.1021/acs.jpcc.7b00870
10.1016_j.jmat.2017.07.003__sample_15414,unknown,n,In0.20Ce0.15Co4Sb12,10.1016/j.jmat.2017.07.003,,1.512071,1.7996158423436208,1.493000731664618,0.07790901299979905,0.05924602713610935,0.111954718892126,2.0250532130049455,False,unknown,True,True,unknown,,unknown,,yes,yes,https://doi.org/10.1016/j.jmat.2017.07.003
10.1021_acsaem.9b00057__sample_39724,unknown,p,Ge0.97Bi0.03Te1.015,10.1021/acsaem.9b00057,,1.507389,1.1887048310735575,1.0953021130750875,0.12715748909459043,0.07462237533612061,0.08681471548474322,6.115605153109595,False,unknown,True,True,unknown,,unknown,,yes,yes,https://doi.org/10.1021/acsaem.9b00057
10.1038_am.2016.77__sample_22016,unknown,n,Yb0.3Co4Sb12,10.1038/am.2016.77,,1.504,1.8555962733535067,1.5100659351134265,0.09378788234192682,0.09944362458600926,0.10771798654761008,2.560255329300553,False,unknown,True,True,unknown,,unknown,,yes,yes,https://doi.org/10.1038/am.2016.77
10.1039_c9tc06490g__sample_27057,unknown,p,Sn0.92Bi0.04Zn0.04Te,10.1039/c9tc06490g,,1.501577,1.8692029484751165,1.6412422710265373,0.09191236201275026,0.09358198143058184,0.09191236201274998,3.5471542087420507,False,unknown,True,True,unknown,,unknown,,yes,yes,https://doi.org/10.1039/c9tc06490g
10.1021_acsami.6b15295__sample_3104,unknown,p,Pb0.975Na0.015TeZn0.01,10.1021/acsami.6b15295,,1.499656,2.1436014134621986,1.4259401341301694,0.31396350989941846,0.20170727099546365,0.3554513874678974,2.3879651579997456,False,unknown,True,True,unknown,,unknown,,yes,yes,https://doi.org/10.1021/acsami.6b15295
10.1021_ja308936b__sample_26613,unknown,p,AgBiSe2,10.1021/ja308936b,,1.499575,0.2064070600359248,1.516076174313822,6.214169421772926,4.067262661566643,6.214169421773348,0.009054694378723081,False,unknown,True,True,unknown,,unknown,,yes,yes,https://doi.org/10.1021/ja308936b
10.1039_c8ta08238c__sample_40610,unknown,p,(Bi0.5Sb1.5Te3)87.21(Sb2O3)12.79,10.1039/c8ta08238c,,1.497599,1.414720861992444,1.4908931141459478,0.11591197850601807,0.12035559701990395,0.11591197850600854,1.3737853126465815,False,unknown,True,True,unknown,,unknown,,yes,yes,https://doi.org/10.1039/c8ta08238c
10.1007_s11664-009-0993-y__sample_16741,unknown,p,(GeTe)80(Ag1.2Sb0.8Te1.8)20,10.1007/s11664-009-0993-y,,1.497537,0.8028335116444748,0.8648608537282515,0.04081203108882347,0.06896175314455427,0.06614715514294567,1.8966974088752129,False,unknown,True,True,unknown,,unknown,,yes,yes,https://doi.org/10.1007/s11664-009-0993-y
10.1021_jacs.1c01801__sample_44419,unknown,p,Cu0.78Ag0.2In0.2Ga0.8Te2,10.1021/jacs.1c01801,,1.496356,0.9878496182274374,1.124161694520154,0.11375818220927868,0.08819813879897326,0.1069304251213541,0.6437059218937083,False,unknown,True,True,unknown,,unknown,,yes,yes,https://doi.org/10.1021/jacs.1c01801
10.1007_s11664-012-2416-8__sample_15527,unknown,p,(GeTe)0.835(Mn0.6Sn0.4Te)0.15(Bi2Te3)0.015,10.1007/s11664-012-2416-8,,1.495044,1.443973948578572,1.4968692184290382,0.13802999440404853,0.13681384826465545,0.13802999440402683,1.7942603732568823,False,unknown,True,True,unknown,,unknown,,yes,yes,https://doi.org/10.1007/s11664-012-2416-8
10.1002_aelm.201901391__sample_34795,unknown,n,Mg3.19Ce0.01Sb1.5Bi0.5,10.1002/aelm.201901391,,1.494264,1.7676410517710464,1.5067881860131052,0.20823550207121366,0.20925102673481843,0.20823550207118458,0.4038894957503033,False,unknown,True,True,unknown,,unknown,,yes,yes,https://doi.org/10.1002/aelm.201901391
10.1002_adfm.202008851__sample_41929,unknown,p,Bi0.5Sb1.5Te3C0.28,10.1002/adfm.202008851,,1.492267,1.457209060330827,1.487743054111362,0.12391929423655192,0.12874004329979472,0.1239192942365292,1.2768031037441674,False,unknown,True,True,unknown,,unknown,,yes,yes,https://doi.org/10.1002/adfm.202008851
10.1002_anie.201605015__sample_15232,unknown,p,CsAg5Te3,10.1002/anie.201605015,,1.492089,1.2789132964253478,0.9398321250114224,9.10146991180293,28.767388893086583,12.100108082600393,0.04875104069518955,False,unknown,True,True,unknown,,unknown,,yes,yes,https://doi.org/10.1002/anie.201605015
10.1016_j.jallcom.2019.07.120__sample_39344,unknown,p,GeTe,10.1016/j.jallcom.2019.07.120,,1.491939,0.29780330469610927,0.3162844164336892,0.29484028620893443,0.2601893504472949,0.2301916209761176,8.440216512414986,False,unknown,True,True,unknown,,unknown,,yes,yes,https://doi.org/10.1016/j.jallcom.2019.07.120
10.1073_pnas.1711725114__sample_24313,unknown,n,Mg3.1Ta0.1Sb1.5Bi0.49Te0.01,10.1073/pnas.1711725114,,1.490418,2.011806700026296,1.4810309599233171,0.18444302311652733,0.14923047430149902,0.18444302311649244,0.5216346368491158,False,unknown,True,True,unknown,,unknown,,yes,yes,https://doi.org/10.1073/pnas.1711725114
10.1039_c9ee03087e__sample_35656,unknown,p,Ge0.93Cd0.03Sb0.04Te,10.1039/c9ee03087e,,1.489791,2.0423941470234843,1.52051479453727,0.1756519268341505,0.17997047686480455,0.17565192683415884,3.440378488554571,False,unknown,True,True,unknown,,unknown,,yes,yes,https://doi.org/10.1039/c9ee03087e
10.1039_c9ta00400a__sample_41010,unknown,n,(PbTe0.90S0.10I0.004)92.36(Sb)7.64,10.1039/c9ta00400a,,1.48951,2.763642138358596,1.499923014979563,0.31255050267715245,0.4055016680878338,0.40133931710414095,1.477928167583456,False,unknown,True,True,unknown,,unknown,,yes,yes,https://doi.org/10.1039/c9ta00400a
10.1038_srep40436__sample_15447,unknown,p,Cu1.98S0.02Se0.98,10.1038/srep40436,,1.489089,2.4155288825565906,1.5190085543723202,0.1536643239177096,0.0265607389868,0.13960744926567298,1.1270467488120806,False,unknown,True,True,unknown,,unknown,,yes,yes,https://doi.org/10.1038/srep40436
10.1002_adfm.201908315__sample_36217,unknown,p,Cu1.96Se0.96S0.04,10.1002/adfm.201908315,,1.48855,1.3435843382924801,1.25414332204543,0.1542402979763974,0.11807044928114377,0.14709065528116205,2.1148496891734165,False,unknown,True,True,unknown,,unknown,,yes,yes,https://doi.org/10.1002/adfm.201908315
10.1073_pnas.1711725114__sample_24314,unknown,n,Mg3.1W0.1Sb1.5Bi0.49Te0.01,10.1073/pnas.1711725114,,1.487884,1.5047420542842591,1.4533777290674927,0.2488051007511871,0.27601489851504996,0.25023673439002103,0.3885914730601351,False,unknown,True,True,unknown,,unknown,,yes,yes,https://doi.org/10.1073/pnas.1711725114
10.1063_1.4768297__sample_21211,unknown,n,Si0.8Ge0.2,10.1063/1.4768297,,1.483594,0.932507119262835,1.52843979128079,0.21243970720143682,0.37145396970947914,0.3898960727256257,1.0947434108418963,False,unknown,True,False,unknown,,unknown,,yes,yes,https://doi.org/10.1063/1.4768297
10.1039_d0ta00174k__sample_34377,unknown,n,PbZn0.01Se,10.1039/d0ta00174k,,1.482966,3.8827795281665956,1.444550971500656,0.660069918584792,0.641603359060256,0.6657632933626549,2.0102199282535933,False,unknown,True,True,unknown,,unknown,,yes,yes,https://doi.org/10.1039/d0ta00174k
10.1073_pnas.1711725114__sample_24320,unknown,n,Mg3.15Co0.05Sb1.5Bi0.49Te0.01,10.1073/pnas.1711725114,,1.480865,0.8893532659862902,1.081998942390318,0.10433691909420587,0.07838868508692667,0.10974371921546415,0.6273343475261041,False,unknown,True,True,unknown,,unknown,,yes,yes,https://doi.org/10.1073/pnas.1711725114
10.1039_d4ee01652a__sample_83925,unknown,p,(Bi0.4Sb1.6Te3)99.13(C8H10N4Zn)0.87,10.1039/d4ee01652a,,1.48,2.1160844576731437,2.281581061865066,0.12476523620074362,0.5832643071575397,0.115153582237267,1.2558711137029472,False,unknown,True,True,unknown,,unknown,,yes,yes,https://doi.org/10.1039/d4ee01652a
10.1016_j.scriptamat.2018.05.026__sample_39768,unknown,p,Bi0.4Sb1.59Ge0.01Te3,10.1016/j.scriptamat.2018.05.026,,1.478817,1.3750328876279718,1.4779111451536402,0.10546943484672314,0.07686970994959541,0.09157842946534167,1.4645802282546385,False,unknown,True,True,unknown,,unknown,,yes,yes,https://doi.org/10.1016/j.scriptamat.2018.05.026
10.1002_adma.202102575__sample_46217,unknown,p,Ge0.92Ta0.02Sb0.06Te,10.1002/adma.202102575,,1.478488,1.5824779509332185,1.4700526243924166,0.12102384906386297,0.0656014594051655,0.11643530976444134,2.238977499492333,False,unknown,True,True,unknown,,unknown,,yes,yes,https://doi.org/10.1002/adma.202102575
10.1073_pnas.1711725114__sample_24316,unknown,n,Mg3.1Mo0.1Sb1.5Bi0.49Te0.01,10.1073/pnas.1711725114,,1.478163,0.5951279328115909,0.7423275862213624,0.45089213735928535,0.4683911856905545,0.4688384762949021,0.36521854985696495,False,unknown,True,True,unknown,,unknown,,yes,yes,https://doi.org/10.1073/pnas.1711725114
10.1002_aenm.201502423__sample_42693,unknown,p,Bi0.88Ca0.06Pb0.06CuSeO,10.1002/aenm.201502423,,1.470229,1.726972371286091,1.4912917994247623,0.16105038314428255,0.16419895173294,0.16105038314426456,0.6947244195812989,False,unknown,True,True,unknown,,unknown,,yes,yes,https://doi.org/10.1002/aenm.201502423
10.1002_aelm.201901391__sample_34790,unknown,n,Mg3.185La0.015Sb1.5Bi0.5,10.1002/aelm.201901391,,1.469018,1.8952534368145173,1.4749983153635529,0.1769943616566182,0.1720301546046439,0.17699436165659466,0.545348056272499,False,unknown,True,True,unknown,,unknown,,yes,yes,https://doi.org/10.1002/aelm.201901391
10.1021_jacs.8b11050__sample_45293,unknown,p,Pb0.93Na0.02Hg0.05Se,10.1021/jacs.8b11050,,1.466764,2.598829315098742,1.4493620745931175,0.3982317475136012,0.4478388060173966,0.39823174751360974,2.12696098669543,False,unknown,True,True,unknown,,unknown,,yes,yes,https://doi.org/10.1021/jacs.8b11050
10.1021_acsami.1c00221__sample_44395,unknown,p,Ga0.02(Sn0.25Pb0.25Mn0.25Ge0.25)0.98Te,10.1021/acsami.1c00221,,1.465151,1.4686922333583163,1.4644333156527818,0.11096416152978825,0.11953516258137832,0.11096416152977677,0.7488753703898191,False,unknown,True,True,unknown,,unknown,,yes,yes,https://doi.org/10.1021/acsami.1c00221
10.1021_acsami.1c00221__sample_44396,unknown,p,Ga0.025(Sn0.25Pb0.25Mn0.25Ge0.25)0.975Te,10.1021/acsami.1c00221,,1.465151,1.423837812005282,1.5255766114394511,0.12985178209360576,0.22163130481274543,0.12985178209356377,0.5874055543354334,False,unknown,True,True,unknown,,unknown,,yes,yes,https://doi.org/10.1021/acsami.1c00221
10.1039_d2ra01546c__sample_56473,unknown,p,(Cu2Se)98.16(CB4)1.84,10.1039/d2ra01546c,,1.461806,1.5925713083469022,1.1580966950850216,0.1699026965026127,0.4397666184793847,0.1699026965026071,2.1083358902833775,False,unknown,True,True,unknown,,unknown,,yes,yes,https://doi.org/10.1039/d2ra01546c
10.1039_c9ee03446c__sample_35173,unknown,p,(Fe3O4)0.0015Bi0.5Sb1.5Te3,10.1039/c9ee03446c,,1.460736,1.3801309139096725,1.5001550169660898,0.08705054854990195,0.04818371636297099,0.08705054854989373,1.046252204269055,False,unknown,True,True,unknown,,unknown,,yes,yes,https://doi.org/10.1039/c9ee03446c
10.1039_c8ta03521k__sample_45820,unknown,p,Bi0.94Pb0.06Cu0.99Fe0.01SeO,10.1039/c8ta03521k,,1.459111,1.607636290885683,1.4571680029198464,0.11799105467595843,0.14151668792323002,0.13913662042310834,0.6172063066629692,False,unknown,True,True,unknown,,unknown,,yes,yes,https://doi.org/10.1039/c8ta03521k
10.1021_acsaem.9b00057__sample_39732,unknown,p,Ge0.93Te0.07Te1.005I0.03,10.1021/acsaem.9b00057,,1.458959,1.5485446709100446,1.4381191292013202,0.17280400993830003,0.07336696796591596,0.09147941170879023,1.9423016709743266,False,unknown,True,True,unknown,,unknown,,yes,yes,https://doi.org/10.1021/acsaem.9b00057
10.1021_jacs.7b13611__sample_44936,unknown,p,Ge0.84Mn0.1Sb0.06Te,10.1021/jacs.7b13611,,1.458592,1.7486444349003833,1.4496584440274745,0.0950176715645905,0.23819712296481568,0.09501767156458361,2.3554113501498826,False,unknown,True,True,unknown,,unknown,,yes,yes,https://doi.org/10.1021/jacs.7b13611
10.1021_ja301245b__sample_31667,unknown,p,K0.02Pb0.98Te0.75Se0.25,10.1021/ja301245b,,1.457568,2.388172956572032,1.485238599005642,0.6930901171645,0.5893710600231418,0.5974383103480503,1.1893785384481546,False,unknown,True,True,unknown,,unknown,,yes,yes,https://doi.org/10.1021/ja301245b
10.1021_acs.chemmater.6b02308__sample_9547,unknown,n,Mg2.16(Si0.3Ge0.05Sn0.65)0.98Sb0.02,10.1021/acs.chemmater.6b02308,,1.455431,2.0166723488845983,1.385043516329792,0.24741357325380386,0.2815243570686795,0.24630121750251455,2.2096417331216687,False,unknown,True,True,unknown,,unknown,,yes,yes,https://doi.org/10.1021/acs.chemmater.6b02308
10.1016_j.jallcom.2019.07.120__sample_39295,unknown,p,Ge0.97Bi0.03Te,10.1016/j.jallcom.2019.07.120,,1.45369,0.6597083881991587,0.6514168683352024,0.21167232358543606,0.14778959736951805,0.15856077999737495,5.859164480155544,False,unknown,True,True,unknown,,unknown,,yes,yes,https://doi.org/10.1016/j.jallcom.2019.07.120
10.1007_s11664-010-1202-8__sample_20905,unknown,p,(Ag1.2SbTe2.1)15(GeTe)85,10.1007/s11664-010-1202-8,,1.453293,1.3296060423821687,1.4242297634863,0.04252078496647704,0.061373043045899904,0.04764378023675428,1.9233715243793779,False,unknown,True,True,unknown,,unknown,,yes,yes,https://doi.org/10.1007/s11664-010-1202-8
10.1038_ncomms9144__sample_20839,unknown,p,FeNb0.86Hf0.14Sb,10.1038/ncomms9144,,1.452751,0.9185284158676472,1.2257659329901942,0.23343631003431553,0.2810310333748481,0.3466433643825145,5.991455230201786,False,unknown,True,True,unknown,,unknown,,yes,yes,https://doi.org/10.1038/ncomms9144
10.1021_acsami.9b15348__sample_41142,unknown,n,(Mg2Si0.30Sn0.67Bi0.03)90.08(SiC)9.92,10.1021/acsami.9b15348,,1.452603,2.006164498933072,1.4444871911377692,0.14849498044698806,0.14796123653778664,0.14849498044698853,2.2483710274259243,False,unknown,True,False,unknown,,unknown,,yes,yes,https://doi.org/10.1021/acsami.9b15348
10.1016_j.jallcom.2019.07.120__sample_39035,unknown,p,Ge0.97Bi0.03Te,10.1016/j.jallcom.2019.07.120,,1.451703,1281280.6346554426,1123082.1862875894,0.24327862751743234,989777.5826696432,0.12182642734895725,5.795177847862843,False,unknown,True,True,unknown,,unknown,,yes,yes,https://doi.org/10.1016/j.jallcom.2019.07.120
10.1016_j.mtphys.2018.05.001__sample_44012,unknown,n,Ag9GaSe5.68Te0.3,10.1016/j.mtphys.2018.05.001,,1.45101,2.0128600270072186,1.4478222940882948,0.1858750206726956,0.18399452762494645,0.18627637206009323,0.45421555209649744,False,unknown,True,True,unknown,,unknown,,yes,yes,https://doi.org/10.1016/j.mtphys.2018.05.001
10.1039_d0ee02323j__sample_37116,unknown,p,Cu0.87Ag0.2In0.93Te2,10.1039/d0ee02323j,,1.448702,0.41994147139999477,1.5122647320686258,0.7828660069469637,1.021108417800861,0.9574097191766162,0.111935049249804,False,unknown,True,True,unknown,,unknown,,yes,yes,https://doi.org/10.1039/d0ee02323j
10.1021_acs.jpcc.7b00870__sample_39925,unknown,p,Sn0.96Mg0.04In0.04Te,10.1021/acs.jpcc.7b00870,,1.446089,1.1567947775574456,1.3722700858741743,0.12100760010795251,0.20547173093093285,0.1213635765629802,2.771366085000315,False,unknown,True,True,unknown,,unknown,,yes,yes,https://doi.org/10.1021/acs.jpcc.7b00870
10.7498_aps.70.20202020__sample_45463,unknown,p,Sn0.89Mn0.15In0.01Te(Cu2Te)0.05,10.7498/aps.70.20202020,,1.445736,1.6616430067638732,1.4874785431080626,0.14140917711035372,0.07827265019956661,0.1161871286005899,2.8599192320887825,False,unknown,True,True,unknown,,unknown,,yes,yes,https://doi.org/10.7498/aps.70.20202020
10.1007_s11664-013-2865-8__sample_8618,unknown,n,Mg2.08Si0.364Sn0.6Sb0.036,10.1007/s11664-013-2865-8,,1.445652,2.0332712951510077,1.7845871613912043,0.3354242700913249,0.17474821824090683,0.2714008427720663,1.520203792435471,False,unknown,True,True,unknown,,unknown,,yes,yes,https://doi.org/10.1007/s11664-013-2865-8
10.1007_s11664-012-2416-8__sample_15529,unknown,p,(GeTe)0.81(Mn0.6Sn0.4Te)0.15(Bi2Te3)0.04,10.1007/s11664-012-2416-8,,1.443732,1.4351767482190765,1.447464393328293,0.1347652711183043,0.14241887712243054,0.13476527111828204,1.7713002830661462,False,unknown,True,True,unknown,,unknown,,yes,yes,https://doi.org/10.1007/s11664-012-2416-8
10.1016_j.actamat.2011.01.064__sample_3148,unknown,n,Ba0.3In0.2Co4Sb12,10.1016/j.actamat.2011.01.064,,1.44188,1.1918277228539882,1.3450113187071735,0.11389019090219656,0.22894949416983157,0.11389019090220413,3.211056427360403,False,unknown,True,True,unknown,,unknown,,yes,yes,https://doi.org/10.1016/j.actamat.2011.01.064
10.1021_jacs.8b12450__sample_45322,unknown,p,Sn0.98Na0.02Se0.975Te0.025,10.1021/jacs.8b12450,,1.441642,3.69839627954153,1.6393132326199114,0.7003927596032405,0.739267089893673,0.7003927596032123,0.7672935992531207,False,unknown,True,True,unknown,,unknown,,yes,yes,https://doi.org/10.1021/jacs.8b12450
10.1002_adfm.202008851__sample_41917,unknown,p,Bi0.5Sb1.5Te3C0.22,10.1002/adfm.202008851,,1.441427,1.311991508809302,1.4449830366587293,0.14561827433211547,0.1471287900084083,0.14561827433209498,1.486758317122562,False,unknown,True,True,unknown,,unknown,,yes,yes,https://doi.org/10.1002/adfm.202008851
10.1016_j.jallcom.2010.03.170__sample_20832,unknown,p,Ag0.9Sb1.1Te2.1,10.1016/j.jallcom.2010.03.170,,1.440351,1.1081540373994685,1.2333806274982204,0.12931303782620937,0.06790207721674783,0.09603128064455037,0.5791220740475521,False,unknown,True,True,unknown,,unknown,,yes,yes,https://doi.org/10.1016/j.jallcom.2010.03.170
10.1007_s12613-011-0446-5__sample_16668,unknown,p,AgSbTe2,10.1007/s12613-011-0446-5,,1.438722,1.1066322277688365,1.155148299899558,0.08501197072105762,0.03971275118464991,0.07635076178672229,0.5168968028225638,False,unknown,True,True,unknown,,unknown,,yes,yes,https://doi.org/10.1007/s12613-011-0446-5
10.15541_jim20200635__sample_45625,unknown,n,(PbTe)0.945(PbS)0.05(Sb2Se3)0.005,10.15541/jim20200635,,1.436633,2.703913234053344,1.445341739192893,0.4775625989210512,0.6702955778521162,0.5300918451775061,0.8687022803811686,False,unknown,True,True,unknown,,unknown,,yes,yes,https://doi.org/10.15541/jim20200635
10.1039_c7ee00098g__sample_31367,unknown,n,Mg3.19Nb0.01Sb1.5Bi0.49Te0.01,10.1039/c7ee00098g,,1.430769,1.0714033844294257,1.2520141089035657,0.08322980221288588,0.1402319581452808,0.14425614151609467,0.5525283934477696,False,unknown,True,True,unknown,,unknown,,yes,yes,https://doi.org/10.1039/c7ee00098g
10.1126_science.1156446__sample_9107,unknown,p,Bi8Sb44Te48,10.1126/science.1156446,,1.430189,1.4970387059232682,1.4320870414752211,0.15962172813254918,0.16172995538685617,0.15962172813254336,1.6261745754551646,False,unknown,True,True,unknown,,unknown,,yes,yes,https://doi.org/10.1126/science.1156446
10.1021_acsami.0c01004__sample_32843,unknown,n,Mg3.19Mn0.01Sb1.5Bi0.49Se0.01,10.1021/acsami.0c01004,,1.429412,1.4999755497847551,1.5077492932231178,0.18084476863836732,0.2023530460589321,0.180844768638368,0.43532013318164064,False,unknown,True,True,unknown,,unknown,,yes,yes,https://doi.org/10.1021/acsami.0c01004
10.1039_c9ta11180h__sample_35728,unknown,p,(Sn0.95Cd0.05Te)0.93(Cu2Te)0.07I0.01,10.1039/c9ta11180h,,1.427451,1.937510055213378,1.387606378811041,0.23782986443677873,0.22123465389987462,0.23782986443677562,3.9978323598900185,False,unknown,True,True,unknown,,unknown,,yes,yes,https://doi.org/10.1039/c9ta11180h
10.1007_s11664-012-2416-8__sample_15530,unknown,p,(GeTe)0.8(Mn0.6Sn0.4Te)0.15(Bi2Te3)0.05,10.1007/s11664-012-2416-8,,1.427405,1.3802352813839964,1.4239281127625136,0.13260529450871308,0.1333866074722644,0.13260529450868036,1.7637054329966857,False,unknown,True,True,unknown,,unknown,,yes,yes,https://doi.org/10.1007/s11664-012-2416-8
10.1016_j.nanoen.2020.104832__sample_33391,unknown,p,Sn0.91Ca0.09In0.03Te,10.1016/j.nanoen.2020.104832,,1.426295,1.7796955429179075,1.4114462049531171,0.1689725597416376,0.17469980765993517,0.1689725597416449,3.799207379400151,False,unknown,True,True,unknown,,unknown,,yes,yes,https://doi.org/10.1016/j.nanoen.2020.104832
