prefactor_group_key_step12,temperature_bin_K_step12,prefactor_source_step12,row_count,sample_count,median_prefactor_C_S_per_m_step12,min_prefactor_C_S_per_m_step12,max_prefactor_C_S_per_m_step12,example_sample_keys
all_data,1375.0,global_median,1,1,42617.044906990115,42617.044906990115,42617.044906990115,10.1063_1.336088__sample_6974
all_data,1475.0,global_median,1,1,42619.57,42619.57,42619.57,10.1016_s0272-8842_99_00089-9__sample_19843
all_data,1500.0,global_median,2,2,42619.64699908431,42619.57,42619.72399816862,10.1016_s0272-8842_99_00089-9__sample_19842;10.1016_s0272-8842_99_00089-9__sample_19844
material_system=unknown|n_or_p=n|fitting_source_actual_step10=Electrical conductivity|temperature_bin_K_step12=0.0,0.0,material_system+n_or_p+fitting_source+temperature_bin,167,93,40772.19,35917.600000000006,44134.57,10.1007_s11664-009-0990-1__sample_1320;10.1007_s11664-009-0990-1__sample_1321;10.1007_s11664-009-0990-1__sample_5427;10.1007_s11664-010-1477-9__sample_5749;10.1007_s11664-010-1477-9__sample_5750
material_system=unknown|n_or_p=n|fitting_source_actual_step10=Electrical conductivity|temperature_bin_K_step12=100.0,100.0,material_system+n_or_p+fitting_source+temperature_bin,737,287,63915.634999999995,62269.08,64427.86,10.1002_adma.201505922__sample_32232;10.1002_andp.201900340__sample_38959;10.1002_andp.201900340__sample_38960;10.1002_andp.201900340__sample_38961;10.1002_andp.201900340__sample_38962
material_system=unknown|n_or_p=n|fitting_source_actual_step10=Electrical conductivity|temperature_bin_K_step12=1000.0,1000.0,material_system+n_or_p+fitting_source+temperature_bin,211,208,28416.97,28100.0,28815.2,10.1002_adfm.201705845__sample_83050;10.1002_adfm.201705845__sample_83051;10.1002_adfm.201705845__sample_83052;10.1002_adfm.201903157__sample_45714;10.1002_adfm.201903157__sample_45715
material_system=unknown|n_or_p=n|fitting_source_actual_step10=Electrical conductivity|temperature_bin_K_step12=1025.0,1025.0,material_system+n_or_p+fitting_source+temperature_bin,134,131,27808.905,26917.65,28600.0,10.1002_adfm.201705845__sample_83049;10.1002_adfm.201705845__sample_83053;10.1002_adfm.201705845__sample_83055;10.1002_adma.201800881__sample_83334;10.1002_adma.201800881__sample_83335
material_system=unknown|n_or_p=n|fitting_source_actual_step10=Electrical conductivity|temperature_bin_K_step12=1050.0,1050.0,material_system+n_or_p+fitting_source+temperature_bin,179,166,29045.485,28890.97,29717.98,10.1002_adfm.201705845__sample_83050;10.1002_adfm.201705845__sample_83051;10.1002_adfm.201705845__sample_83052;10.1002_adfm.201705845__sample_83054;10.1002_adfm.201903157__sample_45714
material_system=unknown|n_or_p=n|fitting_source_actual_step10=Electrical conductivity|temperature_bin_K_step12=1075.0,1075.0,material_system+n_or_p+fitting_source+temperature_bin,195,195,27218.52,27053.39,27276.14,10.1002_adfm.201705845__sample_83049;10.1002_adfm.201705845__sample_83053;10.1002_adfm.201705845__sample_83055;10.1002_adma.201800881__sample_83334;10.1002_adma.201800881__sample_83335
material_system=unknown|n_or_p=n|fitting_source_actual_step10=Electrical conductivity|temperature_bin_K_step12=1100.0,1100.0,material_system+n_or_p+fitting_source+temperature_bin,82,78,54260.354999999996,52750.97,55680.47,10.1002_adfm.201705845__sample_83050;10.1002_adfm.201705845__sample_83051;10.1002_adfm.201705845__sample_83052;10.1002_adfm.201705845__sample_83054;10.1002_adma.201800881__sample_83334
material_system=unknown|n_or_p=n|fitting_source_actual_step10=Electrical conductivity|temperature_bin_K_step12=1125.0,1125.0,material_system+n_or_p+fitting_source+temperature_bin,64,61,32654.86,31460.455,33670.0,10.1002_adfm.201705845__sample_83049;10.1002_adfm.201705845__sample_83053;10.1002_adfm.201705845__sample_83055;10.1002_andp.201900435__sample_39495;10.1002_andp.201900435__sample_39496
material_system=unknown|n_or_p=n|fitting_source_actual_step10=Electrical conductivity|temperature_bin_K_step12=1150.0,1150.0,material_system+n_or_p+fitting_source+temperature_bin,50,48,56114.5,54950.0,56764.5,10.1002_adfm.201705845__sample_83050;10.1002_adfm.201705845__sample_83051;10.1002_adfm.201705845__sample_83052;10.1002_adfm.201705845__sample_83054;10.1002_adma.201800881__sample_83334
material_system=unknown|n_or_p=n|fitting_source_actual_step10=Electrical conductivity|temperature_bin_K_step12=1175.0,1175.0,material_system+n_or_p+fitting_source+temperature_bin,64,63,20721.940000000002,19854.815000000002,21219.16,10.1007_s10853-012-6834-z__sample_27141;10.1007_s10853-012-6834-z__sample_27142;10.1007_s10853-012-6834-z__sample_27143;10.1007_s10853-012-6834-z__sample_27144;10.1007_s11664-016-4487-4__sample_30004
material_system=unknown|n_or_p=n|fitting_source_actual_step10=Electrical conductivity|temperature_bin_K_step12=1200.0,1200.0,material_system+n_or_p+fitting_source+temperature_bin,20,20,57560.485,56245.23,58875.74,10.1016_j.jallcom.2017.12.211__sample_39009;10.1016_j.matchemphys.2012.01.032__sample_25836;10.1016_j.matchemphys.2012.01.032__sample_25838;10.1016_j.matchemphys.2012.01.032__sample_25840;10.1016_j.matchemphys.2012.01.032__sample_25841
material_system=unknown|n_or_p=n|fitting_source_actual_step10=Electrical conductivity|temperature_bin_K_step12=1225.0,1225.0,material_system+n_or_p+fitting_source+temperature_bin,19,18,8969.1685,8272.211,9646.6775,10.1007_s11664-011-1589-x__sample_19864;10.1007_s11664-011-1589-x__sample_19865;10.1007_s11664-011-1589-x__sample_19866;10.1039_c8ta01463a__sample_45797;10.1039_c8ta01463a__sample_45798
material_system=unknown|n_or_p=n|fitting_source_actual_step10=Electrical conductivity|temperature_bin_K_step12=125.0,125.0,material_system+n_or_p+fitting_source+temperature_bin,707,290,56718.055,55063.37,57630.55,10.1002_adma.201505922__sample_32232;10.1002_andp.201900340__sample_38959;10.1002_andp.201900340__sample_38960;10.1002_andp.201900340__sample_38961;10.1002_andp.201900340__sample_38962
material_system=unknown|n_or_p=n|fitting_source_actual_step10=Electrical conductivity|temperature_bin_K_step12=1250.0,1250.0,material_system+n_or_p+fitting_source+temperature_bin,9,9,51193.005000000005,50837.975,65266.270000000004,10.1016_j.matchemphys.2012.01.032__sample_25836;10.1016_j.matchemphys.2012.01.032__sample_25838;10.1016_j.matchemphys.2012.01.032__sample_25840;10.1016_j.matchemphys.2012.01.032__sample_25841;10.1039_c3cp53749h__sample_21243
material_system=unknown|n_or_p=n|fitting_source_actual_step10=Electrical conductivity|temperature_bin_K_step12=1275.0,1275.0,material_system+n_or_p+fitting_source+temperature_bin,6,6,32708.34,30380.82,35035.86,10.1016_j.scriptamat.2014.10.001__sample_21190;10.1016_j.scriptamat.2014.10.001__sample_21191;10.1016_j.scriptamat.2014.10.001__sample_21192;10.1016_j.scriptamat.2014.10.001__sample_21193;10.1016_j.scriptamat.2014.10.001__sample_21194
material_system=unknown|n_or_p=n|fitting_source_actual_step10=Electrical conductivity|temperature_bin_K_step12=150.0,150.0,material_system+n_or_p+fitting_source+temperature_bin,657,272,85009.41500000001,83826.07,85831.77,10.1007_s10765-006-0014-9__sample_7081;10.1007_s11664-009-0990-1__sample_1320;10.1007_s11664-009-0990-1__sample_1321;10.1007_s11664-009-0990-1__sample_5427;10.1007_s11664-010-1477-9__sample_5749
material_system=unknown|n_or_p=n|fitting_source_actual_step10=Electrical conductivity|temperature_bin_K_step12=175.0,175.0,material_system+n_or_p+fitting_source+temperature_bin,654,272,71238.6325,69682.6,73434.71,10.1002_adma.201505922__sample_32232;10.1007_s10765-006-0014-9__sample_7081;10.1007_s11664-009-0990-1__sample_1320;10.1007_s11664-009-0990-1__sample_1321;10.1007_s11664-009-0990-1__sample_5427
material_system=unknown|n_or_p=n|fitting_source_actual_step10=Electrical conductivity|temperature_bin_K_step12=200.0,200.0,material_system+n_or_p+fitting_source+temperature_bin,715,316,82315.85,80526.18,82560.65,10.1002_adma.201505922__sample_32232;10.1002_andp.201900340__sample_38959;10.1002_andp.201900340__sample_38960;10.1002_andp.201900340__sample_38961;10.1002_andp.201900340__sample_38962
material_system=unknown|n_or_p=n|fitting_source_actual_step10=Electrical conductivity|temperature_bin_K_step12=225.0,225.0,material_system+n_or_p+fitting_source+temperature_bin,713,292,78739.37,77675.995,79408.4,10.1002_adma.201104305__sample_84020;10.1002_adma.201104305__sample_84021;10.1002_adma.201505922__sample_32232;10.1007_s10765-006-0014-9__sample_7081;10.1007_s11664-009-0990-1__sample_1320
material_system=unknown|n_or_p=n|fitting_source_actual_step10=Electrical conductivity|temperature_bin_K_step12=25.0,25.0,material_system+n_or_p+fitting_source+temperature_bin,415,134,36340.255,34155.39,43936.78999999999,10.1002_adma.201505922__sample_32232;10.1007_s11664-009-0990-1__sample_1320;10.1007_s11664-009-0990-1__sample_1321;10.1007_s11664-009-0990-1__sample_5427;10.1007_s11664-010-1477-9__sample_5749
material_system=unknown|n_or_p=n|fitting_source_actual_step10=Electrical conductivity|temperature_bin_K_step12=250.0,250.0,material_system+n_or_p+fitting_source+temperature_bin,734,293,79154.965,77203.055,79300.0,10.1002_adma.201104305__sample_84020;10.1002_adma.201104305__sample_84021;10.1002_adma.201505922__sample_32232;10.1002_andp.201900340__sample_38967;10.1002_andp.201900340__sample_38969
material_system=unknown|n_or_p=n|fitting_source_actual_step10=Electrical conductivity|temperature_bin_K_step12=275.0,275.0,material_system+n_or_p+fitting_source+temperature_bin,769,335,70372.195,69192.86,71246.82,10.1002_adma.201104305__sample_84020;10.1002_adma.201104305__sample_84021;10.1002_adma.201505922__sample_32232;10.1002_andp.201900340__sample_38959;10.1002_andp.201900340__sample_38960
material_system=unknown|n_or_p=n|fitting_source_actual_step10=Electrical conductivity|temperature_bin_K_step12=300.0,300.0,material_system+n_or_p+fitting_source+temperature_bin,3749,3198,84154.555,83923.96,84453.8,10.1002_adfm.200901905__sample_255;10.1002_adfm.201202571__sample_4922;10.1002_adfm.201202571__sample_4923;10.1002_adfm.201202571__sample_4924;10.1002_adfm.201202571__sample_4925
material_system=unknown|n_or_p=n|fitting_source_actual_step10=Electrical conductivity|temperature_bin_K_step12=325.0,325.0,material_system+n_or_p+fitting_source+temperature_bin,3818,3107,68038.98999999999,67822.26,68408.68,10.1002_adfm.200901905__sample_255;10.1002_adfm.201202571__sample_4922;10.1002_adfm.201202571__sample_4923;10.1002_adfm.201202571__sample_4924;10.1002_adfm.201202571__sample_4925
material_system=unknown|n_or_p=n|fitting_source_actual_step10=Electrical conductivity|temperature_bin_K_step12=350.0,350.0,material_system+n_or_p+fitting_source+temperature_bin,3018,2303,73492.975,73362.45,73900.0,10.1002_adfm.201202571__sample_4922;10.1002_adfm.201202571__sample_4923;10.1002_adfm.201202571__sample_4924;10.1002_adfm.201202571__sample_4925;10.1002_adfm.201202571__sample_4926
material_system=unknown|n_or_p=n|fitting_source_actual_step10=Electrical conductivity|temperature_bin_K_step12=375.0,375.0,material_system+n_or_p+fitting_source+temperature_bin,3891,3393,69009.9,68924.23000000001,69399.35,10.1002_adfm.200901905__sample_255;10.1002_adfm.201202571__sample_4922;10.1002_adfm.201202571__sample_4923;10.1002_adfm.201202571__sample_4924;10.1002_adfm.201202571__sample_4925
material_system=unknown|n_or_p=n|fitting_source_actual_step10=Electrical conductivity|temperature_bin_K_step12=400.0,400.0,material_system+n_or_p+fitting_source+temperature_bin,2836,2326,72126.17,72012.82500000001,72295.34,10.1002_adfm.201202571__sample_4922;10.1002_adfm.201202571__sample_4923;10.1002_adfm.201202571__sample_4924;10.1002_adfm.201202571__sample_4925;10.1002_adfm.201202571__sample_4926
material_system=unknown|n_or_p=n|fitting_source_actual_step10=Electrical conductivity|temperature_bin_K_step12=425.0,425.0,material_system+n_or_p+fitting_source+temperature_bin,3471,3013,62653.14,62403.175,62955.79,10.1002_adfm.200901905__sample_255;10.1002_adfm.201202571__sample_4922;10.1002_adfm.201202571__sample_4923;10.1002_adfm.201202571__sample_4924;10.1002_adfm.201202571__sample_4925
material_system=unknown|n_or_p=n|fitting_source_actual_step10=Electrical conductivity|temperature_bin_K_step12=450.0,450.0,material_system+n_or_p+fitting_source+temperature_bin,2657,2141,64174.55,63712.65,64283.08,10.1002_adfm.201202571__sample_4922;10.1002_adfm.201202571__sample_4923;10.1002_adfm.201202571__sample_4924;10.1002_adfm.201202571__sample_4925;10.1002_adfm.201202571__sample_4926
material_system=unknown|n_or_p=n|fitting_source_actual_step10=Electrical conductivity|temperature_bin_K_step12=475.0,475.0,material_system+n_or_p+fitting_source+temperature_bin,3722,3310,58582.4,58436.655,58709.68,10.1002_adfm.200901905__sample_255;10.1002_adfm.201202571__sample_4922;10.1002_adfm.201202571__sample_4923;10.1002_adfm.201202571__sample_4924;10.1002_adfm.201202571__sample_4925
material_system=unknown|n_or_p=n|fitting_source_actual_step10=Electrical conductivity|temperature_bin_K_step12=50.0,50.0,material_system+n_or_p+fitting_source+temperature_bin,393,136,41769.53999999999,39969.485,43360.66,10.1007_s11664-009-0990-1__sample_1320;10.1007_s11664-009-0990-1__sample_1321;10.1007_s11664-009-0990-1__sample_5427;10.1007_s11664-010-1477-9__sample_5749;10.1007_s11664-010-1477-9__sample_5750
material_system=unknown|n_or_p=n|fitting_source_actual_step10=Electrical conductivity|temperature_bin_K_step12=500.0,500.0,material_system+n_or_p+fitting_source+temperature_bin,2498,2104,63093.96000000001,63034.83500000001,63202.74,10.1002_adfm.201202571__sample_4922;10.1002_adfm.201202571__sample_4923;10.1002_adfm.201202571__sample_4924;10.1002_adfm.201202571__sample_4925;10.1002_adfm.201202571__sample_4926
material_system=unknown|n_or_p=n|fitting_source_actual_step10=Electrical conductivity|temperature_bin_K_step12=525.0,525.0,material_system+n_or_p+fitting_source+temperature_bin,2938,2598,52944.5475,52840.945,53092.58,10.1002_adfm.200901905__sample_255;10.1002_adfm.201202571__sample_4922;10.1002_adfm.201202571__sample_4923;10.1002_adfm.201202571__sample_4924;10.1002_adfm.201202571__sample_4925
material_system=unknown|n_or_p=n|fitting_source_actual_step10=Electrical conductivity|temperature_bin_K_step12=550.0,550.0,material_system+n_or_p+fitting_source+temperature_bin,2250,1899,56038.455,55960.705,56247.92,10.1002_adfm.201202571__sample_4922;10.1002_adfm.201202571__sample_4923;10.1002_adfm.201202571__sample_4924;10.1002_adfm.201202571__sample_4925;10.1002_adfm.201202571__sample_4926
material_system=unknown|n_or_p=n|fitting_source_actual_step10=Electrical conductivity|temperature_bin_K_step12=575.0,575.0,material_system+n_or_p+fitting_source+temperature_bin,3078,2776,52413.975,52305.835,52650.0,10.1002_adfm.200901905__sample_255;10.1002_adfm.201202571__sample_4922;10.1002_adfm.201202571__sample_4923;10.1002_adfm.201202571__sample_4924;10.1002_adfm.201202571__sample_4925
material_system=unknown|n_or_p=n|fitting_source_actual_step10=Electrical conductivity|temperature_bin_K_step12=600.0,600.0,material_system+n_or_p+fitting_source+temperature_bin,2179,1888,55699.48,55261.67,56000.0,10.1002_adfm.201202571__sample_4922;10.1002_adfm.201202571__sample_4923;10.1002_adfm.201202571__sample_4924;10.1002_adfm.201202571__sample_4925;10.1002_adfm.201202571__sample_4926
material_system=unknown|n_or_p=n|fitting_source_actual_step10=Electrical conductivity|temperature_bin_K_step12=625.0,625.0,material_system+n_or_p+fitting_source+temperature_bin,2537,2268,49038.46,48916.465,49210.345,10.1002_adfm.200901905__sample_255;10.1002_adfm.201202571__sample_4922;10.1002_adfm.201202571__sample_4923;10.1002_adfm.201202571__sample_4924;10.1002_adfm.201202571__sample_4925
material_system=unknown|n_or_p=n|fitting_source_actual_step10=Electrical conductivity|temperature_bin_K_step12=650.0,650.0,material_system+n_or_p+fitting_source+temperature_bin,2076,1812,51927.33,51596.77,52158.79,10.1002_adfm.200901905__sample_255;10.1002_adfm.201202571__sample_4922;10.1002_adfm.201202571__sample_4923;10.1002_adfm.201202571__sample_4924;10.1002_adfm.201202571__sample_4925
material_system=unknown|n_or_p=n|fitting_source_actual_step10=Electrical conductivity|temperature_bin_K_step12=675.0,675.0,material_system+n_or_p+fitting_source+temperature_bin,2681,2468,51922.3,51872.51,52043.18,10.1002_adfm.201300663__sample_81424;10.1002_adfm.201300663__sample_81425;10.1002_adfm.201300663__sample_81426;10.1002_adfm.201300663__sample_81427;10.1002_adfm.201400123__sample_8245
material_system=unknown|n_or_p=n|fitting_source_actual_step10=Electrical conductivity|temperature_bin_K_step12=700.0,700.0,material_system+n_or_p+fitting_source+temperature_bin,1916,1737,56782.22,56735.955,56953.020000000004,10.1002_adfm.201300663__sample_81424;10.1002_adfm.201300663__sample_81425;10.1002_adfm.201300663__sample_81426;10.1002_adfm.201300663__sample_81427;10.1002_adfm.201400123__sample_8245
material_system=unknown|n_or_p=n|fitting_source_actual_step10=Electrical conductivity|temperature_bin_K_step12=725.0,725.0,material_system+n_or_p+fitting_source+temperature_bin,2163,1957,50000.0,49819.49,50058.5,10.1002_adfm.201300663__sample_81424;10.1002_adfm.201300663__sample_81425;10.1002_adfm.201300663__sample_81426;10.1002_adfm.201300663__sample_81427;10.1002_adfm.201400123__sample_8245
material_system=unknown|n_or_p=n|fitting_source_actual_step10=Electrical conductivity|temperature_bin_K_step12=75.0,75.0,material_system+n_or_p+fitting_source+temperature_bin,526,226,49315.92,46884.725000000006,51580.0,10.1002_adma.201505922__sample_32232;10.1007_s11664-009-0990-1__sample_1320;10.1007_s11664-009-0990-1__sample_1321;10.1007_s11664-009-0990-1__sample_5427;10.1007_s11664-010-1477-9__sample_5749
material_system=unknown|n_or_p=n|fitting_source_actual_step10=Electrical conductivity|temperature_bin_K_step12=750.0,750.0,material_system+n_or_p+fitting_source+temperature_bin,1706,1502,61935.815,61811.56,62117.2,10.1002_adfm.201300663__sample_81424;10.1002_adfm.201400123__sample_8245;10.1002_adfm.201400123__sample_8246;10.1002_adfm.201400123__sample_8247;10.1002_adfm.201400123__sample_8248
material_system=unknown|n_or_p=n|fitting_source_actual_step10=Electrical conductivity|temperature_bin_K_step12=775.0,775.0,material_system+n_or_p+fitting_source+temperature_bin,2084,1953,51937.165,51807.805,52130.42,10.1002_adfm.201300663__sample_81424;10.1002_adfm.201300663__sample_81425;10.1002_adfm.201300663__sample_81426;10.1002_adfm.201300663__sample_81427;10.1002_adfm.201402211__sample_7641
material_system=unknown|n_or_p=n|fitting_source_actual_step10=Electrical conductivity|temperature_bin_K_step12=800.0,800.0,material_system+n_or_p+fitting_source+temperature_bin,1318,1229,63316.58,63184.880000000005,63438.71,10.1002_adfm.201300663__sample_81425;10.1002_adfm.201300663__sample_81426;10.1002_adfm.201300663__sample_81427;10.1002_adfm.201502782__sample_26765;10.1002_adfm.201502782__sample_26766
material_system=unknown|n_or_p=n|fitting_source_actual_step10=Electrical conductivity|temperature_bin_K_step12=825.0,825.0,material_system+n_or_p+fitting_source+temperature_bin,1095,1025,46107.175,45542.78,46421.295,10.1002_adfm.201300663__sample_81424;10.1002_adfm.201300663__sample_81425;10.1002_adfm.201300663__sample_81426;10.1002_adfm.201300663__sample_81427;10.1002_adfm.201402211__sample_7641
material_system=unknown|n_or_p=n|fitting_source_actual_step10=Electrical conductivity|temperature_bin_K_step12=850.0,850.0,material_system+n_or_p+fitting_source+temperature_bin,810,751,54492.89,54145.08,54601.7,10.1002_adfm.201300663__sample_81424;10.1002_adfm.201300663__sample_81425;10.1002_adfm.201300663__sample_81426;10.1002_adfm.201300663__sample_81427;10.1002_adfm.201502782__sample_26765
material_system=unknown|n_or_p=n|fitting_source_actual_step10=Electrical conductivity|temperature_bin_K_step12=875.0,875.0,material_system+n_or_p+fitting_source+temperature_bin,977,929,42435.84,42290.66,42760.134999999995,10.1002_adfm.201300663__sample_81424;10.1002_adfm.201300663__sample_81425;10.1002_adfm.201300663__sample_81426;10.1002_adfm.201300663__sample_81427;10.1002_adfm.201705845__sample_83049
material_system=unknown|n_or_p=n|fitting_source_actual_step10=Electrical conductivity|temperature_bin_K_step12=900.0,900.0,material_system+n_or_p+fitting_source+temperature_bin,412,391,33158.195,32967.77,33565.54,10.1002_adfm.201903157__sample_45714;10.1002_adfm.201903157__sample_45715;10.1002_adfm.201903157__sample_45716;10.1002_adfm.201903157__sample_45717;10.1002_adfm.201903157__sample_45718
material_system=unknown|n_or_p=n|fitting_source_actual_step10=Electrical conductivity|temperature_bin_K_step12=925.0,925.0,material_system+n_or_p+fitting_source+temperature_bin,402,384,42751.270000000004,41331.68,42914.2,10.1002_adfm.201705845__sample_83049;10.1002_adfm.201705845__sample_83050;10.1002_adfm.201705845__sample_83051;10.1002_adfm.201705845__sample_83052;10.1002_adfm.201705845__sample_83053
material_system=unknown|n_or_p=n|fitting_source_actual_step10=Electrical conductivity|temperature_bin_K_step12=950.0,950.0,material_system+n_or_p+fitting_source+temperature_bin,333,321,29107.81,28792.52,30646.91,10.1002_adfm.201903157__sample_45714;10.1002_adfm.201903157__sample_45715;10.1002_adfm.201903157__sample_45716;10.1002_adfm.201903157__sample_45717;10.1002_adfm.201903157__sample_45718
material_system=unknown|n_or_p=n|fitting_source_actual_step10=Electrical conductivity|temperature_bin_K_step12=975.0,975.0,material_system+n_or_p+fitting_source+temperature_bin,459,438,35861.354999999996,35498.4,36084.14,10.1002_adfm.201705845__sample_83049;10.1002_adfm.201705845__sample_83053;10.1002_adfm.201705845__sample_83054;10.1002_adfm.201705845__sample_83055;10.1002_adma.201800881__sample_83334
material_system=unknown|n_or_p=n|fitting_source_actual_step10=Electrical resistivity|temperature_bin_K_step12=0.0,0.0,material_system+n_or_p+fitting_source+temperature_bin,1415,615,79736.26506820353,78463.56623237033,82890.38860854211,10.1002_adfm.200901261__sample_1417;10.1002_adfm.201102792__sample_20683;10.1002_adfm.201102792__sample_20684;10.1002_adfm.201600718__sample_19144;10.1002_adfm.201902437__sample_41411
material_system=unknown|n_or_p=n|fitting_source_actual_step10=Electrical resistivity|temperature_bin_K_step12=100.0,100.0,material_system+n_or_p+fitting_source+temperature_bin,2508,927,84562.26975401939,84261.18946465496,84938.81856898476,10.1002_adfm.200901261__sample_1417;10.1002_adfm.201102792__sample_20683;10.1002_adfm.201102792__sample_20684;10.1002_adfm.201102792__sample_20685;10.1002_adfm.201600718__sample_19144
material_system=unknown|n_or_p=n|fitting_source_actual_step10=Electrical resistivity|temperature_bin_K_step12=1000.0,1000.0,material_system+n_or_p+fitting_source+temperature_bin,335,304,26634.54927902519,26556.34292227353,26920.486011936275,10.1002_adfm.200900250__sample_19005;10.1002_anie.201408431__sample_26814;10.1007_s11664-007-0153-1__sample_11428;10.1007_s11664-009-0710-x__sample_12769;10.1007_s11664-014-3128-z__sample_24018
material_system=unknown|n_or_p=n|fitting_source_actual_step10=Electrical resistivity|temperature_bin_K_step12=1025.0,1025.0,material_system+n_or_p+fitting_source+temperature_bin,247,214,17892.040282828028,17431.192980388863,18191.48943911272,10.1002_adfm.200900250__sample_19005;10.1002_adfm.200900250__sample_19007;10.1002_pssa.201026347__sample_33747;10.1002_pssa.201026347__sample_33748;10.1002_pssa.201026347__sample_33749
material_system=unknown|n_or_p=n|fitting_source_actual_step10=Electrical resistivity|temperature_bin_K_step12=1050.0,1050.0,material_system+n_or_p+fitting_source+temperature_bin,243,217,17386.88963443676,16789.936512914363,17888.185247184312,10.1002_adfm.200900250__sample_19005;10.1002_adfm.200900250__sample_19007;10.1002_anie.201408431__sample_26814;10.1007_s11664-009-0710-x__sample_12769;10.1007_s11664-009-0710-x__sample_12770
material_system=unknown|n_or_p=n|fitting_source_actual_step10=Electrical resistivity|temperature_bin_K_step12=1075.0,1075.0,material_system+n_or_p+fitting_source+temperature_bin,228,201,16598.38143308521,15810.383735802841,17094.30338554956,10.1002_adfm.200900250__sample_19005;10.1002_pssa.201026347__sample_33747;10.1002_pssa.201026347__sample_33748;10.1002_pssa.201026347__sample_33749;10.1002_pssa.201026347__sample_33750
material_system=unknown|n_or_p=n|fitting_source_actual_step10=Electrical resistivity|temperature_bin_K_step12=1100.0,1100.0,material_system+n_or_p+fitting_source+temperature_bin,112,86,40123.655652692905,32264.151868171688,41282.969694848885,10.1002_adfm.200900250__sample_19005;10.1002_adfm.200900250__sample_19007;10.1002_anie.201408431__sample_26814;10.1016_j.actamat.2008.09.003__sample_18765;10.1016_j.actamat.2008.09.003__sample_18766
material_system=unknown|n_or_p=n|fitting_source_actual_step10=Electrical resistivity|temperature_bin_K_step12=1125.0,1125.0,material_system+n_or_p+fitting_source+temperature_bin,111,91,47423.83861536364,46854.412072267485,47779.86097971649,10.1002_adfm.200900250__sample_19005;10.1007_s11664-016-4810-0__sample_12765;10.1007_s11664-016-4810-0__sample_12767;10.1016_j.actamat.2008.09.003__sample_18765;10.1016_j.actamat.2008.09.003__sample_18766
material_system=unknown|n_or_p=n|fitting_source_actual_step10=Electrical resistivity|temperature_bin_K_step12=1150.0,1150.0,material_system+n_or_p+fitting_source+temperature_bin,83,68,39509.43469599042,38638.87604146261,42251.80811413747,10.1002_adfm.200900250__sample_19005;10.1002_adfm.200900250__sample_19007;10.1002_anie.201408431__sample_26814;10.1007_s11664-016-4810-0__sample_12766;10.1007_s11664-016-4810-0__sample_12768
material_system=unknown|n_or_p=n|fitting_source_actual_step10=Electrical resistivity|temperature_bin_K_step12=1175.0,1175.0,material_system+n_or_p+fitting_source+temperature_bin,108,86,28955.06428683518,28652.44130260875,29364.427521398597,10.1002_adfm.200900250__sample_19005;10.1002_adfm.200900250__sample_19007;10.1007_s11664-012-2325-x__sample_21882;10.1007_s11664-012-2325-x__sample_21883;10.1007_s11664-012-2325-x__sample_21884
material_system=unknown|n_or_p=n|fitting_source_actual_step10=Electrical resistivity|temperature_bin_K_step12=1200.0,1200.0,material_system+n_or_p+fitting_source+temperature_bin,69,51,28076.931568534168,27255.475734746848,28468.235285409715,10.1002_adfm.200900250__sample_19007;10.1002_anie.201408431__sample_26814;10.1016_j.actamat.2008.09.003__sample_18765;10.1016_j.actamat.2008.09.003__sample_18766;10.1016_j.ceramint.2011.06.068__sample_21658
material_system=unknown|n_or_p=n|fitting_source_actual_step10=Electrical resistivity|temperature_bin_K_step12=1225.0,1225.0,material_system+n_or_p+fitting_source+temperature_bin,48,37,36810.03950062816,29900.44056742084,38000.727182847535,10.1002_adfm.200900250__sample_19005;10.1002_adfm.200900250__sample_19007;10.1016_j.actamat.2008.09.003__sample_18765;10.1016_j.actamat.2008.09.003__sample_18766;10.1016_s0925-8388_01_00926-4__sample_7903
material_system=unknown|n_or_p=n|fitting_source_actual_step10=Electrical resistivity|temperature_bin_K_step12=125.0,125.0,material_system+n_or_p+fitting_source+temperature_bin,2378,911,85484.25978324612,85169.49137174072,87002.46816317778,10.1002_adfm.200901261__sample_1417;10.1002_adfm.201102792__sample_20683;10.1002_adfm.201102792__sample_20684;10.1002_adfm.201102792__sample_20685;10.1002_adfm.201902437__sample_41411
material_system=unknown|n_or_p=n|fitting_source_actual_step10=Electrical resistivity|temperature_bin_K_step12=1250.0,1250.0,material_system+n_or_p+fitting_source+temperature_bin,34,26,22443.520320026644,19012.998092854054,28596.487264697374,10.1002_adfm.200900250__sample_19005;10.1002_adfm.200900250__sample_19007;10.1016_j.actamat.2008.09.003__sample_18765;10.1016_j.actamat.2008.09.003__sample_18766;10.1021_am5023489__sample_29821
material_system=unknown|n_or_p=n|fitting_source_actual_step10=Electrical resistivity|temperature_bin_K_step12=1275.0,1275.0,material_system+n_or_p+fitting_source+temperature_bin,22,20,12020.881944572186,11486.43285726281,12054.95225877257,10.1002_adfm.200900250__sample_19007;10.1016_j.physb.2004.06.033__sample_26522;10.1016_j.physb.2004.06.033__sample_26523;10.1016_j.physb.2004.06.033__sample_26524;10.1016_j.physb.2004.06.033__sample_26525
material_system=unknown|n_or_p=n|fitting_source_actual_step10=Electrical resistivity|temperature_bin_K_step12=1300.0,1300.0,material_system+n_or_p+fitting_source+temperature_bin,4,4,34372.14360596059,20262.024447753454,48482.26276416773,10.1063_1.336088__sample_6971;10.1063_1.336088__sample_6972;10.1063_1.336088__sample_6973;10.1063_1.348408__sample_21168
material_system=unknown|n_or_p=n|fitting_source_actual_step10=Electrical resistivity|temperature_bin_K_step12=150.0,150.0,material_system+n_or_p+fitting_source+temperature_bin,2432,941,80864.21200655647,80445.2224221231,81386.8316106454,10.1002_adfm.200901261__sample_1417;10.1002_adfm.201102792__sample_20683;10.1002_adfm.201102792__sample_20684;10.1002_adfm.201102792__sample_20685;10.1002_adfm.201600718__sample_19144
material_system=unknown|n_or_p=n|fitting_source_actual_step10=Electrical resistivity|temperature_bin_K_step12=175.0,175.0,material_system+n_or_p+fitting_source+temperature_bin,2315,914,75291.73690967014,75030.83717126735,75580.53408228603,10.1002_adfm.200901261__sample_1417;10.1002_adfm.201102792__sample_20683;10.1002_adfm.201102792__sample_20684;10.1002_adfm.201102792__sample_20685;10.1002_adfm.201902437__sample_41411
material_system=unknown|n_or_p=n|fitting_source_actual_step10=Electrical resistivity|temperature_bin_K_step12=200.0,200.0,material_system+n_or_p+fitting_source+temperature_bin,2389,956,73116.4754136521,72833.21194464676,73910.15776862277,10.1002_adfm.200901261__sample_1417;10.1002_adfm.201102792__sample_20683;10.1002_adfm.201102792__sample_20684;10.1002_adfm.201102792__sample_20685;10.1002_adfm.201600718__sample_19144
material_system=unknown|n_or_p=n|fitting_source_actual_step10=Electrical resistivity|temperature_bin_K_step12=225.0,225.0,material_system+n_or_p+fitting_source+temperature_bin,2355,918,69695.68771871379,69026.11741204519,70618.97531866813,10.1002_adfm.200901261__sample_1417;10.1002_adfm.201102792__sample_20683;10.1002_adfm.201102792__sample_20684;10.1002_adfm.201102792__sample_20685;10.1002_adfm.201902437__sample_41411
material_system=unknown|n_or_p=n|fitting_source_actual_step10=Electrical resistivity|temperature_bin_K_step12=25.0,25.0,material_system+n_or_p+fitting_source+temperature_bin,2652,759,74074.07407407407,72947.31893293437,75766.25351034234,10.1002_adfm.200901261__sample_1417;10.1002_adfm.201102792__sample_20683;10.1002_adfm.201102792__sample_20684;10.1002_adfm.201102792__sample_20685;10.1002_adfm.201902437__sample_41411
material_system=unknown|n_or_p=n|fitting_source_actual_step10=Electrical resistivity|temperature_bin_K_step12=250.0,250.0,material_system+n_or_p+fitting_source+temperature_bin,2502,958,66162.78749619357,65416.85583040812,66577.67450914488,10.1002_adfm.200901261__sample_1417;10.1002_adfm.201102792__sample_20683;10.1002_adfm.201102792__sample_20684;10.1002_adfm.201102792__sample_20685;10.1002_adfm.201600718__sample_19144
material_system=unknown|n_or_p=n|fitting_source_actual_step10=Electrical resistivity|temperature_bin_K_step12=275.0,275.0,material_system+n_or_p+fitting_source+temperature_bin,2432,940,65831.28192353106,65047.37725722529,67235.70484870285,10.1002_adfm.200901261__sample_1417;10.1002_adfm.201102792__sample_20683;10.1002_adfm.201102792__sample_20684;10.1002_adfm.201102792__sample_20685;10.1002_adfm.201902437__sample_41411
material_system=unknown|n_or_p=n|fitting_source_actual_step10=Electrical resistivity|temperature_bin_K_step12=300.0,300.0,material_system+n_or_p+fitting_source+temperature_bin,3705,2354,62173.08557342575,61931.46911353772,63470.02025328347,10.1002_adem.201400183__sample_19732;10.1002_adem.201400183__sample_19734;10.1002_adem.201400183__sample_19735;10.1002_adfm.200900250__sample_19005;10.1002_adfm.200901261__sample_1417
material_system=unknown|n_or_p=n|fitting_source_actual_step10=Electrical resistivity|temperature_bin_K_step12=325.0,325.0,material_system+n_or_p+fitting_source+temperature_bin,3359,2312,53071.71102665633,52459.60620559608,53355.756983856336,10.1002_adem.201400183__sample_19732;10.1002_adem.201400183__sample_19733;10.1002_adem.201400183__sample_19734;10.1002_adem.201400183__sample_19735;10.1002_adfm.200900250__sample_19005
material_system=unknown|n_or_p=n|fitting_source_actual_step10=Electrical resistivity|temperature_bin_K_step12=350.0,350.0,material_system+n_or_p+fitting_source+temperature_bin,2599,1687,46647.012725305074,46339.668284632855,47453.750417422285,10.1002_adem.201400183__sample_19732;10.1002_adem.201400183__sample_19733;10.1002_adem.201400183__sample_19734;10.1002_adem.201400183__sample_19735;10.1002_adfm.200900250__sample_19007
material_system=unknown|n_or_p=n|fitting_source_actual_step10=Electrical resistivity|temperature_bin_K_step12=375.0,375.0,material_system+n_or_p+fitting_source+temperature_bin,3406,2577,44565.36514211707,44341.56874263538,44779.17374364192,10.1002_adem.201400183__sample_19732;10.1002_adem.201400183__sample_19733;10.1002_adem.201400183__sample_19734;10.1002_adem.201400183__sample_19735;10.1002_adfm.200900250__sample_19005
material_system=unknown|n_or_p=n|fitting_source_actual_step10=Electrical resistivity|temperature_bin_K_step12=400.0,400.0,material_system+n_or_p+fitting_source+temperature_bin,2180,1517,45031.636976557886,44856.46614438395,45607.62490980457,10.1002_adem.201400183__sample_19732;10.1002_adem.201400183__sample_19733;10.1002_adem.201400183__sample_19734;10.1002_adem.201400183__sample_19735;10.1002_adfm.200900250__sample_19005
material_system=unknown|n_or_p=n|fitting_source_actual_step10=Electrical resistivity|temperature_bin_K_step12=425.0,425.0,material_system+n_or_p+fitting_source+temperature_bin,2732,2130,49978.08173327905,49608.514408544965,50214.66770443646,10.1002_adem.201400183__sample_19732;10.1002_adem.201400183__sample_19733;10.1002_adem.201400183__sample_19734;10.1002_adem.201400183__sample_19735;10.1002_adfm.200900250__sample_19005
material_system=unknown|n_or_p=n|fitting_source_actual_step10=Electrical resistivity|temperature_bin_K_step12=450.0,450.0,material_system+n_or_p+fitting_source+temperature_bin,2114,1498,48638.46407242952,48557.03071814877,49016.12385394175,10.1002_adem.201400183__sample_19732;10.1002_adem.201400183__sample_19733;10.1002_adem.201400183__sample_19734;10.1002_adem.201400183__sample_19735;10.1002_adfm.201000878__sample_26722
material_system=unknown|n_or_p=n|fitting_source_actual_step10=Electrical resistivity|temperature_bin_K_step12=475.0,475.0,material_system+n_or_p+fitting_source+temperature_bin,2945,2345,46349.31905897905,46255.64088298462,46532.21029394863,10.1002_adem.201400183__sample_19732;10.1002_adem.201400183__sample_19733;10.1002_adem.201400183__sample_19734;10.1002_adem.201400183__sample_19735;10.1002_adfm.200900250__sample_19005
material_system=unknown|n_or_p=n|fitting_source_actual_step10=Electrical resistivity|temperature_bin_K_step12=50.0,50.0,material_system+n_or_p+fitting_source+temperature_bin,2360,791,79579.81855801369,78498.6664689746,80740.35677548852,10.1002_adfm.200901261__sample_1417;10.1002_adfm.201102792__sample_20683;10.1002_adfm.201102792__sample_20684;10.1002_adfm.201102792__sample_20685;10.1002_adfm.201600718__sample_19144
material_system=unknown|n_or_p=n|fitting_source_actual_step10=Electrical resistivity|temperature_bin_K_step12=500.0,500.0,material_system+n_or_p+fitting_source+temperature_bin,2033,1512,46169.35195312518,45782.70616612809,46335.03151692951,10.1002_adem.201400183__sample_19732;10.1002_adem.201400183__sample_19733;10.1002_adem.201400183__sample_19734;10.1002_adem.201400183__sample_19735;10.1002_adfm.200900250__sample_19005
material_system=unknown|n_or_p=n|fitting_source_actual_step10=Electrical resistivity|temperature_bin_K_step12=525.0,525.0,material_system+n_or_p+fitting_source+temperature_bin,2459,1945,45600.00948480197,45441.49135339302,45785.78480565148,10.1002_adem.201400183__sample_19732;10.1002_adem.201400183__sample_19733;10.1002_adem.201400183__sample_19734;10.1002_adem.201400183__sample_19735;10.1002_adfm.200900250__sample_19005
material_system=unknown|n_or_p=n|fitting_source_actual_step10=Electrical resistivity|temperature_bin_K_step12=550.0,550.0,material_system+n_or_p+fitting_source+temperature_bin,1903,1388,42428.43383922169,42283.01116364701,42805.57242224166,10.1002_adem.201400183__sample_19732;10.1002_adem.201400183__sample_19733;10.1002_adem.201400183__sample_19734;10.1002_adem.201400183__sample_19735;10.1002_adfm.201000878__sample_26722
material_system=unknown|n_or_p=n|fitting_source_actual_step10=Electrical resistivity|temperature_bin_K_step12=575.0,575.0,material_system+n_or_p+fitting_source+temperature_bin,2530,2047,41227.67913675742,41012.0018311881,41456.58542005056,10.1002_adem.201400183__sample_19732;10.1002_adem.201400183__sample_19733;10.1002_adem.201400183__sample_19734;10.1002_adem.201400183__sample_19735;10.1002_adfm.200900250__sample_19005
material_system=unknown|n_or_p=n|fitting_source_actual_step10=Electrical resistivity|temperature_bin_K_step12=600.0,600.0,material_system+n_or_p+fitting_source+temperature_bin,1743,1379,43452.999300018506,42901.351148378366,43757.49073544527,10.1002_adem.201400183__sample_19732;10.1002_adem.201400183__sample_19733;10.1002_adem.201400183__sample_19734;10.1002_adem.201400183__sample_19735;10.1002_adfm.200900250__sample_19005
material_system=unknown|n_or_p=n|fitting_source_actual_step10=Electrical resistivity|temperature_bin_K_step12=625.0,625.0,material_system+n_or_p+fitting_source+temperature_bin,1903,1584,44966.89986500937,44890.16813248877,45190.08077726939,10.1002_adem.201400183__sample_19732;10.1002_adem.201400183__sample_19733;10.1002_adem.201400183__sample_19734;10.1002_adem.201400183__sample_19735;10.1002_adfm.200900250__sample_19005
material_system=unknown|n_or_p=n|fitting_source_actual_step10=Electrical resistivity|temperature_bin_K_step12=650.0,650.0,material_system+n_or_p+fitting_source+temperature_bin,1628,1295,44611.888356514086,44519.91063963537,44931.56181321136,10.1002_adem.201400183__sample_19732;10.1002_adem.201400183__sample_19733;10.1002_adem.201400183__sample_19734;10.1002_adem.201400183__sample_19735;10.1002_adfm.200900250__sample_19007
material_system=unknown|n_or_p=n|fitting_source_actual_step10=Electrical resistivity|temperature_bin_K_step12=675.0,675.0,material_system+n_or_p+fitting_source+temperature_bin,1976,1704,37697.21956276111,37486.87959214275,38343.33791598107,10.1002_adem.201400183__sample_19732;10.1002_adem.201400183__sample_19733;10.1002_adem.201400183__sample_19734;10.1002_adem.201400183__sample_19735;10.1002_adfm.200900250__sample_19005
material_system=unknown|n_or_p=n|fitting_source_actual_step10=Electrical resistivity|temperature_bin_K_step12=700.0,700.0,material_system+n_or_p+fitting_source+temperature_bin,1420,1177,45422.35952280923,45172.42313912203,45609.74297085446,10.1002_adem.201400183__sample_19732;10.1002_adem.201400183__sample_19733;10.1002_adem.201400183__sample_19734;10.1002_adem.201400183__sample_19735;10.1002_adfm.200900250__sample_19005
material_system=unknown|n_or_p=n|fitting_source_actual_step10=Electrical resistivity|temperature_bin_K_step12=725.0,725.0,material_system+n_or_p+fitting_source+temperature_bin,1466,1236,44574.091947966925,43906.0585970258,45157.79736970472,10.1002_adem.201400183__sample_19732;10.1002_adem.201400183__sample_19733;10.1002_adem.201400183__sample_19734;10.1002_adem.201400183__sample_19735;10.1002_adfm.200900250__sample_19005
material_system=unknown|n_or_p=n|fitting_source_actual_step10=Electrical resistivity|temperature_bin_K_step12=75.0,75.0,material_system+n_or_p+fitting_source+temperature_bin,2406,887,84249.68911864715,83756.93402717577,85147.79842161707,10.1002_adfm.200901261__sample_1417;10.1002_adfm.201102792__sample_20683;10.1002_adfm.201102792__sample_20684;10.1002_adfm.201102792__sample_20685;10.1002_adfm.201902437__sample_41411
material_system=unknown|n_or_p=n|fitting_source_actual_step10=Electrical resistivity|temperature_bin_K_step12=750.0,750.0,material_system+n_or_p+fitting_source+temperature_bin,1227,1043,44590.021757354625,44335.039116767366,45116.031666040304,10.1002_adem.201400183__sample_19732;10.1002_adem.201400183__sample_19733;10.1002_adem.201400183__sample_19734;10.1002_adem.201400183__sample_19735;10.1002_adfm.200900250__sample_19005
material_system=unknown|n_or_p=n|fitting_source_actual_step10=Electrical resistivity|temperature_bin_K_step12=775.0,775.0,material_system+n_or_p+fitting_source+temperature_bin,1281,1169,38595.732855775466,37592.55757582137,39334.46295914045,10.1002_adem.201400183__sample_19732;10.1002_adem.201400183__sample_19733;10.1002_adem.201400183__sample_19734;10.1002_adem.201400183__sample_19735;10.1002_adfm.200900250__sample_19005
material_system=unknown|n_or_p=n|fitting_source_actual_step10=Electrical resistivity|temperature_bin_K_step12=800.0,800.0,material_system+n_or_p+fitting_source+temperature_bin,845,757,43964.489002942544,43654.53902637273,44620.48136691392,10.1002_adem.201400183__sample_19732;10.1002_adem.201400183__sample_19733;10.1002_adem.201400183__sample_19734;10.1002_adem.201400183__sample_19735;10.1002_aenm.201200683__sample_106
material_system=unknown|n_or_p=n|fitting_source_actual_step10=Electrical resistivity|temperature_bin_K_step12=825.0,825.0,material_system+n_or_p+fitting_source+temperature_bin,815,723,34398.1510305858,34128.58210806588,35707.725524253896,10.1002_adem.201400183__sample_19732;10.1002_adem.201400183__sample_19733;10.1002_adem.201400183__sample_19734;10.1002_adem.201400183__sample_19735;10.1002_adfm.200900250__sample_19005
material_system=unknown|n_or_p=n|fitting_source_actual_step10=Electrical resistivity|temperature_bin_K_step12=850.0,850.0,material_system+n_or_p+fitting_source+temperature_bin,785,701,38910.8994876991,38433.54110505655,39312.16294734293,10.1002_adem.201400183__sample_19732;10.1002_adem.201400183__sample_19733;10.1002_adem.201400183__sample_19734;10.1002_adem.201400183__sample_19735;10.1002_adfm.200900250__sample_19005
material_system=unknown|n_or_p=n|fitting_source_actual_step10=Electrical resistivity|temperature_bin_K_step12=875.0,875.0,material_system+n_or_p+fitting_source+temperature_bin,757,699,22619.04573412714,22451.524463690926,22837.83901059173,10.1002_adem.201400183__sample_19732;10.1002_adem.201400183__sample_19733;10.1002_adem.201400183__sample_19734;10.1002_adem.201400183__sample_19735;10.1002_adfm.200900250__sample_19005
material_system=unknown|n_or_p=n|fitting_source_actual_step10=Electrical resistivity|temperature_bin_K_step12=900.0,900.0,material_system+n_or_p+fitting_source+temperature_bin,501,442,29470.517351106217,28811.86938715304,30148.173333133498,10.1002_adem.201400183__sample_19732;10.1002_adem.201400183__sample_19733;10.1002_adem.201400183__sample_19734;10.1002_adem.201400183__sample_19735;10.1002_adfm.200900250__sample_19005
material_system=unknown|n_or_p=n|fitting_source_actual_step10=Electrical resistivity|temperature_bin_K_step12=925.0,925.0,material_system+n_or_p+fitting_source+temperature_bin,441,402,17917.659752958472,17609.11532332889,18199.233193508622,10.1002_adem.201400183__sample_19732;10.1002_adem.201400183__sample_19733;10.1002_adem.201400183__sample_19734;10.1002_adem.201400183__sample_19735;10.1002_adfm.200900250__sample_19005
material_system=unknown|n_or_p=n|fitting_source_actual_step10=Electrical resistivity|temperature_bin_K_step12=950.0,950.0,material_system+n_or_p+fitting_source+temperature_bin,450,402,23995.145897451992,23820.460197223812,24500.015925010357,10.1002_adfm.200900250__sample_19007;10.1002_anie.201408431__sample_26814;10.1007_s11664-003-0006-5__sample_82021;10.1007_s11664-003-0006-5__sample_82022;10.1007_s11664-003-0006-5__sample_82023
material_system=unknown|n_or_p=n|fitting_source_actual_step10=Electrical resistivity|temperature_bin_K_step12=975.0,975.0,material_system+n_or_p+fitting_source+temperature_bin,492,445,15269.279409500674,15093.697143759313,15421.969768004225,10.1002_adfm.200900250__sample_19005;10.1002_adfm.200900250__sample_19007;10.1002_adfm.201905044__sample_83184;10.1002_adfm.201905044__sample_83185;10.1002_pssa.201026347__sample_33747
material_system=unknown|n_or_p=n|temperature_bin_K_step12=1300.0,1300.0,material_system+n_or_p+temperature_bin,1,1,34372.14360596059,34372.14360596059,34372.14360596059,10.1021_acsami.9b20090__sample_35338
material_system=unknown|n_or_p=p|fitting_source_actual_step10=Electrical conductivity|temperature_bin_K_step12=0.0,0.0,material_system+n_or_p+fitting_source+temperature_bin,205,111,79154.93,62540.78,89013.01999999999,10.1007_bf00323873__sample_21263;10.1007_s11661-014-2343-9__sample_24601;10.1007_s11661-014-2343-9__sample_24602;10.1007_s11664-006-0085-1__sample_14247;10.1007_s11664-006-0085-1__sample_14248
material_system=unknown|n_or_p=p|fitting_source_actual_step10=Electrical conductivity|temperature_bin_K_step12=100.0,100.0,material_system+n_or_p+fitting_source+temperature_bin,648,295,57032.23,56473.369999999995,58805.295,10.1002_adma.202310480__sample_83873;10.1002_adma.202310480__sample_83874;10.1002_adma.202310480__sample_83875;10.1007_bf00323873__sample_21263;10.1007_bf00323873__sample_21264
material_system=unknown|n_or_p=p|fitting_source_actual_step10=Electrical conductivity|temperature_bin_K_step12=1000.0,1000.0,material_system+n_or_p+fitting_source+temperature_bin,229,219,14708.275000000001,14495.76,14920.79,10.1002_adem.201200233__sample_18985;10.1002_adem.201200233__sample_18987;10.1002_adem.201200233__sample_18989;10.1002_adfm.201908315__sample_36216;10.1002_adfm.201908315__sample_36217
material_system=unknown|n_or_p=p|fitting_source_actual_step10=Electrical conductivity|temperature_bin_K_step12=1025.0,1025.0,material_system+n_or_p+fitting_source+temperature_bin,118,107,10449.3845,9846.618,11272.73,10.1002_aenm.201701313__sample_31574;10.1002_pssa.201228102__sample_21181;10.1002_pssa.201228102__sample_21182;10.1002_pssa.201228102__sample_21183;10.1007_s11664-011-1589-x__sample_19863
material_system=unknown|n_or_p=p|fitting_source_actual_step10=Electrical conductivity|temperature_bin_K_step12=1050.0,1050.0,material_system+n_or_p+fitting_source+temperature_bin,127,115,29939.67,28221.315000000002,32078.15,10.1002_aenm.201200973__sample_10288;10.1002_aenm.201701313__sample_31559;10.1002_aenm.201701313__sample_31560;10.1002_aenm.201701313__sample_31561;10.1002_aenm.201701313__sample_31562
material_system=unknown|n_or_p=p|fitting_source_actual_step10=Electrical conductivity|temperature_bin_K_step12=1075.0,1075.0,material_system+n_or_p+fitting_source+temperature_bin,100,98,10228.205,9995.985,10644.400000000001,10.1002_aenm.201200973__sample_10288;10.1002_aenm.201701313__sample_31574;10.1002_pssa.201228102__sample_21181;10.1002_pssa.201228102__sample_21182;10.1002_pssa.201228102__sample_21183
material_system=unknown|n_or_p=p|fitting_source_actual_step10=Electrical conductivity|temperature_bin_K_step12=1100.0,1100.0,material_system+n_or_p+fitting_source+temperature_bin,81,77,88321.18,83748.92499999999,91823.16,10.1002_advs.201600035__sample_31640;10.1002_advs.201600035__sample_31641;10.1002_advs.201600035__sample_31642;10.1002_advs.201600035__sample_31643;10.1002_aenm.201701313__sample_31559
material_system=unknown|n_or_p=p|fitting_source_actual_step10=Electrical conductivity|temperature_bin_K_step12=1125.0,1125.0,material_system+n_or_p+fitting_source+temperature_bin,46,43,7087.808,5695.364,8088.235000000001,10.1002_aenm.201701313__sample_31574;10.1002_pssa.201228102__sample_21181;10.1002_pssa.201228102__sample_21182;10.1002_pssa.201228102__sample_21183;10.1002_pssa.201228102__sample_21184
material_system=unknown|n_or_p=p|fitting_source_actual_step10=Electrical conductivity|temperature_bin_K_step12=1150.0,1150.0,material_system+n_or_p+fitting_source+temperature_bin,40,38,102453.9,101719.45,103549.9,10.1002_advs.201600035__sample_31640;10.1002_advs.201600035__sample_31641;10.1002_advs.201600035__sample_31642;10.1002_advs.201600035__sample_31643;10.1002_aenm.201701313__sample_31559
material_system=unknown|n_or_p=p|fitting_source_actual_step10=Electrical conductivity|temperature_bin_K_step12=1175.0,1175.0,material_system+n_or_p+fitting_source+temperature_bin,20,19,14319.380000000001,11413.857,15205.66,10.1002_aenm.201701313__sample_31574;10.1002_pssa.201228102__sample_21181;10.1002_pssa.201228102__sample_21182;10.1002_pssa.201228102__sample_21183;10.1002_pssa.201228102__sample_21184
material_system=unknown|n_or_p=p|fitting_source_actual_step10=Electrical conductivity|temperature_bin_K_step12=1200.0,1200.0,material_system+n_or_p+fitting_source+temperature_bin,33,33,98908.775,98416.52,99689.745,10.1002_aenm.201701313__sample_31559;10.1002_aenm.201701313__sample_31560;10.1002_aenm.201701313__sample_31561;10.1002_aenm.201701313__sample_31562;10.1002_aenm.201701313__sample_31563
material_system=unknown|n_or_p=p|fitting_source_actual_step10=Electrical conductivity|temperature_bin_K_step12=1225.0,1225.0,material_system+n_or_p+fitting_source+temperature_bin,13,13,8529.300000000001,7835.513500000001,9121.6015,10.1002_pssa.201228102__sample_21181;10.1002_pssa.201228102__sample_21182;10.1002_pssa.201228102__sample_21183;10.1002_pssa.201228102__sample_21184;10.1002_pssa.201228102__sample_21185
material_system=unknown|n_or_p=p|fitting_source_actual_step10=Electrical conductivity|temperature_bin_K_step12=125.0,125.0,material_system+n_or_p+fitting_source+temperature_bin,661,281,49198.33,48264.04,50027.62,10.1002_adma.202310480__sample_83873;10.1002_adma.202310480__sample_83874;10.1002_adma.202310480__sample_83875;10.1007_bf00323873__sample_21263;10.1007_bf00323873__sample_21264
material_system=unknown|n_or_p=p|fitting_source_actual_step10=Electrical conductivity|temperature_bin_K_step12=150.0,150.0,material_system+n_or_p+fitting_source+temperature_bin,721,302,45901.64,39444.445,47433.115000000005,10.1002_adma.202310480__sample_83873;10.1002_adma.202310480__sample_83874;10.1002_adma.202310480__sample_83875;10.1007_bf00323873__sample_21263;10.1007_bf00323873__sample_21264
material_system=unknown|n_or_p=p|fitting_source_actual_step10=Electrical conductivity|temperature_bin_K_step12=175.0,175.0,material_system+n_or_p+fitting_source+temperature_bin,644,277,34834.28,33720.93,36520.354999999996,10.1002_adma.202310480__sample_83873;10.1002_adma.202310480__sample_83874;10.1002_adma.202310480__sample_83875;10.1007_bf00323873__sample_21263;10.1007_bf00323873__sample_21264
material_system=unknown|n_or_p=p|fitting_source_actual_step10=Electrical conductivity|temperature_bin_K_step12=200.0,200.0,material_system+n_or_p+fitting_source+temperature_bin,711,334,40750.7,39532.1,41556.4,10.1002_adma.202310480__sample_83873;10.1002_adma.202310480__sample_83874;10.1002_adma.202310480__sample_83875;10.1007_bf00323873__sample_21263;10.1007_bf00323873__sample_21264
material_system=unknown|n_or_p=p|fitting_source_actual_step10=Electrical conductivity|temperature_bin_K_step12=225.0,225.0,material_system+n_or_p+fitting_source+temperature_bin,673,300,30723.56,29150.0,31992.3,10.1002_adma.201104305__sample_84022;10.1002_adma.202310480__sample_83873;10.1002_adma.202310480__sample_83874;10.1002_adma.202310480__sample_83875;10.1007_bf00323873__sample_21263
material_system=unknown|n_or_p=p|fitting_source_actual_step10=Electrical conductivity|temperature_bin_K_step12=25.0,25.0,material_system+n_or_p+fitting_source+temperature_bin,435,151,72000.0,60970.86,78215.96,10.1002_adma.202310480__sample_83873;10.1002_adma.202310480__sample_83874;10.1007_bf00323873__sample_21263;10.1007_bf00323873__sample_21264;10.1007_s11661-014-2343-9__sample_24601
material_system=unknown|n_or_p=p|fitting_source_actual_step10=Electrical conductivity|temperature_bin_K_step12=250.0,250.0,material_system+n_or_p+fitting_source+temperature_bin,763,342,30613.25,29760.92,31028.92,10.1002_adma.201104305__sample_84022;10.1002_adma.202310480__sample_83873;10.1002_adma.202310480__sample_83874;10.1002_adma.202310480__sample_83875;10.1002_asia.201300425__sample_12945
material_system=unknown|n_or_p=p|fitting_source_actual_step10=Electrical conductivity|temperature_bin_K_step12=275.0,275.0,material_system+n_or_p+fitting_source+temperature_bin,750,346,31079.49,30315.845,31462.05,10.1002_adfm.201908315__sample_36225;10.1002_adma.201104305__sample_84022;10.1002_adma.202310480__sample_83873;10.1002_adma.202310480__sample_83874;10.1002_adma.202310480__sample_83875
material_system=unknown|n_or_p=p|fitting_source_actual_step10=Electrical conductivity|temperature_bin_K_step12=300.0,300.0,material_system+n_or_p+fitting_source+temperature_bin,4475,3759,63480.77,63326.58,63623.3,10.1002_1439-2054_20010301_286_3_139_aid-mame139_3.0.co_2-f__sample_84409;10.1002_1439-2054_20010301_286_3_139_aid-mame139_3.0.co_2-f__sample_84410;10.1002_adem.201200233__sample_18985;10.1002_adem.201200233__sample_18987;10.1002_adem.201400183__sample_19725
material_system=unknown|n_or_p=p|fitting_source_actual_step10=Electrical conductivity|temperature_bin_K_step12=325.0,325.0,material_system+n_or_p+fitting_source+temperature_bin,5291,4304,54092.53,54008.3,54577.275,10.1002_1439-2054_20010301_286_3_139_aid-mame139_3.0.co_2-f__sample_84409;10.1002_1439-2054_20010301_286_3_139_aid-mame139_3.0.co_2-f__sample_84410;10.1002_adem.201200233__sample_18985;10.1002_adem.201200233__sample_18987;10.1002_adem.201200233__sample_18989
material_system=unknown|n_or_p=p|fitting_source_actual_step10=Electrical conductivity|temperature_bin_K_step12=350.0,350.0,material_system+n_or_p+fitting_source+temperature_bin,3869,2861,51080.83,50850.96,51432.905,10.1002_1439-2054_20010301_286_3_139_aid-mame139_3.0.co_2-f__sample_84409;10.1002_1439-2054_20010301_286_3_139_aid-mame139_3.0.co_2-f__sample_84410;10.1002_adem.201200233__sample_18989;10.1002_adfm.200400109__sample_3326;10.1002_adfm.200400109__sample_3327
material_system=unknown|n_or_p=p|fitting_source_actual_step10=Electrical conductivity|temperature_bin_K_step12=375.0,375.0,material_system+n_or_p+fitting_source+temperature_bin,5146,4385,47082.0,47009.465,47300.0,10.1002_1439-2054_20010301_286_3_139_aid-mame139_3.0.co_2-f__sample_84409;10.1002_1439-2054_20010301_286_3_139_aid-mame139_3.0.co_2-f__sample_84410;10.1002_adem.201200233__sample_18985;10.1002_adem.201200233__sample_18987;10.1002_adem.201200233__sample_18989
material_system=unknown|n_or_p=p|fitting_source_actual_step10=Electrical conductivity|temperature_bin_K_step12=400.0,400.0,material_system+n_or_p+fitting_source+temperature_bin,3705,2911,46456.3,46342.58,46648.72,10.1002_1439-2054_20010301_286_3_139_aid-mame139_3.0.co_2-f__sample_84409;10.1002_1439-2054_20010301_286_3_139_aid-mame139_3.0.co_2-f__sample_84410;10.1002_adfm.200400109__sample_3326;10.1002_adfm.200400109__sample_3327;10.1002_adfm.200400109__sample_3328
material_system=unknown|n_or_p=p|fitting_source_actual_step10=Electrical conductivity|temperature_bin_K_step12=425.0,425.0,material_system+n_or_p+fitting_source+temperature_bin,4744,4116,46151.58500000001,46102.57,46394.49,10.1002_1439-2054_20010301_286_3_139_aid-mame139_3.0.co_2-f__sample_84409;10.1002_1439-2054_20010301_286_3_139_aid-mame139_3.0.co_2-f__sample_84410;10.1002_adem.201200233__sample_18985;10.1002_adem.201200233__sample_18987;10.1002_adem.201200233__sample_18989
material_system=unknown|n_or_p=p|fitting_source_actual_step10=Electrical conductivity|temperature_bin_K_step12=450.0,450.0,material_system+n_or_p+fitting_source+temperature_bin,3338,2665,41739.259999999995,41583.0,41818.18,10.1002_adfm.200400109__sample_3326;10.1002_adfm.200400109__sample_3327;10.1002_adfm.200400109__sample_3328;10.1002_adfm.200400109__sample_3329;10.1002_adfm.201300146__sample_1422
material_system=unknown|n_or_p=p|fitting_source_actual_step10=Electrical conductivity|temperature_bin_K_step12=475.0,475.0,material_system+n_or_p+fitting_source+temperature_bin,4836,4276,40230.285,40218.68,40422.57,10.1002_adem.201200233__sample_18985;10.1002_adem.201200233__sample_18987;10.1002_adem.201200233__sample_18989;10.1002_adem.201400183__sample_19725;10.1002_adem.201400183__sample_19726
material_system=unknown|n_or_p=p|fitting_source_actual_step10=Electrical conductivity|temperature_bin_K_step12=50.0,50.0,material_system+n_or_p+fitting_source+temperature_bin,452,170,68442.62,61818.494999999995,70976.67,10.1002_adma.202310480__sample_83873;10.1002_adma.202310480__sample_83874;10.1002_adma.202310480__sample_83875;10.1007_bf00323873__sample_21263;10.1007_bf00323873__sample_21264
material_system=unknown|n_or_p=p|fitting_source_actual_step10=Electrical conductivity|temperature_bin_K_step12=500.0,500.0,material_system+n_or_p+fitting_source+temperature_bin,3054,2593,38668.774999999994,38613.705,38768.43,10.1002_adfm.200400109__sample_3326;10.1002_adfm.200400109__sample_3327;10.1002_adfm.200400109__sample_3328;10.1002_adfm.200400109__sample_3329;10.1002_adfm.201806613__sample_41570
material_system=unknown|n_or_p=p|fitting_source_actual_step10=Electrical conductivity|temperature_bin_K_step12=525.0,525.0,material_system+n_or_p+fitting_source+temperature_bin,4085,3666,40500.025,40441.18,40578.32,10.1002_adem.201200233__sample_18985;10.1002_adem.201200233__sample_18987;10.1002_adem.201200233__sample_18989;10.1002_adem.201400183__sample_19725;10.1002_adem.201400183__sample_19726
material_system=unknown|n_or_p=p|fitting_source_actual_step10=Electrical conductivity|temperature_bin_K_step12=550.0,550.0,material_system+n_or_p+fitting_source+temperature_bin,2623,2203,35838.78,35701.99,35931.23,10.1002_adfm.200400109__sample_3326;10.1002_adfm.200400109__sample_3327;10.1002_adfm.200400109__sample_3328;10.1002_adfm.200400109__sample_3329;10.1002_adfm.201201221__sample_313
material_system=unknown|n_or_p=p|fitting_source_actual_step10=Electrical conductivity|temperature_bin_K_step12=575.0,575.0,material_system+n_or_p+fitting_source+temperature_bin,3865,3580,34084.62,34044.755000000005,34175.985,10.1002_adem.201200233__sample_18985;10.1002_adem.201200233__sample_18987;10.1002_adem.201200233__sample_18989;10.1002_adem.201400183__sample_19725;10.1002_adem.201400183__sample_19726
material_system=unknown|n_or_p=p|fitting_source_actual_step10=Electrical conductivity|temperature_bin_K_step12=600.0,600.0,material_system+n_or_p+fitting_source+temperature_bin,2382,2160,34586.869999999995,34541.83,34700.0,10.1002_adfm.200400109__sample_3326;10.1002_adfm.200400109__sample_3327;10.1002_adfm.201201221__sample_313;10.1002_adfm.201201221__sample_360;10.1002_adfm.201806613__sample_41570
material_system=unknown|n_or_p=p|fitting_source_actual_step10=Electrical conductivity|temperature_bin_K_step12=625.0,625.0,material_system+n_or_p+fitting_source+temperature_bin,3378,3111,35429.255000000005,35397.815,35576.66,10.1002_adem.201200233__sample_18985;10.1002_adem.201200233__sample_18987;10.1002_adem.201200233__sample_18989;10.1002_adem.201400183__sample_19725;10.1002_adem.201400183__sample_19726
material_system=unknown|n_or_p=p|fitting_source_actual_step10=Electrical conductivity|temperature_bin_K_step12=650.0,650.0,material_system+n_or_p+fitting_source+temperature_bin,2248,2016,31581.495,31503.37,31785.81,10.1002_adem.201200233__sample_18985;10.1002_adfm.200400109__sample_3328;10.1002_adfm.201201221__sample_313;10.1002_adfm.201201221__sample_360;10.1002_adfm.201602652__sample_19502
material_system=unknown|n_or_p=p|fitting_source_actual_step10=Electrical conductivity|temperature_bin_K_step12=675.0,675.0,material_system+n_or_p+fitting_source+temperature_bin,3213,3033,34011.05,33981.46000000001,34077.7,10.1002_adem.201200233__sample_18987;10.1002_adem.201200233__sample_18989;10.1002_adem.201400183__sample_19725;10.1002_adem.201400183__sample_19726;10.1002_adem.201400183__sample_19727
material_system=unknown|n_or_p=p|fitting_source_actual_step10=Electrical conductivity|temperature_bin_K_step12=700.0,700.0,material_system+n_or_p+fitting_source+temperature_bin,1976,1856,35997.869999999995,35612.21,36159.305,10.1002_adem.201200233__sample_18985;10.1002_adfm.201201221__sample_313;10.1002_adfm.201201221__sample_360;10.1002_adfm.201602652__sample_19501;10.1002_adfm.201806613__sample_41570
material_system=unknown|n_or_p=p|fitting_source_actual_step10=Electrical conductivity|temperature_bin_K_step12=725.0,725.0,material_system+n_or_p+fitting_source+temperature_bin,2633,2515,38481.79,38382.9,38577.295,10.1002_adem.201200233__sample_18987;10.1002_adem.201200233__sample_18989;10.1002_adem.201400183__sample_19725;10.1002_adem.201400183__sample_19726;10.1002_adem.201400183__sample_19727
material_system=unknown|n_or_p=p|fitting_source_actual_step10=Electrical conductivity|temperature_bin_K_step12=75.0,75.0,material_system+n_or_p+fitting_source+temperature_bin,452,217,65458.77,63616.63,67938.39,10.1002_adma.202310480__sample_83873;10.1002_adma.202310480__sample_83874;10.1002_adma.202310480__sample_83875;10.1007_bf00323873__sample_21263;10.1007_bf00323873__sample_21264
material_system=unknown|n_or_p=p|fitting_source_actual_step10=Electrical conductivity|temperature_bin_K_step12=750.0,750.0,material_system+n_or_p+fitting_source+temperature_bin,1623,1508,31409.65,31321.239999999998,31691.45,10.1002_adem.201200233__sample_18985;10.1002_adfm.201201221__sample_313;10.1002_adfm.201201221__sample_360;10.1002_adfm.201602652__sample_19501;10.1002_adfm.201806613__sample_41570
material_system=unknown|n_or_p=p|fitting_source_actual_step10=Electrical conductivity|temperature_bin_K_step12=775.0,775.0,material_system+n_or_p+fitting_source+temperature_bin,2328,2239,33803.415,33800.0,33834.59,10.1002_adem.201200233__sample_18987;10.1002_adem.201200233__sample_18989;10.1002_adem.201400183__sample_19725;10.1002_adem.201400183__sample_19726;10.1002_adem.201400183__sample_19727
material_system=unknown|n_or_p=p|fitting_source_actual_step10=Electrical conductivity|temperature_bin_K_step12=800.0,800.0,material_system+n_or_p+fitting_source+temperature_bin,1257,1210,31639.87,31500.0,31719.305,10.1002_adem.201200233__sample_18985;10.1002_adem.201200233__sample_18987;10.1002_adem.201200233__sample_18989;10.1002_adfm.201908315__sample_36216;10.1002_adfm.201908315__sample_36217
material_system=unknown|n_or_p=p|fitting_source_actual_step10=Electrical conductivity|temperature_bin_K_step12=825.0,825.0,material_system+n_or_p+fitting_source+temperature_bin,1594,1524,26030.05,25955.52,26084.79,10.1002_adem.201400183__sample_19725;10.1002_adem.201400183__sample_19726;10.1002_adem.201400183__sample_19727;10.1002_adem.201400183__sample_19728;10.1002_adem.201400183__sample_19729
material_system=unknown|n_or_p=p|fitting_source_actual_step10=Electrical conductivity|temperature_bin_K_step12=850.0,850.0,material_system+n_or_p+fitting_source+temperature_bin,850,792,17461.7,17105.3,17542.37,10.1002_adem.201200233__sample_18985;10.1002_adem.201200233__sample_18987;10.1002_adem.201200233__sample_18989;10.1002_adfm.201908315__sample_36216;10.1002_adfm.201908315__sample_36217
material_system=unknown|n_or_p=p|fitting_source_actual_step10=Electrical conductivity|temperature_bin_K_step12=875.0,875.0,material_system+n_or_p+fitting_source+temperature_bin,1123,1073,21851.08,21661.7,21965.925,10.1002_adem.201400183__sample_19725;10.1002_adem.201400183__sample_19726;10.1002_adem.201400183__sample_19727;10.1002_adem.201400183__sample_19728;10.1002_adem.201400183__sample_19729
material_system=unknown|n_or_p=p|fitting_source_actual_step10=Electrical conductivity|temperature_bin_K_step12=900.0,900.0,material_system+n_or_p+fitting_source+temperature_bin,540,510,19492.114999999998,19420.6,19561.53,10.1002_adem.201200233__sample_18985;10.1002_adem.201200233__sample_18987;10.1002_adem.201200233__sample_18989;10.1002_adfm.201908315__sample_36216;10.1002_adfm.201908315__sample_36217
material_system=unknown|n_or_p=p|fitting_source_actual_step10=Electrical conductivity|temperature_bin_K_step12=925.0,925.0,material_system+n_or_p+fitting_source+temperature_bin,465,424,18080.36,18040.82,18342.485,10.1002_adma.201501030__sample_42636;10.1002_aenm.201601450__sample_3187;10.1002_aenm.201601450__sample_3188;10.1002_aenm.201601450__sample_3189;10.1002_aenm.201601450__sample_3190
material_system=unknown|n_or_p=p|fitting_source_actual_step10=Electrical conductivity|temperature_bin_K_step12=950.0,950.0,material_system+n_or_p+fitting_source+temperature_bin,335,316,18795.015,18490.03,19100.0,10.1002_adem.201200233__sample_18985;10.1002_adem.201200233__sample_18987;10.1002_adem.201200233__sample_18989;10.1002_adfm.201908315__sample_36216;10.1002_adfm.201908315__sample_36217
material_system=unknown|n_or_p=p|fitting_source_actual_step10=Electrical conductivity|temperature_bin_K_step12=975.0,975.0,material_system+n_or_p+fitting_source+temperature_bin,338,323,31982.629999999997,31200.0,32432.99,10.1002_adma.201501030__sample_42636;10.1002_advs.201800278__sample_15613;10.1002_advs.201800278__sample_15614;10.1002_advs.201800278__sample_15616;10.1002_advs.201800278__sample_15617
material_system=unknown|n_or_p=p|fitting_source_actual_step10=Electrical resistivity|temperature_bin_K_step12=0.0,0.0,material_system+n_or_p+fitting_source+temperature_bin,1938,708,42003.48208866515,36747.5885313716,43933.79664322533,10.1002_adfm.201503022__sample_13340;10.1007_bf00661543__sample_17664;10.1007_bf00661543__sample_17665;10.1007_bf00661543__sample_17666;10.1007_bf00661543__sample_17667
material_system=unknown|n_or_p=p|fitting_source_actual_step10=Electrical resistivity|temperature_bin_K_step12=100.0,100.0,material_system+n_or_p+fitting_source+temperature_bin,3046,1113,25719.820860218748,25362.544029107587,26305.93861948356,10.1002_adfm.201503022__sample_13340;10.1002_adfm.201503022__sample_13341;10.1002_aenm.201100460__sample_21008;10.1002_aenm.201100460__sample_21009;10.1002_aenm.201100460__sample_21010
material_system=unknown|n_or_p=p|fitting_source_actual_step10=Electrical resistivity|temperature_bin_K_step12=1000.0,1000.0,material_system+n_or_p+fitting_source+temperature_bin,263,222,15572.599330894565,15450.23371568542,15791.14318452423,10.1002_adfm.200800298__sample_5866;10.1002_adfm.200800298__sample_5868;10.1002_adfm.200800298__sample_5869;10.1002_adfm.200800298__sample_5871;10.1002_adfm.201000970__sample_5875
material_system=unknown|n_or_p=p|fitting_source_actual_step10=Electrical resistivity|temperature_bin_K_step12=1025.0,1025.0,material_system+n_or_p+fitting_source+temperature_bin,230,201,17475.762428194277,17092.042112994626,17849.406481254526,10.1002_adfm.200800298__sample_5871;10.1002_adfm.201000970__sample_5875;10.1002_adma.200600527__sample_26771;10.1002_pssa.201026347__sample_33743;10.1002_pssa.201026347__sample_33744
material_system=unknown|n_or_p=p|fitting_source_actual_step10=Electrical resistivity|temperature_bin_K_step12=1050.0,1050.0,material_system+n_or_p+fitting_source+temperature_bin,216,183,14243.878083750706,13881.23713375626,14548.120819233778,10.1002_adfm.200800298__sample_5866;10.1002_adfm.200800298__sample_5867;10.1002_adfm.200800298__sample_5868;10.1002_adfm.200800298__sample_5869;10.1002_adfm.200800298__sample_5870
material_system=unknown|n_or_p=p|fitting_source_actual_step10=Electrical resistivity|temperature_bin_K_step12=1075.0,1075.0,material_system+n_or_p+fitting_source+temperature_bin,207,182,17113.63398579698,16978.441542155037,17329.58008497637,10.1002_adfm.200800298__sample_5867;10.1002_adfm.200800298__sample_5869;10.1002_adfm.200800298__sample_5870;10.1002_adfm.200800298__sample_5871;10.1002_adfm.201000970__sample_5875
material_system=unknown|n_or_p=p|fitting_source_actual_step10=Electrical resistivity|temperature_bin_K_step12=1100.0,1100.0,material_system+n_or_p+fitting_source+temperature_bin,118,100,15233.70321293152,14713.022496211395,15273.643426031567,10.1002_adfm.200800298__sample_5866;10.1002_adfm.200800298__sample_5868;10.1002_adma.201004782__sample_20287;10.1002_adma.201004782__sample_20288;10.1002_adma.201004782__sample_20289
material_system=unknown|n_or_p=p|fitting_source_actual_step10=Electrical resistivity|temperature_bin_K_step12=1125.0,1125.0,material_system+n_or_p+fitting_source+temperature_bin,84,73,17081.604456252666,16472.12808858579,17692.307420118348,10.1002_adfm.200800298__sample_5869;10.1002_adfm.200800298__sample_5870;10.1002_adfm.200800298__sample_5871;10.1002_adma.200600527__sample_26771;10.1002_zaac.200700267__sample_6415
material_system=unknown|n_or_p=p|fitting_source_actual_step10=Electrical resistivity|temperature_bin_K_step12=1150.0,1150.0,material_system+n_or_p+fitting_source+temperature_bin,89,74,14278.199372283947,14090.91344628234,14461.681965921049,10.1002_adfm.200800298__sample_5866;10.1002_adfm.200800298__sample_5867;10.1002_adfm.200800298__sample_5868;10.1002_adfm.200800298__sample_5871;10.1002_adma.201004782__sample_20287
material_system=unknown|n_or_p=p|fitting_source_actual_step10=Electrical resistivity|temperature_bin_K_step12=1175.0,1175.0,material_system+n_or_p+fitting_source+temperature_bin,97,85,16485.202656678768,16406.340478937316,16781.386903999773,10.1002_adfm.200800298__sample_5869;10.1002_adfm.200800298__sample_5870;10.1002_adfm.200800298__sample_5871;10.1002_adfm.200800298__sample_5872;10.1007_s10853-008-2561-x__sample_18724
material_system=unknown|n_or_p=p|fitting_source_actual_step10=Electrical resistivity|temperature_bin_K_step12=1200.0,1200.0,material_system+n_or_p+fitting_source+temperature_bin,61,56,16671.179753333687,16407.954248060374,17026.066299785874,10.1002_adfm.200800298__sample_5866;10.1002_adfm.200800298__sample_5867;10.1002_adfm.200800298__sample_5868;10.1002_adfm.200800298__sample_5872;10.1007_s11664-010-1149-9__sample_6341
material_system=unknown|n_or_p=p|fitting_source_actual_step10=Electrical resistivity|temperature_bin_K_step12=1225.0,1225.0,material_system+n_or_p+fitting_source+temperature_bin,41,30,17355.047392454202,16710.699359478895,17951.884234238503,10.1002_adfm.200800298__sample_5869;10.1002_adfm.200800298__sample_5870;10.1002_adfm.200800298__sample_5871;10.1002_adfm.200800298__sample_5872;10.1002_adma.200600527__sample_26771
material_system=unknown|n_or_p=p|fitting_source_actual_step10=Electrical resistivity|temperature_bin_K_step12=125.0,125.0,material_system+n_or_p+fitting_source+temperature_bin,2878,1096,29379.727353037266,29109.45445971397,29817.77759754588,10.1002_adfm.201503022__sample_13340;10.1002_adfm.201503022__sample_13341;10.1002_aenm.201100460__sample_21008;10.1002_aenm.201100460__sample_21010;10.1002_aenm.201100460__sample_21012
material_system=unknown|n_or_p=p|fitting_source_actual_step10=Electrical resistivity|temperature_bin_K_step12=1250.0,1250.0,material_system+n_or_p+fitting_source+temperature_bin,51,48,16345.879533362579,16155.81181904263,16476.60822090484,10.1002_adfm.200800298__sample_5866;10.1002_adfm.200800298__sample_5867;10.1002_adfm.200800298__sample_5868;10.1002_adfm.200800298__sample_5869;10.1002_adfm.200800298__sample_5871
material_system=unknown|n_or_p=p|fitting_source_actual_step10=Electrical resistivity|temperature_bin_K_step12=1275.0,1275.0,material_system+n_or_p+fitting_source+temperature_bin,20,20,12847.576757567065,12844.276378515173,12850.87713661896,10.1002_adfm.200800298__sample_5867;10.1002_adfm.200800298__sample_5868;10.1002_adfm.200800298__sample_5869;10.1002_adfm.200800298__sample_5870;10.1002_adfm.200800298__sample_5871
material_system=unknown|n_or_p=p|fitting_source_actual_step10=Electrical resistivity|temperature_bin_K_step12=150.0,150.0,material_system+n_or_p+fitting_source+temperature_bin,2864,1117,29142.5278877644,28860.195919397236,29561.755838225065,10.1002_adfm.201503022__sample_13340;10.1002_adfm.201503022__sample_13341;10.1002_aenm.201100460__sample_21008;10.1002_aenm.201100460__sample_21009;10.1002_aenm.201100460__sample_21010
material_system=unknown|n_or_p=p|fitting_source_actual_step10=Electrical resistivity|temperature_bin_K_step12=175.0,175.0,material_system+n_or_p+fitting_source+temperature_bin,2817,1120,28272.54735651682,27789.897657573652,28480.35652849517,10.1002_adfm.201503022__sample_13340;10.1002_adfm.201503022__sample_13341;10.1002_aenm.201100460__sample_21008;10.1002_aenm.201100460__sample_21009;10.1002_aenm.201100460__sample_21011
material_system=unknown|n_or_p=p|fitting_source_actual_step10=Electrical resistivity|temperature_bin_K_step12=200.0,200.0,material_system+n_or_p+fitting_source+temperature_bin,2865,1144,28079.428841953813,27565.03694817552,28265.379122116898,10.1002_adfm.201503022__sample_13340;10.1002_adfm.201503022__sample_13341;10.1002_aenm.201100460__sample_21008;10.1002_aenm.201100460__sample_21010;10.1002_aenm.201100460__sample_21012
material_system=unknown|n_or_p=p|fitting_source_actual_step10=Electrical resistivity|temperature_bin_K_step12=225.0,225.0,material_system+n_or_p+fitting_source+temperature_bin,2901,1133,26495.931862635556,26038.971462757894,27013.618969633106,10.1002_aenm.201100460__sample_21008;10.1002_aenm.201100460__sample_21009;10.1002_aenm.201100460__sample_21011;10.1002_aenm.201100460__sample_21022;10.1002_aenm.201100460__sample_21023
material_system=unknown|n_or_p=p|fitting_source_actual_step10=Electrical resistivity|temperature_bin_K_step12=25.0,25.0,material_system+n_or_p+fitting_source+temperature_bin,3290,901,24837.91398282657,23380.102913235532,26196.596411590064,10.1002_adfm.201503022__sample_13340;10.1002_adfm.201503022__sample_13341;10.1007_s00339-015-9089-0__sample_18777;10.1007_s00339-015-9089-0__sample_18778;10.1007_s00339-015-9089-0__sample_18779
material_system=unknown|n_or_p=p|fitting_source_actual_step10=Electrical resistivity|temperature_bin_K_step12=250.0,250.0,material_system+n_or_p+fitting_source+temperature_bin,3206,1148,25315.212366785025,24688.828181803598,25595.57053294585,10.1002_adfm.201503022__sample_13340;10.1002_adfm.201503022__sample_13341;10.1002_aenm.201100460__sample_21008;10.1002_aenm.201100460__sample_21009;10.1002_aenm.201100460__sample_21010
material_system=unknown|n_or_p=p|fitting_source_actual_step10=Electrical resistivity|temperature_bin_K_step12=275.0,275.0,material_system+n_or_p+fitting_source+temperature_bin,2956,1141,31118.49953578386,30697.433894273698,31695.851678628154,10.1002_adfm.201503022__sample_13340;10.1002_adfm.201503022__sample_13341;10.1002_advs.201903493__sample_38383;10.1002_advs.201903493__sample_38404;10.1002_aenm.201100460__sample_21008
material_system=unknown|n_or_p=p|fitting_source_actual_step10=Electrical resistivity|temperature_bin_K_step12=300.0,300.0,material_system+n_or_p+fitting_source+temperature_bin,4482,3090,44292.96068098377,43938.947694478,44586.64652706155,10.1002_adfm.200500043__sample_5861;10.1002_adfm.200500043__sample_5862;10.1002_adfm.200500043__sample_5863;10.1002_adfm.200500043__sample_5864;10.1002_adfm.200500043__sample_5865
material_system=unknown|n_or_p=p|fitting_source_actual_step10=Electrical resistivity|temperature_bin_K_step12=325.0,325.0,material_system+n_or_p+fitting_source+temperature_bin,3902,2752,35063.20788347296,34812.512215745825,35348.035895923946,10.1002_adfm.200500043__sample_5861;10.1002_adfm.200500043__sample_5862;10.1002_adfm.200500043__sample_5863;10.1002_adfm.200500043__sample_5864;10.1002_adfm.200500043__sample_5865
material_system=unknown|n_or_p=p|fitting_source_actual_step10=Electrical resistivity|temperature_bin_K_step12=350.0,350.0,material_system+n_or_p+fitting_source+temperature_bin,3123,2118,30799.87901807522,30605.36493684124,31113.93851998158,10.1002_adfm.200500043__sample_5861;10.1002_adfm.200500043__sample_5862;10.1002_adfm.200500043__sample_5863;10.1002_adfm.200500043__sample_5864;10.1002_adfm.200500043__sample_5865
material_system=unknown|n_or_p=p|fitting_source_actual_step10=Electrical resistivity|temperature_bin_K_step12=375.0,375.0,material_system+n_or_p+fitting_source+temperature_bin,3804,2992,39216.71049415326,39075.10782776005,39421.404166763576,10.1002_adfm.200500043__sample_5861;10.1002_adfm.200500043__sample_5862;10.1002_adfm.200500043__sample_5863;10.1002_adfm.200500043__sample_5864;10.1002_adfm.200500043__sample_5865
material_system=unknown|n_or_p=p|fitting_source_actual_step10=Electrical resistivity|temperature_bin_K_step12=400.0,400.0,material_system+n_or_p+fitting_source+temperature_bin,2553,1900,33904.764229660024,33711.99772915983,34107.075666637174,10.1002_adfm.200500043__sample_5861;10.1002_adfm.200500043__sample_5862;10.1002_adfm.200500043__sample_5863;10.1002_adfm.200500043__sample_5864;10.1002_adfm.200500043__sample_5865
material_system=unknown|n_or_p=p|fitting_source_actual_step10=Electrical resistivity|temperature_bin_K_step12=425.0,425.0,material_system+n_or_p+fitting_source+temperature_bin,3232,2568,34341.620487798944,34243.174479246925,34456.927806534,10.1002_adfm.200500043__sample_5861;10.1002_adfm.200500043__sample_5862;10.1002_adfm.200500043__sample_5863;10.1002_adfm.200500043__sample_5864;10.1002_adfm.200500043__sample_5865
material_system=unknown|n_or_p=p|fitting_source_actual_step10=Electrical resistivity|temperature_bin_K_step12=450.0,450.0,material_system+n_or_p+fitting_source+temperature_bin,2513,1828,31234.41207622321,31058.20587304461,31386.714506900054,10.1002_adfm.200500043__sample_5861;10.1002_adfm.200500043__sample_5862;10.1002_adfm.200500043__sample_5863;10.1002_adfm.200500043__sample_5864;10.1002_adfm.200500043__sample_5865
material_system=unknown|n_or_p=p|fitting_source_actual_step10=Electrical resistivity|temperature_bin_K_step12=475.0,475.0,material_system+n_or_p+fitting_source+temperature_bin,3413,2787,34300.2811251041,34206.511551538955,34417.14677861928,10.1002_adfm.200500043__sample_5861;10.1002_adfm.200500043__sample_5862;10.1002_adfm.200500043__sample_5863;10.1002_adfm.200500043__sample_5864;10.1002_adfm.200500043__sample_5865
material_system=unknown|n_or_p=p|fitting_source_actual_step10=Electrical resistivity|temperature_bin_K_step12=50.0,50.0,material_system+n_or_p+fitting_source+temperature_bin,2935,940,23242.76017074132,22903.22676690951,24075.703642533583,10.1002_adfm.201503022__sample_13340;10.1002_adfm.201503022__sample_13341;10.1007_s00339-015-9089-0__sample_18777;10.1007_s00339-015-9089-0__sample_18778;10.1007_s00339-015-9089-0__sample_18779
material_system=unknown|n_or_p=p|fitting_source_actual_step10=Electrical resistivity|temperature_bin_K_step12=500.0,500.0,material_system+n_or_p+fitting_source+temperature_bin,2446,1816,28153.95677772327,28070.17543859649,28206.261406759404,10.1002_adfm.200500043__sample_5861;10.1002_adfm.200500043__sample_5862;10.1002_adfm.200500043__sample_5863;10.1002_adfm.200500043__sample_5864;10.1002_adfm.200500043__sample_5865
material_system=unknown|n_or_p=p|fitting_source_actual_step10=Electrical resistivity|temperature_bin_K_step12=525.0,525.0,material_system+n_or_p+fitting_source+temperature_bin,2880,2281,31612.079809735333,31416.24100278128,31664.919290870464,10.1002_adfm.200500043__sample_5861;10.1002_adfm.200500043__sample_5862;10.1002_adfm.200500043__sample_5863;10.1002_adfm.200500043__sample_5864;10.1002_adfm.200500043__sample_5865
material_system=unknown|n_or_p=p|fitting_source_actual_step10=Electrical resistivity|temperature_bin_K_step12=550.0,550.0,material_system+n_or_p+fitting_source+temperature_bin,2392,1778,26799.591289800243,26582.27679859008,27032.323901304982,10.1002_adfm.200500043__sample_5861;10.1002_adfm.200500043__sample_5862;10.1002_adfm.200500043__sample_5863;10.1002_adfm.200500043__sample_5864;10.1002_adfm.200500043__sample_5865
material_system=unknown|n_or_p=p|fitting_source_actual_step10=Electrical resistivity|temperature_bin_K_step12=575.0,575.0,material_system+n_or_p+fitting_source+temperature_bin,2995,2434,30179.440919821074,29885.657503429065,30365.819290685038,10.1002_adfm.200500043__sample_5861;10.1002_adfm.200500043__sample_5862;10.1002_adfm.200500043__sample_5863;10.1002_adfm.200500043__sample_5864;10.1002_adfm.200500043__sample_5865
material_system=unknown|n_or_p=p|fitting_source_actual_step10=Electrical resistivity|temperature_bin_K_step12=600.0,600.0,material_system+n_or_p+fitting_source+temperature_bin,2175,1713,28409.090909090908,28318.543973799824,28560.123330398936,10.1002_adfm.200500043__sample_5861;10.1002_adfm.200500043__sample_5862;10.1002_adfm.200500043__sample_5863;10.1002_adfm.200500043__sample_5864;10.1002_adfm.200500043__sample_5865
material_system=unknown|n_or_p=p|fitting_source_actual_step10=Electrical resistivity|temperature_bin_K_step12=625.0,625.0,material_system+n_or_p+fitting_source+temperature_bin,2289,1913,31803.399020073663,31666.664027778,31824.503427341144,10.1002_adfm.200500043__sample_5861;10.1002_adfm.200500043__sample_5862;10.1002_adfm.200500043__sample_5863;10.1002_adfm.200500043__sample_5864;10.1002_adfm.200500043__sample_5865
material_system=unknown|n_or_p=p|fitting_source_actual_step10=Electrical resistivity|temperature_bin_K_step12=650.0,650.0,material_system+n_or_p+fitting_source+temperature_bin,1945,1565,31477.22622682489,31314.664782776435,31567.440214580234,10.1002_adfm.200500043__sample_5861;10.1002_adfm.200500043__sample_5862;10.1002_adfm.200500043__sample_5863;10.1002_adfm.200500043__sample_5864;10.1002_adfm.200500043__sample_5865
material_system=unknown|n_or_p=p|fitting_source_actual_step10=Electrical resistivity|temperature_bin_K_step12=675.0,675.0,material_system+n_or_p+fitting_source+temperature_bin,2319,1978,31546.13938346225,31459.447118603188,31699.550523827205,10.1002_adfm.200500043__sample_5861;10.1002_adfm.200500043__sample_5862;10.1002_adfm.200500043__sample_5863;10.1002_adfm.200500043__sample_5864;10.1002_adfm.200500043__sample_5865
material_system=unknown|n_or_p=p|fitting_source_actual_step10=Electrical resistivity|temperature_bin_K_step12=700.0,700.0,material_system+n_or_p+fitting_source+temperature_bin,1765,1448,33057.79637101652,32895.81570320754,33100.36195245795,10.1002_adfm.200500043__sample_5861;10.1002_adfm.200500043__sample_5862;10.1002_adfm.200500043__sample_5863;10.1002_adfm.200500043__sample_5864;10.1002_adfm.200500043__sample_5865
material_system=unknown|n_or_p=p|fitting_source_actual_step10=Electrical resistivity|temperature_bin_K_step12=725.0,725.0,material_system+n_or_p+fitting_source+temperature_bin,1708,1436,33597.871940817386,33314.51246612066,33750.033750033755,10.1002_adfm.200500043__sample_5861;10.1002_adfm.200500043__sample_5862;10.1002_adfm.200500043__sample_5863;10.1002_adfm.200500043__sample_5864;10.1002_adfm.200500043__sample_5865
material_system=unknown|n_or_p=p|fitting_source_actual_step10=Electrical resistivity|temperature_bin_K_step12=75.0,75.0,material_system+n_or_p+fitting_source+temperature_bin,2990,1085,29170.46068879957,28506.458280655774,30355.356412651978,10.1002_adfm.201503022__sample_13340;10.1002_adfm.201503022__sample_13341;10.1002_aenm.201100460__sample_21008;10.1002_aenm.201100460__sample_21009;10.1002_aenm.201100460__sample_21010
material_system=unknown|n_or_p=p|fitting_source_actual_step10=Electrical resistivity|temperature_bin_K_step12=750.0,750.0,material_system+n_or_p+fitting_source+temperature_bin,1424,1191,31644.619885888398,31575.194905784352,31737.150583424944,10.1002_adfm.200500043__sample_5861;10.1002_adfm.200500043__sample_5862;10.1002_adfm.200500043__sample_5863;10.1002_adfm.200500043__sample_5864;10.1002_adfm.200500043__sample_5865
material_system=unknown|n_or_p=p|fitting_source_actual_step10=Electrical resistivity|temperature_bin_K_step12=775.0,775.0,material_system+n_or_p+fitting_source+temperature_bin,1486,1281,29063.869496299674,28847.05326298775,29263.75037786817,10.1002_adfm.200500043__sample_5861;10.1002_adfm.200500043__sample_5862;10.1002_adfm.200500043__sample_5863;10.1002_adfm.200500043__sample_5864;10.1002_adfm.200500043__sample_5865
material_system=unknown|n_or_p=p|fitting_source_actual_step10=Electrical resistivity|temperature_bin_K_step12=800.0,800.0,material_system+n_or_p+fitting_source+temperature_bin,1005,879,30063.578455718158,29531.149604539292,30168.57900260868,10.1002_adfm.200500043__sample_5861;10.1002_adfm.200800298__sample_5866;10.1002_adfm.200800298__sample_5868;10.1002_adfm.200800298__sample_5870;10.1002_adfm.200800298__sample_5871
material_system=unknown|n_or_p=p|fitting_source_actual_step10=Electrical resistivity|temperature_bin_K_step12=825.0,825.0,material_system+n_or_p+fitting_source+temperature_bin,886,790,25235.66960547465,25179.21304887537,25372.863799640516,10.1002_adfm.200800298__sample_5867;10.1002_adfm.200800298__sample_5869;10.1002_adfm.201000970__sample_5873;10.1002_adfm.201000970__sample_5874;10.1002_adfm.201000970__sample_5875
material_system=unknown|n_or_p=p|fitting_source_actual_step10=Electrical resistivity|temperature_bin_K_step12=850.0,850.0,material_system+n_or_p+fitting_source+temperature_bin,728,630,22007.113822816056,21901.702966914192,22181.84633259771,10.1002_adfm.200800298__sample_5866;10.1002_adfm.200800298__sample_5868;10.1002_adfm.200800298__sample_5870;10.1002_adfm.200800298__sample_5871;10.1002_adfm.201000970__sample_5874
material_system=unknown|n_or_p=p|fitting_source_actual_step10=Electrical resistivity|temperature_bin_K_step12=875.0,875.0,material_system+n_or_p+fitting_source+temperature_bin,778,699,22232.669926420094,22022.857288854786,22287.73649146769,10.1002_adfm.200800298__sample_5867;10.1002_adfm.200800298__sample_5869;10.1002_adfm.200800298__sample_5871;10.1002_adfm.201000970__sample_5875;10.1002_adfm.201606361__sample_31217
material_system=unknown|n_or_p=p|fitting_source_actual_step10=Electrical resistivity|temperature_bin_K_step12=900.0,900.0,material_system+n_or_p+fitting_source+temperature_bin,489,426,18944.129971886912,18699.918113058586,19003.70420202306,10.1002_adfm.200800298__sample_5866;10.1002_adfm.200800298__sample_5868;10.1002_adfm.200800298__sample_5869;10.1002_adfm.200800298__sample_5870;10.1002_adfm.200800298__sample_5871
material_system=unknown|n_or_p=p|fitting_source_actual_step10=Electrical resistivity|temperature_bin_K_step12=925.0,925.0,material_system+n_or_p+fitting_source+temperature_bin,466,409,16916.88901857969,16663.264834058176,17120.56128048102,10.1002_adfm.200800298__sample_5867;10.1002_adfm.200800298__sample_5871;10.1002_adfm.201000970__sample_5875;10.1002_adma.200600527__sample_26771;10.1002_adma.201605887__sample_2949
material_system=unknown|n_or_p=p|fitting_source_actual_step10=Electrical resistivity|temperature_bin_K_step12=950.0,950.0,material_system+n_or_p+fitting_source+temperature_bin,424,378,14874.972228869101,14690.828574484263,15134.422252216411,10.1002_adfm.200800298__sample_5866;10.1002_adfm.200800298__sample_5868;10.1002_adfm.200800298__sample_5869;10.1002_adfm.200800298__sample_5870;10.1002_adfm.201000970__sample_5875
material_system=unknown|n_or_p=p|fitting_source_actual_step10=Electrical resistivity|temperature_bin_K_step12=975.0,975.0,material_system+n_or_p+fitting_source+temperature_bin,446,399,15582.91546279569,14970.40052408378,15927.179057971596,10.1002_adfm.200800298__sample_5867;10.1002_adfm.200800298__sample_5870;10.1002_adfm.200800298__sample_5871;10.1002_adfm.201000970__sample_5875;10.1002_adfm.201905044__sample_83181
material_system=unknown|n_or_p=p|temperature_bin_K_step12=1250.0,1250.0,material_system+n_or_p+temperature_bin,2,2,16476.60822090484,16476.60822090484,16476.60822090484,10.1016_j.jallcom.2013.05.019__sample_25260;10.1016_j.jallcom.2013.05.019__sample_25261
material_system=unknown|n_or_p=p|temperature_bin_K_step12=1275.0,1275.0,material_system+n_or_p+temperature_bin,3,3,13123.844066467886,13123.844066467886,13123.844066467886,10.1016_j.jallcom.2013.05.019__sample_25259;10.1016_j.jallcom.2013.05.019__sample_25260;10.1016_j.jallcom.2013.05.019__sample_25261
material_system=unknown|n_or_p=p|temperature_bin_K_step12=1300.0,1300.0,material_system+n_or_p+temperature_bin,6,6,9899.547073858874,2410.962,17388.132147717748,10.1002_adfm.200800298__sample_5866;10.1016_s0272-8842_99_00089-9__sample_19842;10.1016_s0272-8842_99_00089-9__sample_19843;10.1016_s0272-8842_99_00089-9__sample_19844;10.1021_ic300567c__sample_6279
"temperature_bin_K_step12=(1400.0,)",1400.0,temperature_bin,4,4,14438.160271930246,9900.441163658252,18975.87938020224,10.1016_s0272-8842_99_00089-9__sample_19844;10.1063_1.336088__sample_6971;10.1063_1.336088__sample_6972;10.1063_1.336088__sample_6973
