sample_key,property_step10,temperature_K_rounded,value_raw_median,value_raw_mean,value_raw_std,value_raw_min,value_raw_max,source_point_count_step10,source_curve_count_step10,curve_ids_step10,units_y_step10
10.1002_aenm.201200083__sample_318,Electrical conductivity,458.942,59786.48,59786.48,0.0,59786.48,59786.48,2,1,10.1002_aenm.201200083__sample_318__figure_166__prop_Electrical_conductivity__sid_110__row_561,ohm^(-1)*m^(-1)
10.1002_aenm.201400348__sample_13678,Seebeck coefficient,365.08,7.15744e-05,7.15744e-05,5.8795080327524006e-05,3e-05,0.0001131488,2,2,10.1002_aenm.201400348__sample_13678__figure_11423__prop_Seebeck_coefficient__sid_118__row_44239;10.1002_aenm.201400348__sample_13678__figure_11424__prop_Seebeck_coefficient__sid_118__row_44241,V*K^(-1)
10.1002_aenm.201500411__sample_1411,Thermal conductivity,299.0,1.058,1.058,0.5402295808265223,0.676,1.44,2,2,10.1002_aenm.201500411__sample_1411__figure_824__prop_Thermal_conductivity__sid_121__row_112265;10.1002_aenm.201500411__sample_1411__figure_825__prop_Thermal_conductivity__sid_121__row_3077,W*m^(-1)*K^(-1)
10.1002_aenm.201500411__sample_1411,Thermal conductivity,328.0,1.0375,1.0375,0.526794551983978,0.665,1.41,2,2,10.1002_aenm.201500411__sample_1411__figure_824__prop_Thermal_conductivity__sid_121__row_112265;10.1002_aenm.201500411__sample_1411__figure_825__prop_Thermal_conductivity__sid_121__row_3077,W*m^(-1)*K^(-1)
10.1002_aenm.201500411__sample_1411,Thermal conductivity,372.0,1.083,1.083,0.5755849198858496,0.676,1.49,2,2,10.1002_aenm.201500411__sample_1411__figure_824__prop_Thermal_conductivity__sid_121__row_112265;10.1002_aenm.201500411__sample_1411__figure_825__prop_Thermal_conductivity__sid_121__row_3077,W*m^(-1)*K^(-1)
10.1002_aenm.201500411__sample_1411,Thermal conductivity,474.0,1.508,1.508,0.8372144289248723,0.916,2.1,2,2,10.1002_aenm.201500411__sample_1411__figure_824__prop_Thermal_conductivity__sid_121__row_112265;10.1002_aenm.201500411__sample_1411__figure_825__prop_Thermal_conductivity__sid_121__row_3077,W*m^(-1)*K^(-1)
10.1002_aenm.201500411__sample_1412,Thermal conductivity,299.0,1.0,1.0,0.31112698372208086,0.78,1.22,2,2,10.1002_aenm.201500411__sample_1412__figure_824__prop_Thermal_conductivity__sid_121__row_112266;10.1002_aenm.201500411__sample_1412__figure_825__prop_Thermal_conductivity__sid_121__row_3078,W*m^(-1)*K^(-1)
10.1002_aenm.201500411__sample_1412,Thermal conductivity,372.0,1.008,1.008,0.2998132752230961,0.796,1.22,2,2,10.1002_aenm.201500411__sample_1412__figure_824__prop_Thermal_conductivity__sid_121__row_112266;10.1002_aenm.201500411__sample_1412__figure_825__prop_Thermal_conductivity__sid_121__row_3078,W*m^(-1)*K^(-1)
10.1002_aenm.201500411__sample_1412,Thermal conductivity,474.0,1.335,1.335,0.40305086527633205,1.05,1.62,2,2,10.1002_aenm.201500411__sample_1412__figure_824__prop_Thermal_conductivity__sid_121__row_112266;10.1002_aenm.201500411__sample_1412__figure_825__prop_Thermal_conductivity__sid_121__row_3078,W*m^(-1)*K^(-1)
10.1002_aenm.201500411__sample_1413,Thermal conductivity,299.0,1.0585,1.0585,0.10111626970967627,0.987,1.13,2,2,10.1002_aenm.201500411__sample_1413__figure_824__prop_Thermal_conductivity__sid_121__row_112267;10.1002_aenm.201500411__sample_1413__figure_825__prop_Thermal_conductivity__sid_121__row_3079,W*m^(-1)*K^(-1)
10.1002_aenm.201500411__sample_1413,Thermal conductivity,372.0,1.03,1.03,0.09899494936611673,0.96,1.1,2,2,10.1002_aenm.201500411__sample_1413__figure_824__prop_Thermal_conductivity__sid_121__row_112267;10.1002_aenm.201500411__sample_1413__figure_825__prop_Thermal_conductivity__sid_121__row_3079,W*m^(-1)*K^(-1)
10.1002_aenm.201500411__sample_1413,Thermal conductivity,429.0,1.15,1.15,0.11313708498984747,1.07,1.23,2,2,10.1002_aenm.201500411__sample_1413__figure_824__prop_Thermal_conductivity__sid_121__row_112267;10.1002_aenm.201500411__sample_1413__figure_825__prop_Thermal_conductivity__sid_121__row_3079,W*m^(-1)*K^(-1)
10.1002_aenm.201500411__sample_1413,Thermal conductivity,474.0,1.3199999999999998,1.3199999999999998,0.12727922061357844,1.23,1.41,2,2,10.1002_aenm.201500411__sample_1413__figure_824__prop_Thermal_conductivity__sid_121__row_112267;10.1002_aenm.201500411__sample_1413__figure_825__prop_Thermal_conductivity__sid_121__row_3079,W*m^(-1)*K^(-1)
10.1002_aenm.201500411__sample_1413,Thermal conductivity,531.0,1.62,1.62,0.14142135623730956,1.52,1.72,2,2,10.1002_aenm.201500411__sample_1413__figure_824__prop_Thermal_conductivity__sid_121__row_112267;10.1002_aenm.201500411__sample_1413__figure_825__prop_Thermal_conductivity__sid_121__row_3079,W*m^(-1)*K^(-1)
10.1002_aenm.201500411__sample_1414,Thermal conductivity,299.0,1.465,1.465,0.1626345596729059,1.35,1.58,2,2,10.1002_aenm.201500411__sample_1414__figure_824__prop_Thermal_conductivity__sid_121__row_112262;10.1002_aenm.201500411__sample_1414__figure_825__prop_Thermal_conductivity__sid_121__row_3080,W*m^(-1)*K^(-1)
10.1002_aenm.201500411__sample_1414,Thermal conductivity,328.0,1.4100000000000001,1.4100000000000001,0.15556349186104051,1.3,1.52,2,2,10.1002_aenm.201500411__sample_1414__figure_824__prop_Thermal_conductivity__sid_121__row_112262;10.1002_aenm.201500411__sample_1414__figure_825__prop_Thermal_conductivity__sid_121__row_3080,W*m^(-1)*K^(-1)
10.1002_aenm.201500411__sample_1414,Thermal conductivity,430.0,1.325,1.325,0.1626345596729059,1.21,1.44,2,2,10.1002_aenm.201500411__sample_1414__figure_824__prop_Thermal_conductivity__sid_121__row_112262;10.1002_aenm.201500411__sample_1414__figure_825__prop_Thermal_conductivity__sid_121__row_3080,W*m^(-1)*K^(-1)
10.1002_aenm.201500411__sample_1414,Thermal conductivity,474.0,1.375,1.375,0.1626345596729059,1.26,1.49,2,2,10.1002_aenm.201500411__sample_1414__figure_824__prop_Thermal_conductivity__sid_121__row_112262;10.1002_aenm.201500411__sample_1414__figure_825__prop_Thermal_conductivity__sid_121__row_3080,W*m^(-1)*K^(-1)
10.1002_aenm.201500411__sample_1414,Thermal conductivity,532.0,1.5299999999999998,1.5299999999999998,0.16970562748477133,1.41,1.65,2,2,10.1002_aenm.201500411__sample_1414__figure_824__prop_Thermal_conductivity__sid_121__row_112262;10.1002_aenm.201500411__sample_1414__figure_825__prop_Thermal_conductivity__sid_121__row_3080,W*m^(-1)*K^(-1)
10.1002_aenm.201500411__sample_1415,Thermal conductivity,328.0,1.2115,1.2115,0.30900566337852126,0.993,1.43,2,2,10.1002_aenm.201500411__sample_1415__figure_824__prop_Thermal_conductivity__sid_121__row_112263;10.1002_aenm.201500411__sample_1415__figure_825__prop_Thermal_conductivity__sid_121__row_3081,W*m^(-1)*K^(-1)
10.1002_aenm.201500411__sample_1415,Thermal conductivity,372.0,1.149,1.149,0.29839906166072316,0.938,1.36,2,2,10.1002_aenm.201500411__sample_1415__figure_824__prop_Thermal_conductivity__sid_121__row_112263;10.1002_aenm.201500411__sample_1415__figure_825__prop_Thermal_conductivity__sid_121__row_3081,W*m^(-1)*K^(-1)
10.1002_aenm.201500411__sample_1415,Thermal conductivity,474.0,1.23,1.23,0.3252691193458118,1.0,1.46,2,2,10.1002_aenm.201500411__sample_1415__figure_824__prop_Thermal_conductivity__sid_121__row_112263;10.1002_aenm.201500411__sample_1415__figure_825__prop_Thermal_conductivity__sid_121__row_3081,W*m^(-1)*K^(-1)
10.1002_aenm.201500411__sample_1415,Thermal conductivity,531.0,1.415,1.415,0.34648232278140834,1.17,1.66,2,2,10.1002_aenm.201500411__sample_1415__figure_824__prop_Thermal_conductivity__sid_121__row_112263;10.1002_aenm.201500411__sample_1415__figure_825__prop_Thermal_conductivity__sid_121__row_3081,W*m^(-1)*K^(-1)
10.1002_aenm.201500411__sample_1416,Thermal conductivity,299.0,1.3145,1.3145,0.5168950570473663,0.949,1.68,2,2,10.1002_aenm.201500411__sample_1416__figure_824__prop_Thermal_conductivity__sid_121__row_112264;10.1002_aenm.201500411__sample_1416__figure_825__prop_Thermal_conductivity__sid_121__row_3082,W*m^(-1)*K^(-1)
10.1002_aenm.201500411__sample_1416,Thermal conductivity,328.0,1.239,1.239,0.5105310960166874,0.878,1.6,2,2,10.1002_aenm.201500411__sample_1416__figure_824__prop_Thermal_conductivity__sid_121__row_112264;10.1002_aenm.201500411__sample_1416__figure_825__prop_Thermal_conductivity__sid_121__row_3082,W*m^(-1)*K^(-1)
10.1002_aenm.201500411__sample_1416,Thermal conductivity,372.0,1.1925,1.1925,0.4914392129246505,0.845,1.54,2,2,10.1002_aenm.201500411__sample_1416__figure_824__prop_Thermal_conductivity__sid_121__row_112264;10.1002_aenm.201500411__sample_1416__figure_825__prop_Thermal_conductivity__sid_121__row_3082,W*m^(-1)*K^(-1)
10.1002_aenm.201500411__sample_1416,Thermal conductivity,430.0,1.1905000000000001,1.1905000000000001,0.48012550442566587,0.851,1.53,2,2,10.1002_aenm.201500411__sample_1416__figure_824__prop_Thermal_conductivity__sid_121__row_112264;10.1002_aenm.201500411__sample_1416__figure_825__prop_Thermal_conductivity__sid_121__row_3082,W*m^(-1)*K^(-1)
10.1002_aenm.201500411__sample_1416,Thermal conductivity,474.0,1.2475,1.2475,0.4843681451127851,0.905,1.59,2,2,10.1002_aenm.201500411__sample_1416__figure_824__prop_Thermal_conductivity__sid_121__row_112264;10.1002_aenm.201500411__sample_1416__figure_825__prop_Thermal_conductivity__sid_121__row_3082,W*m^(-1)*K^(-1)
10.1002_aenm.201500411__sample_1416,Thermal conductivity,532.0,1.405,1.405,0.5303300858899106,1.03,1.78,2,2,10.1002_aenm.201500411__sample_1416__figure_824__prop_Thermal_conductivity__sid_121__row_112264;10.1002_aenm.201500411__sample_1416__figure_825__prop_Thermal_conductivity__sid_121__row_3082,W*m^(-1)*K^(-1)
10.1007_s00339-004-2596-z__sample_8184,Electrical conductivity,361.098,1085.427,1085.427,0.0,1085.427,1085.427,2,1,10.1007_s00339-004-2596-z__sample_8184__figure_6700__prop_Electrical_conductivity__sid_223__row_26203,ohm^(-1)*m^(-1)
10.1007_s00339-004-2596-z__sample_8184,Electrical conductivity,460.772,2954.774,2954.774,0.0,2954.774,2954.774,2,1,10.1007_s00339-004-2596-z__sample_8184__figure_6700__prop_Electrical_conductivity__sid_223__row_26203,ohm^(-1)*m^(-1)
10.1007_s10789-005-0256-0__sample_10951,Electrical conductivity,620.553,1132.988,1132.988,0.0,1132.988,1132.988,2,1,10.1007_s10789-005-0256-0__sample_10951__figure_9039__prop_Electrical_conductivity__sid_1205__row_35271,ohm^(-1)*m^(-1)
10.1007_s10853-016-9980-x__sample_2542,ZT,652.506,1.151761,1.151761,0.0,1.151761,1.151761,2,1,10.1007_s10853-016-9980-x__sample_2542__figure_1636__prop_ZT__sid_11722__row_5522,-
10.1007_s10853-018-2209-4__sample_43851,ZT,400.633,0.690007,0.690007,0.0,0.690007,0.690007,2,1,10.1007_s10853-018-2209-4__sample_43851__figure_34072__prop_ZT__sid_33894__row_128448,-
10.1007_s10853-020-05586-3__sample_40770,Electrical conductivity,301.416,23190.232065,23190.232065,32730.414345855665,46.33413,46334.13,2,2,10.1007_s10853-020-05586-3__sample_40770__figure_31707__prop_Electrical_conductivity__sid_31303__row_118066;10.1007_s10853-020-05586-3__sample_40770__figure_31708__prop_Electrical_conductivity__sid_31303__row_118067,ohm^(-1)*m^(-1)
10.1007_s10853-020-05586-3__sample_40770,Electrical conductivity,318.574,22495.427955000003,22495.427955000003,31749.776189852662,44.94591,44945.91,2,2,10.1007_s10853-020-05586-3__sample_40770__figure_31707__prop_Electrical_conductivity__sid_31303__row_118066;10.1007_s10853-020-05586-3__sample_40770__figure_31708__prop_Electrical_conductivity__sid_31303__row_118067,ohm^(-1)*m^(-1)
10.1007_s10853-020-05586-3__sample_40770,Electrical conductivity,369.628,20789.99923,20789.99923,29342.75461930011,41.53846,41538.46,2,2,10.1007_s10853-020-05586-3__sample_40770__figure_31707__prop_Electrical_conductivity__sid_31303__row_118066;10.1007_s10853-020-05586-3__sample_40770__figure_31708__prop_Electrical_conductivity__sid_31303__row_118067,ohm^(-1)*m^(-1)
10.1007_s10853-020-05586-3__sample_40770,Electrical conductivity,423.094,19234.169955,19234.169955,27146.875911427327,38.42991,38429.91,2,2,10.1007_s10853-020-05586-3__sample_40770__figure_31707__prop_Electrical_conductivity__sid_31303__row_118066;10.1007_s10853-020-05586-3__sample_40770__figure_31708__prop_Electrical_conductivity__sid_31303__row_118067,ohm^(-1)*m^(-1)
10.1007_s10853-020-05586-3__sample_40770,Electrical conductivity,477.03,16712.35566,16712.35566,23587.617575965218,33.39132,33391.32,2,2,10.1007_s10853-020-05586-3__sample_40770__figure_31707__prop_Electrical_conductivity__sid_31303__row_118066;10.1007_s10853-020-05586-3__sample_40770__figure_31708__prop_Electrical_conductivity__sid_31303__row_118067,ohm^(-1)*m^(-1)
10.1007_s10853-020-05586-3__sample_40770,Electrical conductivity,530.748,15264.804555,15264.804555,21544.56137365329,30.49911,30499.11,2,2,10.1007_s10853-020-05586-3__sample_40770__figure_31707__prop_Electrical_conductivity__sid_31303__row_118066;10.1007_s10853-020-05586-3__sample_40770__figure_31708__prop_Electrical_conductivity__sid_31303__row_118067,ohm^(-1)*m^(-1)
10.1007_s10853-020-05586-3__sample_40770,Electrical conductivity,583.664,12250.663424999999,12250.663424999999,17290.43887046886,24.47685,24476.85,2,2,10.1007_s10853-020-05586-3__sample_40770__figure_31707__prop_Electrical_conductivity__sid_31303__row_118066;10.1007_s10853-020-05586-3__sample_40770__figure_31708__prop_Electrical_conductivity__sid_31303__row_118067,ohm^(-1)*m^(-1)
10.1007_s10853-020-05586-3__sample_40770,Electrical conductivity,621.067,11335.339015,11335.339015,15998.561017922846,22.64803,22648.03,2,2,10.1007_s10853-020-05586-3__sample_40770__figure_31707__prop_Electrical_conductivity__sid_31303__row_118066;10.1007_s10853-020-05586-3__sample_40770__figure_31708__prop_Electrical_conductivity__sid_31303__row_118067,ohm^(-1)*m^(-1)
10.1007_s10854-019-01874-0__sample_27695,Thermal conductivity,307.865,0.88768705,0.88768705,0.0005868279177066334,0.8872721,0.888102,2,1,10.1007_s10854-019-01874-0__sample_27695__figure_22239__prop_Thermal_conductivity__sid_24609__row_80519,W*m^(-1)*K^(-1)
10.1007_s11661-014-2343-9__sample_24602,Seebeck coefficient,223.91,8.243902e-05,8.243902e-05,0.0,8.243902e-05,8.243902e-05,2,1,10.1007_s11661-014-2343-9__sample_24602__figure_19941__prop_Seebeck_coefficient__sid_4074__row_72313,V*K^(-1)
10.1007_s11664-007-0174-9__sample_20888,Seebeck coefficient,365.502,-0.0001836072,-0.0001836072,0.0,-0.0001836072,-0.0001836072,2,1,10.1007_s11664-007-0174-9__sample_20888__figure_17382__prop_Seebeck_coefficient__sid_2281__row_63644,V*K^(-1)
10.1007_s11664-009-0786-3__sample_30017,Seebeck coefficient,387.936,3.990646e-05,3.990646e-05,9.532082253107165e-07,3.923244e-05,4.058048e-05,2,1,10.1007_s11664-009-0786-3__sample_30017__figure_24136__prop_Seebeck_coefficient__sid_11083__row_86988,V*K^(-1)
10.1007_s11664-009-0786-3__sample_30018,Seebeck coefficient,333.244,1.7792115000000003e-05,1.7792115000000003e-05,2.5996780810323284e-07,1.760829e-05,1.797594e-05,2,1,10.1007_s11664-009-0786-3__sample_30018__figure_24136__prop_Seebeck_coefficient__sid_11083__row_86989,V*K^(-1)
10.1007_s11664-010-1150-3__sample_8507,Seebeck coefficient,209.032,0.00021556784999999997,0.00021556784999999997,0.00011785115376798394,0.0001322345,0.0002989012,2,1,10.1007_s11664-010-1150-3__sample_8507__figure_6981__prop_Seebeck_coefficient__sid_2317__row_27364,V*K^(-1)
10.1007_s11664-010-1150-3__sample_8509,Electrical conductivity,119.4,426104.80000000005,426104.80000000005,57340.84452133574,385558.7,466650.9,2,1,10.1007_s11664-010-1150-3__sample_8509__figure_6984__prop_Electrical_conductivity__sid_2317__row_27373,ohm^(-1)*m^(-1)
10.1007_s11664-010-1150-3__sample_8509,Electrical conductivity,224.711,305411.75,305411.75,35987.28038967376,279964.9,330858.6,2,1,10.1007_s11664-010-1150-3__sample_8509__figure_6984__prop_Electrical_conductivity__sid_2317__row_27373,ohm^(-1)*m^(-1)
10.1007_s11664-010-1150-3__sample_8509,Electrical conductivity,529.561,162710.45,162710.45,35405.33150875724,137675.1,187745.8,2,1,10.1007_s11664-010-1150-3__sample_8509__figure_6984__prop_Electrical_conductivity__sid_2317__row_27373,ohm^(-1)*m^(-1)
10.1007_s11664-010-1151-2__sample_16892,Electrical conductivity,14.929,3726.252,3726.252,76.8596786878529,3671.904,3780.6,2,1,10.1007_s11664-010-1151-2__sample_16892__figure_14407__prop_Electrical_conductivity__sid_2315__row_53553,ohm^(-1)*m^(-1)
10.1007_s11664-010-1484-x__sample_15027,Seebeck coefficient,328.574,-0.0001126122,-0.0001126122,1.6058395000746535e-06,-0.0001137477,-0.0001114767,2,1,10.1007_s11664-010-1484-x__sample_15027__figure_12747__prop_Seebeck_coefficient__sid_11124__row_48437,V*K^(-1)
10.1007_s11664-012-1914-z__sample_30275,Electrical conductivity,219.398,143206.2,143206.2,0.0,143206.2,143206.2,2,1,10.1007_s11664-012-1914-z__sample_30275__figure_24308__prop_Electrical_conductivity__sid_2366__row_87576,ohm^(-1)*m^(-1)
10.1007_s11664-012-1987-8__sample_10140,Thermal conductivity,7.95,1.294,1.294,1.1398561312727147,0.488,2.1,2,1,10.1007_s11664-012-1987-8__sample_10140__figure_8228__prop_Thermal_conductivity__sid_2386__row_32809,W*m^(-1)*K^(-1)
10.1007_s11664-012-2048-z__sample_11437,Thermal conductivity,6.303,1.811317,1.811317,0.33941125496954283,1.571317,2.051317,2,1,10.1007_s11664-012-2048-z__sample_11437__figure_9441__prop_Thermal_conductivity__sid_2399__row_36749,W*m^(-1)*K^(-1)
10.1007_s11664-012-2048-z__sample_11437,Thermal conductivity,10.084,2.903978,2.903978,0.2262741699796954,2.743978,3.063978,2,1,10.1007_s11664-012-2048-z__sample_11437__figure_9441__prop_Thermal_conductivity__sid_2399__row_36749,W*m^(-1)*K^(-1)
10.1007_s11664-012-2048-z__sample_11437,Thermal conductivity,230.672,7.264762,7.264762,0.1131370849898477,7.184762,7.344762,2,1,10.1007_s11664-012-2048-z__sample_11437__figure_9441__prop_Thermal_conductivity__sid_2399__row_36749,W*m^(-1)*K^(-1)
10.1007_s11664-013-2745-2__sample_32397,Electrical conductivity,55.709,111256.8,111256.8,0.0,111256.8,111256.8,2,1,10.1007_s11664-013-2745-2__sample_32397__figure_25912__prop_Electrical_conductivity__sid_10789__row_93479,ohm^(-1)*m^(-1)
10.1007_s11664-016-4850-5__sample_22052,Seebeck coefficient,322.951,-0.0001780105,-0.0001780105,1.4808230211608565e-06,-0.0001790576,-0.0001769634,2,1,10.1007_s11664-016-4850-5__sample_22052__figure_18278__prop_Seebeck_coefficient__sid_11018__row_66801,V*K^(-1)
10.1007_s11664-016-4850-5__sample_22052,Seebeck coefficient,475.41,-0.00020340315,-0.00020340315,1.1106526212097258e-06,-0.0002041885,-0.0002026178,2,1,10.1007_s11664-016-4850-5__sample_22052__figure_18278__prop_Seebeck_coefficient__sid_11018__row_66801,V*K^(-1)
10.1007_s11664-016-4850-5__sample_22052,Seebeck coefficient,498.361,-0.00020575915000000002,-0.00020575915000000002,7.404115105804523e-07,-0.0002062827,-0.0002052356,2,1,10.1007_s11664-016-4850-5__sample_22052__figure_18278__prop_Seebeck_coefficient__sid_11018__row_66801,V*K^(-1)
10.1007_s11664-019-07720-7__sample_35566,Electrical conductivity,322.604,734.6939,734.6939,0.0,734.6939,734.6939,2,1,10.1007_s11664-019-07720-7__sample_35566__figure_28090__prop_Electrical_conductivity__sid_24026__row_102415,ohm^(-1)*m^(-1)
10.1007_s12598-020-01392-7__sample_84007,Thermal conductivity,6.163,3.7275,3.7275,0.6696301217836601,3.254,4.201,2,1,10.1007_s12598-020-01392-7__sample_84007__figure_55950__prop_Thermal_conductivity__sid_49794__row_196762,W*m^(-1)*K^(-1)
10.1007_s12598-020-01392-7__sample_84007,Thermal conductivity,7.704,5.0595,5.0595,0.5437651147324551,4.675,5.444,2,1,10.1007_s12598-020-01392-7__sample_84007__figure_55950__prop_Thermal_conductivity__sid_49794__row_196762,W*m^(-1)*K^(-1)
10.1007_s12598-020-01392-7__sample_84007,Thermal conductivity,15.41,7.455500000000001,7.455500000000001,0.3768879143724298,7.189,7.722,2,1,10.1007_s12598-020-01392-7__sample_84007__figure_55950__prop_Thermal_conductivity__sid_49794__row_196762,W*m^(-1)*K^(-1)
10.1016_0025-5408_81_90119-7__sample_13999,Electrical conductivity,235.9,59781.47,59781.47,987.9413104025992,59082.89,60480.05,2,1,10.1016_0025-5408_81_90119-7__sample_13999__figure_11789__prop_Electrical_conductivity__sid_3788__row_45371,ohm^(-1)*m^(-1)
10.1016_j.cej.2019.04.081__sample_27414,ZT,303.073,0.1052632,0.1052632,0.0,0.1052632,0.1052632,2,1,10.1016_j.cej.2019.04.081__sample_27414__figure_22024__prop_ZT__sid_21345__row_79687,-
10.1016_j.ceramint.2016.04.014__sample_29176,ZT,333.688,0.00102736,0.00102736,1.1047836349258694e-05,0.001019548,0.001035172,2,1,10.1016_j.ceramint.2016.04.014__sample_29176__figure_23441__prop_ZT__sid_7281__row_84659,-
10.1016_j.compositesb.2018.08.070__sample_27516,Seebeck coefficient,660.554,0.0004528302,0.0004528302,0.0,0.0004528302,0.0004528302,2,1,10.1016_j.compositesb.2018.08.070__sample_27516__figure_22092__prop_Seebeck_coefficient__sid_24839__row_79969,V*K^(-1)
10.1016_j.intermet.2009.07.011__sample_11092,Electrical conductivity,228.198,12882.77,12882.77,0.0,12882.77,12882.77,2,1,10.1016_j.intermet.2009.07.011__sample_11092__figure_9159__prop_Electrical_conductivity__sid_8667__row_35715,ohm^(-1)*m^(-1)
10.1016_j.intermet.2013.07.007__sample_1548,Seebeck coefficient,486.15,0.00016150000000000002,0.00016150000000000002,7.071067811865552e-07,0.000161,0.000162,2,1,10.1016_j.intermet.2013.07.007__sample_1548__figure_908__prop_Seebeck_coefficient__sid_1271__row_3324,V*K^(-1)
10.1016_j.intermet.2013.07.007__sample_1548,Seebeck coefficient,585.15,0.00011,0.00011,0.0,0.00011,0.00011,2,1,10.1016_j.intermet.2013.07.007__sample_1548__figure_908__prop_Seebeck_coefficient__sid_1271__row_3324,V*K^(-1)
10.1016_j.intermet.2013.07.007__sample_1550,Electrical conductivity,375.15,8570.0,8570.0,169.7056274847714,8450.0,8690.0,2,1,10.1016_j.intermet.2013.07.007__sample_1550__figure_906__prop_Electrical_conductivity__sid_1271__row_3314,ohm^(-1)*m^(-1)
10.1016_j.intermet.2013.07.007__sample_1550,Electrical conductivity,451.15,12550.0,12550.0,212.13203435596427,12400.0,12700.0,2,1,10.1016_j.intermet.2013.07.007__sample_1550__figure_906__prop_Electrical_conductivity__sid_1271__row_3314,ohm^(-1)*m^(-1)
10.1016_j.intermet.2013.07.007__sample_1550,Electrical conductivity,530.15,16150.0,16150.0,212.13203435596427,16000.0,16300.0,2,1,10.1016_j.intermet.2013.07.007__sample_1550__figure_906__prop_Electrical_conductivity__sid_1271__row_3314,ohm^(-1)*m^(-1)
10.1016_j.jallcom.2004.06.047__sample_1570,Seebeck coefficient,444.0,0.00013,0.00013,0.0,0.00013,0.00013,2,1,10.1016_j.jallcom.2004.06.047__sample_1570__figure_924__prop_Seebeck_coefficient__sid_1502__row_3360,V*K^(-1)
10.1016_j.jallcom.2004.06.047__sample_1570,Thermal conductivity,348.0,1.86,1.86,0.0,1.86,1.86,2,1,10.1016_j.jallcom.2004.06.047__sample_1570__figure_926__prop_Thermal_conductivity__sid_1502__row_3366,W*m^(-1)*K^(-1)
10.1016_j.jallcom.2004.06.047__sample_1570,Thermal conductivity,474.0,1.835,1.835,0.007071067811865403,1.83,1.84,2,1,10.1016_j.jallcom.2004.06.047__sample_1570__figure_926__prop_Thermal_conductivity__sid_1502__row_3366,W*m^(-1)*K^(-1)
10.1016_j.jallcom.2004.06.047__sample_1571,Thermal conductivity,378.0,1.6549999999999998,1.6549999999999998,0.00707106781186556,1.65,1.66,2,1,10.1016_j.jallcom.2004.06.047__sample_1571__figure_926__prop_Thermal_conductivity__sid_1502__row_3367,W*m^(-1)*K^(-1)
10.1016_j.jallcom.2004.06.047__sample_1572,Thermal conductivity,351.0,1.775,1.775,0.007071067811865403,1.77,1.78,2,1,10.1016_j.jallcom.2004.06.047__sample_1572__figure_926__prop_Thermal_conductivity__sid_1502__row_3368,W*m^(-1)*K^(-1)
10.1016_j.jallcom.2004.06.047__sample_1572,Thermal conductivity,447.0,1.71,1.71,0.0,1.71,1.71,2,1,10.1016_j.jallcom.2004.06.047__sample_1572__figure_926__prop_Thermal_conductivity__sid_1502__row_3368,W*m^(-1)*K^(-1)
10.1016_j.jallcom.2005.01.046__sample_1578,Seebeck coefficient,316.0,0.0002235,0.0002235,7.071067811865552e-07,0.000223,0.000224,2,1,10.1016_j.jallcom.2005.01.046__sample_1578__figure_930__prop_Seebeck_coefficient__sid_1522__row_3383,V*K^(-1)
10.1016_j.jallcom.2005.01.046__sample_1584,Seebeck coefficient,443.0,0.00018449999999999999,0.00018449999999999999,3.5355339059327374e-06,0.000182,0.000187,2,1,10.1016_j.jallcom.2005.01.046__sample_1584__figure_930__prop_Seebeck_coefficient__sid_1522__row_3389,V*K^(-1)
10.1016_j.jallcom.2021.159224__sample_45017,Thermal conductivity,9.75,2.014409,2.014409,0.07335950012097964,1.962536,2.066282,2,1,10.1016_j.jallcom.2021.159224__sample_45017__figure_34892__prop_Thermal_conductivity__sid_32413__row_131793,W*m^(-1)*K^(-1)
10.1016_j.jpcs.2014.01.002__sample_28484,Electrical conductivity,122.748,51668.64,51668.64,0.0,51668.64,51668.64,2,1,10.1016_j.jpcs.2014.01.002__sample_28484__figure_22897__prop_Electrical_conductivity__sid_3175__row_82804,ohm^(-1)*m^(-1)
10.1016_j.jssc.2012.03.042__sample_8649,Seebeck coefficient,7.103,6.748727e-06,6.748727e-06,1.9808592383311845e-06,5.348048e-06,8.149406e-06,2,1,10.1016_j.jssc.2012.03.042__sample_8649__figure_7117__prop_Seebeck_coefficient__sid_12928__row_27826,V*K^(-1)
10.1016_j.matlet.2003.12.034__sample_10797,Seebeck coefficient,418.124,0.0001705811,0.0001705811,2.2377101197429387e-06,0.0001689988,0.0001721634,2,1,10.1016_j.matlet.2003.12.034__sample_10797__figure_8865__prop_Seebeck_coefficient__sid_3742__row_34669,V*K^(-1)
10.1016_j.matlet.2004.11.008__sample_10810,Electrical conductivity,436.535,3492.703,3492.703,0.0,3492.703,3492.703,2,1,10.1016_j.matlet.2004.11.008__sample_10810__figure_8887__prop_Electrical_conductivity__sid_3746__row_34725,ohm^(-1)*m^(-1)
10.1016_j.matlet.2004.11.008__sample_10810,Seebeck coefficient,330.717,-3.769231e-05,-3.769231e-05,3.62618499528086e-07,-3.794872e-05,-3.74359e-05,2,1,10.1016_j.matlet.2004.11.008__sample_10810__figure_8885__prop_Seebeck_coefficient__sid_3746__row_34721,V*K^(-1)
10.1016_j.mseb.2005.11.032__sample_25895,Electrical conductivity,704.705,28883.05,28883.05,0.0,28883.05,28883.05,2,1,10.1016_j.mseb.2005.11.032__sample_25895__figure_20850__prop_Electrical_conductivity__sid_3902__row_98893,ohm^(-1)*m^(-1)
10.1016_j.mssp.2014.07.052__sample_4607,Electrical conductivity,538.596,7407.6494999999995,7407.6494999999995,368.9251849094888,7146.78,7668.519,2,1,10.1016_j.mssp.2014.07.052__sample_4607__figure_3382__prop_Electrical_conductivity__sid_3941__row_13811,ohm^(-1)*m^(-1)
10.1016_j.mssp.2014.07.052__sample_4608,Electrical conductivity,440.351,10864.005000000001,10864.005000000001,553.3888380244038,10472.7,11255.31,2,1,10.1016_j.mssp.2014.07.052__sample_4608__figure_3382__prop_Electrical_conductivity__sid_3941__row_13812,ohm^(-1)*m^(-1)
10.1016_j.mssp.2014.07.052__sample_4608,Electrical conductivity,633.333,13883.295,13883.295,158.1161473411243,13771.49,13995.1,2,1,10.1016_j.mssp.2014.07.052__sample_4608__figure_3382__prop_Electrical_conductivity__sid_3941__row_13812,ohm^(-1)*m^(-1)
10.1016_j.mssp.2014.07.052__sample_4608,Seebeck coefficient,440.571,8.7633135e-05,8.7633135e-05,1.2552206026232994e-06,8.674556e-05,8.852071e-05,2,1,10.1016_j.mssp.2014.07.052__sample_4608__figure_3383__prop_Seebeck_coefficient__sid_3941__row_13814,V*K^(-1)
10.1016_j.mssp.2014.07.052__sample_4608,Seebeck coefficient,585.714,0.00012446745,0.00012446745,6.275572683030522e-07,0.0001240237,0.0001249112,2,1,10.1016_j.mssp.2014.07.052__sample_4608__figure_3383__prop_Seebeck_coefficient__sid_3941__row_13814,V*K^(-1)
10.1016_j.mssp.2014.07.052__sample_4608,Seebeck coefficient,632.571,0.0001328994,0.0001328994,8.367901648561648e-07,0.0001323077,0.0001334911,2,1,10.1016_j.mssp.2014.07.052__sample_4608__figure_3383__prop_Seebeck_coefficient__sid_3941__row_13814,V*K^(-1)
10.1016_j.mssp.2014.07.052__sample_4608,Seebeck coefficient,679.429,0.00014118345,0.00014118345,1.6736510403904437e-06,0.00014,0.0001423669,2,1,10.1016_j.mssp.2014.07.052__sample_4608__figure_3383__prop_Seebeck_coefficient__sid_3941__row_13814,V*K^(-1)
10.1016_j.mtphys.2018.05.001__sample_44013,Electrical conductivity,450.155,36913.475,36913.475,849.0018989672508,36313.14,37513.81,2,1,10.1016_j.mtphys.2018.05.001__sample_44013__figure_34147__prop_Electrical_conductivity__sid_32050__row_128672,ohm^(-1)*m^(-1)
10.1016_j.nanoen.2016.02.040__sample_3161,Electrical conductivity,318.896,1923.077,1923.077,0.0,1923.077,1923.077,2,1,10.1016_j.nanoen.2016.02.040__sample_3161__figure_2096__prop_Electrical_conductivity__sid_14305__row_7799,ohm^(-1)*m^(-1)
10.1016_j.nanoen.2020.104658__sample_29116,Seebeck coefficient,309.485,0.00038885555,0.00038885555,5.306836392805224e-07,0.0003884803,0.0003892308,2,2,10.1016_j.nanoen.2020.104658__sample_29116__figure_23388__prop_Seebeck_coefficient__sid_27570__row_84471;10.1016_j.nanoen.2020.104658__sample_29116__figure_23389__prop_Seebeck_coefficient__sid_27570__row_84476,V*K^(-1)
10.1016_j.pnsc.2018.02.007__sample_10879,Electrical conductivity,352.254,44561.4,44561.4,0.0,44561.4,44561.4,2,1,10.1016_j.pnsc.2018.02.007__sample_10879__figure_8970__prop_Electrical_conductivity__sid_18802__row_35033,ohm^(-1)*m^(-1)
10.1016_j.pnsc.2018.05.002__sample_12739,Seebeck coefficient,325.292,-3.9492815000000003e-05,-3.9492815000000003e-05,1.6443209582136024e-05,-5.111992e-05,-2.786571e-05,2,1,10.1016_j.pnsc.2018.05.002__sample_12739__figure_10560__prop_Seebeck_coefficient__sid_18657__row_40950,V*K^(-1)
10.1016_j.ssc.2012.10.003__sample_4798,Thermal conductivity,289.277,8.361775,8.361775,0.0,8.361775,8.361775,2,1,10.1016_j.ssc.2012.10.003__sample_4798__figure_3534__prop_Thermal_conductivity__sid_5316__row_14467,W*m^(-1)*K^(-1)
10.1016_j.synthmet.2019.116217__sample_26422,Seebeck coefficient,152.582,2.0768909999999998e-05,2.0768909999999998e-05,9.07925107043673e-09,2.076249e-05,2.077533e-05,2,2,10.1016_j.synthmet.2019.116217__sample_26422__figure_21242__prop_Seebeck_coefficient__sid_21589__row_76550;10.1016_j.synthmet.2019.116217__sample_26422__figure_21370__prop_Seebeck_coefficient__sid_21589__row_77024,V*K^(-1)
10.1016_j.synthmet.2019.116217__sample_26422,Seebeck coefficient,282.702,2.7687175e-05,2.7687175e-05,3.338251113981871e-08,2.766357e-05,2.771078e-05,2,2,10.1016_j.synthmet.2019.116217__sample_26422__figure_21242__prop_Seebeck_coefficient__sid_21589__row_76550;10.1016_j.synthmet.2019.116217__sample_26422__figure_21370__prop_Seebeck_coefficient__sid_21589__row_77024,V*K^(-1)
10.1016_j.synthmet.2020.116606__sample_38776,Electrical conductivity,570.579,130160.45000000001,130160.45000000001,1762.3222307512394,128914.3,131406.6,2,1,10.1016_j.synthmet.2020.116606__sample_38776__figure_30082__prop_Electrical_conductivity__sid_28938__row_110751,ohm^(-1)*m^(-1)
10.1016_j.synthmet.2020.116606__sample_38776,Electrical conductivity,595.92,128226.7,128226.7,2917.098315106979,126164.0,130289.4,2,1,10.1016_j.synthmet.2020.116606__sample_38776__figure_30082__prop_Electrical_conductivity__sid_28938__row_110751,ohm^(-1)*m^(-1)
10.1016_j.synthmet.2020.116606__sample_38776,ZT,447.046,0.31540045,0.31540045,0.012879596465922386,0.3062932,0.3245077,2,1,10.1016_j.synthmet.2020.116606__sample_38776__figure_30086__prop_ZT__sid_28938__row_110769,-
10.1016_j.synthmet.2020.116606__sample_38776,ZT,595.638,0.5831745500000001,0.5831745500000001,0.021465994109870604,0.5679958,0.5983533,2,1,10.1016_j.synthmet.2020.116606__sample_38776__figure_30086__prop_ZT__sid_28938__row_110769,-
10.1016_j.synthmet.2020.116606__sample_38777,Electrical conductivity,594.906,77820.48000000001,77820.48000000001,2734.721334103351,75886.74,79754.22,2,1,10.1016_j.synthmet.2020.116606__sample_38777__figure_30082__prop_Electrical_conductivity__sid_28938__row_110752,ohm^(-1)*m^(-1)
10.1016_j.synthmet.2020.116606__sample_38777,ZT,546.544,0.40006315000000003,0.40006315000000003,0.013237392497202764,0.3907029,0.4094234,2,1,10.1016_j.synthmet.2020.116606__sample_38777__figure_30086__prop_ZT__sid_28938__row_110770,-
10.1016_j.synthmet.2020.116606__sample_38777,ZT,595.638,0.49513785,0.49513785,0.01502623123224845,0.4845127,0.505763,2,1,10.1016_j.synthmet.2020.116606__sample_38777__figure_30086__prop_ZT__sid_28938__row_110770,-
10.1016_j.synthmet.2020.116606__sample_38779,ZT,446.764,0.5614096,0.5614096,0.014647858393635561,0.551052,0.5717672,2,1,10.1016_j.synthmet.2020.116606__sample_38779__figure_30086__prop_ZT__sid_28938__row_110772,-
10.1016_j.synthmet.2020.116606__sample_38780,Electrical conductivity,568.214,69537.62,69537.62,2871.4616434491986,67507.19,71568.05,2,1,10.1016_j.synthmet.2020.116606__sample_38780__figure_30082__prop_Electrical_conductivity__sid_28938__row_110755,ohm^(-1)*m^(-1)
10.1016_j.synthmet.2020.116606__sample_38780,ZT,543.925,0.81063715,0.81063715,0.040785424164093226,0.7817975,0.8394768,2,1,10.1016_j.synthmet.2020.116606__sample_38780__figure_30086__prop_ZT__sid_28938__row_110773,-
10.1016_j.synthmet.2020.116606__sample_38780,ZT,568.472,0.9014339,0.9014339,0.06869118115158601,0.8528619,0.9500059,2,1,10.1016_j.synthmet.2020.116606__sample_38780__figure_30086__prop_ZT__sid_28938__row_110773,-
10.1016_j.synthmet.2020.116606__sample_38780,ZT,592.037,0.98994985,0.98994985,0.08479080047767562,0.9299937,1.049906,2,1,10.1016_j.synthmet.2020.116606__sample_38780__figure_30086__prop_ZT__sid_28938__row_110773,-
10.1016_s0025-5408_96_00149-3__sample_5498,Electrical conductivity,112.738,627665.7,627665.7,0.0,627665.7,627665.7,2,1,10.1016_s0025-5408_96_00149-3__sample_5498__figure_4205__prop_Electrical_conductivity__sid_3792__row_17060,ohm^(-1)*m^(-1)
10.1016_s0025-5408_96_00149-3__sample_5498,Electrical conductivity,132.462,559155.5,559155.5,0.0,559155.5,559155.5,2,1,10.1016_s0025-5408_96_00149-3__sample_5498__figure_4205__prop_Electrical_conductivity__sid_3792__row_17060,ohm^(-1)*m^(-1)
10.1016_s0025-5408_96_00149-3__sample_5498,Electrical conductivity,180.721,406564.5,406564.5,0.0,406564.5,406564.5,2,1,10.1016_s0025-5408_96_00149-3__sample_5498__figure_4205__prop_Electrical_conductivity__sid_3792__row_17060,ohm^(-1)*m^(-1)
10.1016_s0025-5408_96_00149-3__sample_5498,Electrical conductivity,194.292,375423.5,375423.5,0.0,375423.5,375423.5,2,1,10.1016_s0025-5408_96_00149-3__sample_5498__figure_4205__prop_Electrical_conductivity__sid_3792__row_17060,ohm^(-1)*m^(-1)
10.1016_s0025-5408_96_00149-3__sample_5498,Electrical conductivity,291.874,218161.4,218161.4,0.0,218161.4,218161.4,2,1,10.1016_s0025-5408_96_00149-3__sample_5498__figure_4205__prop_Electrical_conductivity__sid_3792__row_17060,ohm^(-1)*m^(-1)
10.1021_acs.chemmater.5b00144__sample_19528,Electrical conductivity,301.877,253793.0,253793.0,5934.0401077175065,249597.0,257989.0,2,1,10.1021_acs.chemmater.5b00144__sample_19528__figure_16380__prop_Electrical_conductivity__sid_632__row_121596,ohm^(-1)*m^(-1)
10.1021_acs.inorgchem.9b00453__sample_27901,Seebeck coefficient,491.308,7.921693999999999e-05,7.921693999999999e-05,1.198178298584972e-06,7.83697e-05,8.006418e-05,2,1,10.1021_acs.inorgchem.9b00453__sample_27901__figure_22435__prop_Seebeck_coefficient__sid_24828__row_81168,V*K^(-1)
10.1021_acs.inorgchem.9b00453__sample_27902,Seebeck coefficient,451.045,7.186136e-05,7.186136e-05,2.3418952328829747e-06,7.020539e-05,7.351733e-05,2,1,10.1021_acs.inorgchem.9b00453__sample_27902__figure_22435__prop_Seebeck_coefficient__sid_24828__row_81169,V*K^(-1)
10.1021_cm000390o__sample_15881,Seebeck coefficient,291.522,0.0001155333,0.0001155333,1.7317045071258475e-06,0.0001143088,0.0001167578,2,1,10.1021_cm000390o__sample_15881__figure_13466__prop_Seebeck_coefficient__sid_7404__row_50662,V*K^(-1)
10.1021_cm200560s__sample_4981,Thermal conductivity,11.707,4.3186175,4.3186175,0.9294289313661911,3.661412,4.975823,2,1,10.1021_cm200560s__sample_4981__figure_3754__prop_Thermal_conductivity__sid_7432__row_15329,W*m^(-1)*K^(-1)
10.1021_cm200560s__sample_4981,Thermal conductivity,15.61,4.8531045,4.8531045,0.73489678479396,4.333454,5.372755,2,1,10.1021_cm200560s__sample_4981__figure_3754__prop_Thermal_conductivity__sid_7432__row_15329,W*m^(-1)*K^(-1)
10.1021_cm200560s__sample_4981,Thermal conductivity,19.512,5.953094,5.953094,0.43229255910552083,5.647417,6.258771,2,1,10.1021_cm200560s__sample_4981__figure_3754__prop_Thermal_conductivity__sid_7432__row_15329,W*m^(-1)*K^(-1)
10.1021_cm200560s__sample_4981,Thermal conductivity,21.463,6.365534,6.365534,0.5403653453285101,5.983438,6.74763,2,1,10.1021_cm200560s__sample_4981__figure_3754__prop_Thermal_conductivity__sid_7432__row_15329,W*m^(-1)*K^(-1)
10.1021_cm200560s__sample_4982,Thermal conductivity,7.805,1.644392,1.6443923333333335,0.4279475000000974,1.216445,2.07234,3,1,10.1021_cm200560s__sample_4982__figure_3754__prop_Thermal_conductivity__sid_7432__row_15330,W*m^(-1)*K^(-1)
10.1021_cm200560s__sample_4982,Thermal conductivity,11.707,2.89722,2.9787339999999998,0.5850604899862922,2.438705,3.600277,3,1,10.1021_cm200560s__sample_4982__figure_3754__prop_Thermal_conductivity__sid_7432__row_15330,W*m^(-1)*K^(-1)
10.1021_cm200560s__sample_4982,Thermal conductivity,15.61,4.975375,4.975375,0.8213554380364211,4.394589,5.556161,2,1,10.1021_cm200560s__sample_4982__figure_3754__prop_Thermal_conductivity__sid_7432__row_15330,W*m^(-1)*K^(-1)
10.1021_cm200560s__sample_4982,Thermal conductivity,17.561,5.4948025000000005,5.4948025000000005,0.561979478309039,5.097423,5.892182,2,1,10.1021_cm200560s__sample_4982__figure_3754__prop_Thermal_conductivity__sid_7432__row_15330,W*m^(-1)*K^(-1)
10.1021_cm200560s__sample_4982,Thermal conductivity,23.415,7.328193,7.297625,0.2915971474774743,6.991948,7.572734,3,1,10.1021_cm200560s__sample_4982__figure_3754__prop_Thermal_conductivity__sid_7432__row_15330,W*m^(-1)*K^(-1)
10.1021_cm200560s__sample_4983,Thermal conductivity,3.902,1.033486,1.0946215,0.3403875642892231,0.7889445,1.461434,3,1,10.1021_cm200560s__sample_4983__figure_3754__prop_Thermal_conductivity__sid_7432__row_15331,W*m^(-1)*K^(-1)
10.1021_cm200560s__sample_4983,Thermal conductivity,7.805,1.9959205,1.9959205,0.1945314394654497,1.858366,2.133475,2,1,10.1021_cm200560s__sample_4983__figure_3754__prop_Thermal_conductivity__sid_7432__row_15331,W*m^(-1)*K^(-1)
10.1021_cm200560s__sample_4983,Thermal conductivity,9.756,2.897444,2.897444,0.3026049327952206,2.68347,3.111418,2,1,10.1021_cm200560s__sample_4983__figure_3754__prop_Thermal_conductivity__sid_7432__row_15331,W*m^(-1)*K^(-1)
10.1021_cm200560s__sample_4983,Thermal conductivity,15.61,5.999392500000001,5.877122,1.0364500891064015,4.577996,6.931707,4,1,10.1021_cm200560s__sample_4983__figure_3754__prop_Thermal_conductivity__sid_7432__row_15331,W*m^(-1)*K^(-1)
10.1021_cm200560s__sample_4983,Thermal conductivity,21.463,8.5052725,8.5052725,0.8861992511915696,7.878635,9.13191,2,1,10.1021_cm200560s__sample_4983__figure_3754__prop_Thermal_conductivity__sid_7432__row_15331,W*m^(-1)*K^(-1)
10.1021_cm200560s__sample_4983,Thermal conductivity,23.415,8.734306,8.846387666666667,0.6039209996616551,8.306359,9.498498,3,1,10.1021_cm200560s__sample_4983__figure_3754__prop_Thermal_conductivity__sid_7432__row_15331,W*m^(-1)*K^(-1)
10.1021_cm200560s__sample_4984,Thermal conductivity,5.854,0.8957075999999999,0.8957075999999999,0.1945312980440936,0.7581532,1.033262,2,1,10.1021_cm200560s__sample_4984__figure_3754__prop_Thermal_conductivity__sid_7432__row_15332,W*m^(-1)*K^(-1)
10.1021_cm200560s__sample_4984,Thermal conductivity,7.805,1.736095,1.7462843333333333,0.29052704062502227,1.460986,2.041772,3,1,10.1021_cm200560s__sample_4984__figure_3754__prop_Thermal_conductivity__sid_7432__row_15332,W*m^(-1)*K^(-1)
10.1021_cm200560s__sample_4984,Thermal conductivity,9.756,2.8057410000000003,2.8057410000000003,0.6916678117261206,2.316658,3.294824,2,1,10.1021_cm200560s__sample_4984__figure_3754__prop_Thermal_conductivity__sid_7432__row_15332,W*m^(-1)*K^(-1)
10.1021_cm200560s__sample_4984,Thermal conductivity,11.707,3.753115,3.7347746,0.8871476477392588,2.744382,4.853552,5,1,10.1021_cm200560s__sample_4984__figure_3754__prop_Thermal_conductivity__sid_7432__row_15332,W*m^(-1)*K^(-1)
10.1021_cm200560s__sample_4984,Thermal conductivity,15.61,7.267952,7.160965,1.334399776419596,5.617297,8.490659,4,1,10.1021_cm200560s__sample_4984__figure_3754__prop_Thermal_conductivity__sid_7432__row_15332,W*m^(-1)*K^(-1)
10.1021_cm200560s__sample_4984,Thermal conductivity,21.463,9.498720500000001,9.498720500000001,0.7348953705803981,8.979071,10.01837,2,1,10.1021_cm200560s__sample_4984__figure_3754__prop_Thermal_conductivity__sid_7432__row_15332,W*m^(-1)*K^(-1)
10.1021_cm200560s__sample_4984,Thermal conductivity,23.415,11.08802,11.08802,0.7348960776871795,10.56837,11.60767,2,1,10.1021_cm200560s__sample_4984__figure_3754__prop_Thermal_conductivity__sid_7432__row_15332,W*m^(-1)*K^(-1)
10.1021_cm200560s__sample_4984,Thermal conductivity,85.854,10.133261999999998,10.133261999999998,0.2161455724459785,9.980424,10.2861,2,1,10.1021_cm200560s__sample_4984__figure_3754__prop_Thermal_conductivity__sid_7432__row_15332,W*m^(-1)*K^(-1)
10.1021_ja510433j__sample_13978,Thermal conductivity,4.946,0.37227945,0.37227945,0.08268135952803994,0.3138149,0.430744,2,1,10.1021_ja510433j__sample_13978__figure_11745__prop_Thermal_conductivity__sid_3511__row_45287,W*m^(-1)*K^(-1)
10.1021_ja510433j__sample_13978,Thermal conductivity,7.353,0.80661085,0.80661085,0.06496395059727358,0.7606744,0.8525473,2,1,10.1021_ja510433j__sample_13978__figure_11745__prop_Thermal_conductivity__sid_3511__row_45287,W*m^(-1)*K^(-1)
10.1021_ja510433j__sample_13978,Thermal conductivity,7.835,1.0467376000000002,1.0467376000000002,0.08563402531424061,0.9861852,1.10729,2,1,10.1021_ja510433j__sample_13978__figure_11745__prop_Thermal_conductivity__sid_3511__row_45287,W*m^(-1)*K^(-1)
10.1023_a_1020906314144__sample_15991,Seebeck coefficient,1256.897,5.279152e-05,5.279152e-05,5.097165090047601e-06,4.918728e-05,5.639576e-05,2,1,10.1023_a_1020906314144__sample_15991__figure_13589__prop_Seebeck_coefficient__sid_8580__row_51001,V*K^(-1)
10.1023_b_inma.0000027591.50936.18__sample_9163,Seebeck coefficient,477.903,-0.00011871344999999999,-0.00011871344999999999,8.683978379752057e-07,-0.0001193275,-0.0001180994,2,1,10.1023_b_inma.0000027591.50936.18__sample_9163__figure_7533__prop_Seebeck_coefficient__sid_1202__row_29603,V*K^(-1)
10.1038_ncomms9144__sample_20276,ZT,950.625,1.182564,1.182564,0.0,1.182564,1.182564,2,1,10.1038_ncomms9144__sample_20276__figure_16957__prop_ZT__sid_14609__row_63000,-
10.1038_s41598-019-41818-6__sample_26076,Electrical conductivity,373.228,79264.07,79264.07,1224.4261023026247,78398.27,80129.87,2,1,10.1038_s41598-019-41818-6__sample_26076__figure_20986__prop_Electrical_conductivity__sid_21248__row_75868,ohm^(-1)*m^(-1)
10.1038_s41598-019-41818-6__sample_26076,Electrical conductivity,462.992,78506.495,78506.495,1071.3728395147987,77748.92,79264.07,2,1,10.1038_s41598-019-41818-6__sample_26076__figure_20986__prop_Electrical_conductivity__sid_21248__row_75868,ohm^(-1)*m^(-1)
10.1038_s41598-019-41818-6__sample_26076,Electrical conductivity,564.567,76233.76999999999,76233.76999999999,612.2130511513201,75800.87,76666.67,2,1,10.1038_s41598-019-41818-6__sample_26076__figure_20986__prop_Electrical_conductivity__sid_21248__row_75868,ohm^(-1)*m^(-1)
10.1038_s41598-019-41818-6__sample_26076,Electrical conductivity,666.142,73419.91,73419.91,612.2130511513097,72987.01,73852.81,2,1,10.1038_s41598-019-41818-6__sample_26076__figure_20986__prop_Electrical_conductivity__sid_21248__row_75868,ohm^(-1)*m^(-1)
10.1038_s41598-019-41818-6__sample_26076,Electrical conductivity,713.386,71796.535,71796.535,459.15978836348876,71471.86,72121.21,2,1,10.1038_s41598-019-41818-6__sample_26076__figure_20986__prop_Electrical_conductivity__sid_21248__row_75868,ohm^(-1)*m^(-1)
10.1038_s41598-019-41818-6__sample_26076,Electrical conductivity,762.992,70497.83499999999,70497.83499999999,459.1597883634836,70173.16,70822.51,2,1,10.1038_s41598-019-41818-6__sample_26076__figure_20986__prop_Electrical_conductivity__sid_21248__row_75868,ohm^(-1)*m^(-1)
10.1038_s41598-019-41818-6__sample_26076,Electrical conductivity,814.961,68766.235,68766.235,153.05326278783645,68658.01,68874.46,2,1,10.1038_s41598-019-41818-6__sample_26076__figure_20986__prop_Electrical_conductivity__sid_21248__row_75868,ohm^(-1)*m^(-1)
10.1038_s41598-019-41818-6__sample_26076,Seebeck coefficient,374.104,7.4502485e-05,7.4502485e-05,2.462563005092453e-06,7.276119e-05,7.624378e-05,2,1,10.1038_s41598-019-41818-6__sample_26076__figure_20985__prop_Seebeck_coefficient__sid_21248__row_75865,V*K^(-1)
10.1038_s41598-019-41818-6__sample_26076,Seebeck coefficient,419.522,7.972637e-05,7.972637e-05,2.1107703103843427e-06,7.823383e-05,8.121891e-05,2,1,10.1038_s41598-019-41818-6__sample_26076__figure_20985__prop_Seebeck_coefficient__sid_21248__row_75865,V*K^(-1)
10.1038_s41598-019-41818-6__sample_26076,Seebeck coefficient,464.94,8.6691545e-05,8.6691545e-05,4.221533549700869e-06,8.370647e-05,8.967662e-05,2,1,10.1038_s41598-019-41818-6__sample_26076__figure_20985__prop_Seebeck_coefficient__sid_21248__row_75865,V*K^(-1)
10.1038_s41598-019-41818-6__sample_26076,Seebeck coefficient,515.139,9.365672000000001e-05,9.365672000000001e-05,2.8143556998005775e-06,9.166667e-05,9.564677e-05,2,1,10.1038_s41598-019-41818-6__sample_26076__figure_20985__prop_Seebeck_coefficient__sid_21248__row_75865,V*K^(-1)
10.1038_s41598-019-41818-6__sample_26076,Seebeck coefficient,567.729,9.8631845e-05,9.8631845e-05,2.8143627708683993e-06,9.664179e-05,0.0001006219,2,1,10.1038_s41598-019-41818-6__sample_26076__figure_20985__prop_Seebeck_coefficient__sid_21248__row_75865,V*K^(-1)
10.1038_s41598-019-41818-6__sample_26077,Electrical conductivity,418.11,95497.84,95497.84,612.2130511513201,95064.94,95930.74,2,1,10.1038_s41598-019-41818-6__sample_26077__figure_20986__prop_Electrical_conductivity__sid_21248__row_75869,ohm^(-1)*m^(-1)
10.1038_s41598-019-41818-6__sample_26077,Electrical conductivity,470.079,96363.64,96363.64,612.2130511513046,95930.74,96796.54,2,1,10.1038_s41598-019-41818-6__sample_26077__figure_20986__prop_Electrical_conductivity__sid_21248__row_75869,ohm^(-1)*m^(-1)
10.1038_s41598-019-41818-6__sample_26077,Electrical conductivity,621.26,97554.11499999999,97554.11499999999,459.1597883634836,97229.44,97878.79,2,1,10.1038_s41598-019-41818-6__sample_26077__figure_20986__prop_Electrical_conductivity__sid_21248__row_75869,ohm^(-1)*m^(-1)
10.1038_s41598-019-41818-6__sample_26077,Electrical conductivity,663.78,97337.665,97337.665,765.266313939141,96796.54,97878.79,2,1,10.1038_s41598-019-41818-6__sample_26077__figure_20986__prop_Electrical_conductivity__sid_21248__row_75869,ohm^(-1)*m^(-1)
10.1038_srep09567__sample_22488,Electrical conductivity,300.0,465.78715,465.78715,4.122644666351904,462.872,468.7023,2,2,10.1038_srep09567__sample_22488__figure_18580__prop_Electrical_conductivity__sid_5171__row_109783;10.1038_srep09567__sample_22488__figure_18582__prop_Electrical_conductivity__sid_5171__row_67855,ohm^(-1)*m^(-1)
10.1039_c2ce25119a__sample_10598,Seebeck coefficient,843.8,-0.00021198309999999999,-0.00021198309999999999,7.100766296675356e-07,-0.0002124852,-0.000211481,2,1,10.1039_c2ce25119a__sample_10598__figure_8682__prop_Seebeck_coefficient__sid_733__row_34027,V*K^(-1)
10.1039_c2jm30363a__sample_8153,Electrical conductivity,468.746,21268.455,21268.455,284.74482971601117,21067.11,21469.8,2,1,10.1039_c2jm30363a__sample_8153__figure_6660__prop_Electrical_conductivity__sid_11412__row_26105,ohm^(-1)*m^(-1)
10.1039_c2jm31919e__sample_8701,Thermal conductivity,29.243,3.1433065,3.1433065,0.18213302916412505,3.014519,3.272094,2,1,10.1039_c2jm31919e__sample_8701__figure_7178__prop_Thermal_conductivity__sid_2744__row_28064,W*m^(-1)*K^(-1)
10.1039_c2jm31919e__sample_8702,Thermal conductivity,33.42,1.9955,1.9955,0.08035278618691456,1.938682,2.052318,2,1,10.1039_c2jm31919e__sample_8702__figure_7178__prop_Thermal_conductivity__sid_2744__row_28066,W*m^(-1)*K^(-1)
10.1039_c2jm31919e__sample_8702,Thermal conductivity,50.131,2.4838199999999997,2.4838199999999997,0.032140831632053404,2.461093,2.506547,2,1,10.1039_c2jm31919e__sample_8702__figure_7178__prop_Thermal_conductivity__sid_2744__row_28066,W*m^(-1)*K^(-1)
10.1039_c2jm31919e__sample_8703,Thermal conductivity,25.065,1.537325,1.537325,0.1499929046388528,1.431264,1.643386,2,1,10.1039_c2jm31919e__sample_8703__figure_7178__prop_Thermal_conductivity__sid_2744__row_28068,W*m^(-1)*K^(-1)
10.1039_c2jm31919e__sample_8703,Thermal conductivity,33.42,1.866712,1.866712,0.13392178171604502,1.772015,1.961409,2,1,10.1039_c2jm31919e__sample_8703__figure_7178__prop_Thermal_conductivity__sid_2744__row_28068,W*m^(-1)*K^(-1)
10.1039_c2jm31919e__sample_8705,Thermal conductivity,20.888,2.0525555,2.0525555,0.20356119306120218,1.908616,2.196495,2,1,10.1039_c2jm31919e__sample_8705__figure_7178__prop_Thermal_conductivity__sid_2744__row_28065,W*m^(-1)*K^(-1)
10.1039_c2jm31919e__sample_8705,Thermal conductivity,22.976,2.1282734999999997,2.1282734999999997,0.14999219753207196,2.022213,2.234334,2,1,10.1039_c2jm31919e__sample_8705__figure_7178__prop_Thermal_conductivity__sid_2744__row_28065,W*m^(-1)*K^(-1)
10.1039_c2jm31919e__sample_8705,Thermal conductivity,27.154,2.363043,2.3201136666666664,0.21908649439509822,2.08274,2.514558,3,1,10.1039_c2jm31919e__sample_8705__figure_7178__prop_Thermal_conductivity__sid_2744__row_28065,W*m^(-1)*K^(-1)
10.1039_c2jm31919e__sample_8706,Thermal conductivity,16.71,1.3935434999999998,1.3935434999999998,0.10713728395147988,1.317786,1.469301,2,1,10.1039_c2jm31919e__sample_8706__figure_7178__prop_Thermal_conductivity__sid_2744__row_28067,W*m^(-1)*K^(-1)
10.1039_c2jm31919e__sample_8706,Thermal conductivity,29.243,1.840276,1.840276,0.12878799999999999,1.711488,1.969064,3,1,10.1039_c2jm31919e__sample_8706__figure_7178__prop_Thermal_conductivity__sid_2744__row_28067,W*m^(-1)*K^(-1)
10.1039_c2jm31919e__sample_8707,Thermal conductivity,29.243,1.47664,1.47664,0.09642390910972232,1.408458,1.544822,2,1,10.1039_c2jm31919e__sample_8707__figure_7178__prop_Thermal_conductivity__sid_2744__row_28070,W*m^(-1)*K^(-1)
10.1039_c2jm31919e__sample_8707,Thermal conductivity,41.775,1.8551905,1.8551905,0.0749964523194264,1.80216,1.908221,2,1,10.1039_c2jm31919e__sample_8707__figure_7178__prop_Thermal_conductivity__sid_2744__row_28070,W*m^(-1)*K^(-1)
10.1039_c2jm31919e__sample_8707,Thermal conductivity,307.05,2.797136,2.797136,0.17141965432236742,2.675924,2.918348,2,1,10.1039_c2jm31919e__sample_8707__figure_7178__prop_Thermal_conductivity__sid_2744__row_28070,W*m^(-1)*K^(-1)
10.1039_c2nj40588a__sample_11068,Electrical conductivity,369.818,57.11599,57.11599,0.0,57.11599,57.11599,2,1,10.1039_c2nj40588a__sample_11068__figure_9136__prop_Electrical_conductivity__sid_4246__row_35642,ohm^(-1)*m^(-1)
10.1039_c2nj40588a__sample_11068,Electrical conductivity,470.182,131.8495,131.8495,0.0,131.8495,131.8495,2,1,10.1039_c2nj40588a__sample_11068__figure_9136__prop_Electrical_conductivity__sid_4246__row_35642,ohm^(-1)*m^(-1)
10.1039_c2nj40588a__sample_11071,Electrical conductivity,559.636,1947.335,1947.335,0.0,1947.335,1947.335,2,1,10.1039_c2nj40588a__sample_11071__figure_9136__prop_Electrical_conductivity__sid_4246__row_35645,ohm^(-1)*m^(-1)
10.1039_c3ta12764h__sample_1739,Seebeck coefficient,17.2,3.43e-05,3.43e-05,6.505382386916234e-06,2.97e-05,3.89e-05,2,1,10.1039_c3ta12764h__sample_1739__figure_1063__prop_Seebeck_coefficient__sid_2768__row_3812,V*K^(-1)
10.1039_c3tc30215f__sample_27543,Electrical conductivity,457.954,18394.735,18394.735,558.2395905433445,18000.0,18789.47,2,1,10.1039_c3tc30215f__sample_27543__figure_22121__prop_Electrical_conductivity__sid_11503__row_80041,ohm^(-1)*m^(-1)
10.1039_c3tc30215f__sample_27543,Seebeck coefficient,624.247,-0.0001168421,-0.0001168421,0.0,-0.0001168421,-0.0001168421,2,1,10.1039_c3tc30215f__sample_27543__figure_22127__prop_Seebeck_coefficient__sid_11503__row_80064,V*K^(-1)
10.1039_c3tc30215f__sample_27544,Electrical conductivity,493.082,5405.171,5405.171,159.0990257669732,5292.671,5517.671,2,1,10.1039_c3tc30215f__sample_27544__figure_22130__prop_Electrical_conductivity__sid_11503__row_80069,ohm^(-1)*m^(-1)
10.1039_c3tc30215f__sample_27544,Electrical conductivity,656.604,6248.004,6248.004,73.43021079909789,6196.081,6299.927,2,1,10.1039_c3tc30215f__sample_27544__figure_22130__prop_Electrical_conductivity__sid_11503__row_80069,ohm^(-1)*m^(-1)
10.1039_c3tc30215f__sample_27544,Seebeck coefficient,440.909,-0.0001821053,-0.0001821053,0.0,-0.0001821053,-0.0001821053,3,1,10.1039_c3tc30215f__sample_27544__figure_22127__prop_Seebeck_coefficient__sid_11503__row_80065,V*K^(-1)
10.1039_c3tc30215f__sample_27544,Seebeck coefficient,703.409,-0.00020526315000000001,-0.00020526315000000001,2.977273102185965e-06,-0.0002073684,-0.0002031579,2,1,10.1039_c3tc30215f__sample_27544__figure_22127__prop_Seebeck_coefficient__sid_11503__row_80065,V*K^(-1)
10.1039_c4ta05135a__sample_9439,Seebeck coefficient,416.93,-0.00013281785,-0.00013281785,4.130847105013689e-06,-0.0001357388,-0.0001298969,2,1,10.1039_c4ta05135a__sample_9439__figure_7752__prop_Seebeck_coefficient__sid_2802__row_30507,V*K^(-1)
10.1039_c5cp07620j__sample_3030,Thermal conductivity,755.542,1.168305,1.168305,0.0,1.168305,1.168305,2,1,10.1039_c5cp07620j__sample_3030__figure_2000__prop_Thermal_conductivity__sid_15495__row_7268,W*m^(-1)*K^(-1)
10.1039_c5nr00917k__sample_32826,Thermal conductivity,150.376,2.103359,2.103359,0.0,2.103359,2.103359,2,1,10.1039_c5nr00917k__sample_32826__figure_26170__prop_Thermal_conductivity__sid_4164__row_94393,W*m^(-1)*K^(-1)
10.1039_c5ta01266j__sample_14454,Electrical conductivity,414.804,16300.145,16300.145,1503.4857934978966,15237.02,17363.27,2,1,10.1039_c5ta01266j__sample_14454__figure_12251__prop_Electrical_conductivity__sid_2815__row_46912,ohm^(-1)*m^(-1)
10.1039_c5tc02837j__sample_1835,Thermal conductivity,302.0,2.42,2.42,0.07071067811865497,2.37,2.47,2,1,10.1039_c5tc02837j__sample_1835__figure_1132__prop_Thermal_conductivity__sid_2856__row_3959,W*m^(-1)*K^(-1)
10.1039_c5tc02837j__sample_1835,Thermal conductivity,360.0,2.395,2.395,0.049497474683058526,2.36,2.43,2,1,10.1039_c5tc02837j__sample_1835__figure_1132__prop_Thermal_conductivity__sid_2856__row_3959,W*m^(-1)*K^(-1)
10.1039_c5tc02837j__sample_1835,Thermal conductivity,598.0,2.21,2.21,0.04242640687119305,2.18,2.24,2,1,10.1039_c5tc02837j__sample_1835__figure_1132__prop_Thermal_conductivity__sid_2856__row_3959,W*m^(-1)*K^(-1)
10.1039_c5tc02837j__sample_1835,Thermal conductivity,924.0,2.5999999999999996,2.5999999999999996,0.09899494936611658,2.53,2.67,2,1,10.1039_c5tc02837j__sample_1835__figure_1132__prop_Thermal_conductivity__sid_2856__row_3959,W*m^(-1)*K^(-1)
10.1039_c5tc03692e__sample_45930,Seebeck coefficient,663.934,-0.00015398229999999998,-0.00015398229999999998,5.3636877780124305e-06,-0.000157775,-0.0001501896,2,1,10.1039_c5tc03692e__sample_45930__figure_35829__prop_Seebeck_coefficient__sid_11532__row_135690,V*K^(-1)
10.1039_c5tc03692e__sample_45931,ZT,568.176,0.58295155,0.58295155,0.052543195721663195,0.5457979,0.6201052,2,1,10.1039_c5tc03692e__sample_45931__figure_35832__prop_ZT__sid_11532__row_135706,-
10.1039_c5tc03692e__sample_45932,Electrical conductivity,665.824,31309.045,31309.045,305.3640634554108,31093.12,31524.97,2,1,10.1039_c5tc03692e__sample_45932__figure_35830__prop_Electrical_conductivity__sid_11532__row_135697,ohm^(-1)*m^(-1)
10.1039_c5tc03692e__sample_45932,ZT,568.176,0.51179285,0.51179285,0.04452814035691361,0.4803067,0.543279,2,1,10.1039_c5tc03692e__sample_45932__figure_35832__prop_ZT__sid_11532__row_135707,-
10.1039_c5tc03692e__sample_45933,Electrical conductivity,478.7,44696.36,44696.36,610.728126910819,44264.51,45128.21,2,1,10.1039_c5tc03692e__sample_45933__figure_35830__prop_Electrical_conductivity__sid_11532__row_135698,ohm^(-1)*m^(-1)
10.1039_c5tc03692e__sample_45933,Electrical conductivity,580.385,40809.72,40809.72,610.728126910819,40377.87,41241.57,2,1,10.1039_c5tc03692e__sample_45933__figure_35830__prop_Electrical_conductivity__sid_11532__row_135698,ohm^(-1)*m^(-1)
10.1039_c5tc03692e__sample_45933,ZT,580.691,0.44375125,0.44375125,0.010686716916106646,0.4361946,0.4513079,2,1,10.1039_c5tc03692e__sample_45933__figure_35832__prop_ZT__sid_11532__row_135708,-
10.1039_c6cp06859f__sample_82485,Electrical resistivity,409.2,2.2215000000000003e-05,2.2215000000000003e-05,1.1242997820866117e-06,2.142e-05,2.301e-05,2,1,10.1039_c6cp06859f__sample_82485__figure_54827__prop_Electrical_resistivity__sid_49151__row_192740,ohm*m
10.1039_c6cp06859f__sample_82486,Seebeck coefficient,811.2,-0.0001738915,-0.0001738915,4.2779960261785055e-07,-0.000174194,-0.000173589,2,1,10.1039_c6cp06859f__sample_82486__figure_54822__prop_Seebeck_coefficient__sid_49151__row_192721,V*K^(-1)
10.1039_c6cp06859f__sample_82486,ZT,853.3,0.32735,0.32735,0.026375082938258222,0.3087,0.346,2,1,10.1039_c6cp06859f__sample_82486__figure_54834__prop_ZT__sid_49151__row_192779,-
10.1039_c6cp06859f__sample_82488,Electrical resistivity,395.5,7.4799999999999995e-06,7.4799999999999995e-06,1.3166328265693507e-06,6.549e-06,8.411e-06,2,1,10.1039_c6cp06859f__sample_82488__figure_54827__prop_Electrical_resistivity__sid_49151__row_192744,ohm*m
10.1039_c6cp06859f__sample_82489,Electrical conductivity,540.4,170150.0,170150.0,4030.5086527633207,167300.0,173000.0,2,1,10.1039_c6cp06859f__sample_82489__figure_54825__prop_Electrical_conductivity__sid_49151__row_192734,ohm^(-1)*m^(-1)
10.1039_c6cp06859f__sample_82489,Seebeck coefficient,867.9,-0.0001414525,-0.0001414525,1.9254517651709646e-06,-0.000142814,-0.000140091,2,1,10.1039_c6cp06859f__sample_82489__figure_54822__prop_Seebeck_coefficient__sid_49151__row_192727,V*K^(-1)
10.1039_c6cp06859f__sample_82490,Electrical resistivity,396.4,2.3115e-06,2.3115e-06,3.627457787486989e-07,2.055e-06,2.568e-06,2,1,10.1039_c6cp06859f__sample_82490__figure_54827__prop_Electrical_resistivity__sid_49151__row_192747,ohm*m
10.1039_c8ta08920e__sample_45852,ZT,700.0,0.522529,0.522529,0.0012648726101865601,0.5216346,0.5234234,2,2,10.1039_c8ta08920e__sample_45852__figure_35729__prop_ZT__sid_38715__row_135252;10.1039_c8ta08920e__sample_45852__figure_35736__prop_ZT__sid_38715__row_135297,-
10.1039_d0ra10454j__sample_86131,Electrical conductivity,525.871,1719.926,1719.926,0.0,1719.926,1719.926,2,1,10.1039_d0ra10454j__sample_86131__figure_57087__prop_Electrical_conductivity__sid_36444__row_200786,ohm^(-1)*m^(-1)
10.1039_d0ra10454j__sample_86134,Seebeck coefficient,473.714,-0.0004049376,-0.0004049376,0.0,-0.0004049376,-0.0004049376,2,1,10.1039_d0ra10454j__sample_86134__figure_57083__prop_Seebeck_coefficient__sid_36444__row_200770,V*K^(-1)
10.1039_d0tc01085e__sample_39274,Electrical conductivity,423.056,132596.25,132596.25,4026.053880041854,129749.4,135443.1,2,1,10.1039_d0tc01085e__sample_39274__figure_30484__prop_Electrical_conductivity__sid_29520__row_112693,ohm^(-1)*m^(-1)
10.1039_d0tc01085e__sample_39274,Electrical conductivity,472.942,116938.65,116938.65,3561.4847248022766,114420.3,119457.0,2,1,10.1039_d0tc01085e__sample_39274__figure_30484__prop_Electrical_conductivity__sid_29520__row_112693,ohm^(-1)*m^(-1)
10.1039_d0tc01085e__sample_39274,Electrical conductivity,572.184,90769.625,90769.625,2167.869182965144,89236.71,92302.54,2,1,10.1039_d0tc01085e__sample_39274__figure_30484__prop_Electrical_conductivity__sid_29520__row_112693,ohm^(-1)*m^(-1)
10.1039_d0tc01085e__sample_39274,Electrical conductivity,722.373,63677.715,63677.715,2079.3818403674622,62207.37,65148.06,2,1,10.1039_d0tc01085e__sample_39274__figure_30484__prop_Electrical_conductivity__sid_29520__row_112693,ohm^(-1)*m^(-1)
10.1039_d0tc01085e__sample_39274,Electrical conductivity,772.79,57155.015,57155.015,1393.6296839727543,56169.57,58140.46,2,1,10.1039_d0tc01085e__sample_39274__figure_30484__prop_Electrical_conductivity__sid_29520__row_112693,ohm^(-1)*m^(-1)
10.1039_d0tc01085e__sample_39274,Thermal conductivity,573.028,1.4203744999999999,1.4203744999999999,0.013690294390552799,1.410694,1.430055,2,1,10.1039_d0tc01085e__sample_39274__figure_30487__prop_Thermal_conductivity__sid_29520__row_112702,W*m^(-1)*K^(-1)
10.1039_d0tc01085e__sample_39274,Thermal conductivity,673.037,1.339475,1.339475,0.01466822306893381,1.329103,1.349847,2,1,10.1039_d0tc01085e__sample_39274__figure_30487__prop_Thermal_conductivity__sid_29520__row_112702,W*m^(-1)*K^(-1)
10.1039_d0tc01085e__sample_39274,Thermal conductivity,773.046,1.2634154999999998,1.2634154999999998,0.016623373318914468,1.251661,1.27517,2,1,10.1039_d0tc01085e__sample_39274__figure_30487__prop_Thermal_conductivity__sid_29520__row_112702,W*m^(-1)*K^(-1)
10.1039_d0tc01085e__sample_39275,Electrical conductivity,321.692,155895.0,155895.0,6757.96092915608,151116.4,160673.6,2,1,10.1039_d0tc01085e__sample_39275__figure_30484__prop_Electrical_conductivity__sid_29520__row_112694,ohm^(-1)*m^(-1)
10.1039_d0tc01085e__sample_39275,Thermal conductivity,420.96,1.3539955,1.3539955,0.04106946895809567,1.324955,1.383036,2,1,10.1039_d0tc01085e__sample_39275__figure_30487__prop_Thermal_conductivity__sid_29520__row_112703,W*m^(-1)*K^(-1)
10.1039_d0tc01085e__sample_39276,Electrical conductivity,321.201,141919.8,141919.8,5498.745173219074,138031.6,145808.0,2,1,10.1039_d0tc01085e__sample_39276__figure_30484__prop_Electrical_conductivity__sid_29520__row_112695,ohm^(-1)*m^(-1)
10.1039_d0tc01085e__sample_39276,Electrical conductivity,370.082,88456.86499999999,88456.86499999999,4124.080093117743,85540.7,91373.03,2,1,10.1039_d0tc01085e__sample_39276__figure_30484__prop_Electrical_conductivity__sid_29520__row_112695,ohm^(-1)*m^(-1)
10.1039_d0tc01085e__sample_39276,Electrical conductivity,418.964,95504.26999999999,95504.26999999999,31274.243987437978,73390.04,117618.5,2,1,10.1039_d0tc01085e__sample_39276__figure_30484__prop_Electrical_conductivity__sid_29520__row_112695,ohm^(-1)*m^(-1)
10.1039_d0tc01085e__sample_39276,Electrical conductivity,771.142,41798.3,41798.3,4124.073022049923,38882.14,44714.46,2,1,10.1039_d0tc01085e__sample_39276__figure_30484__prop_Electrical_conductivity__sid_29520__row_112695,ohm^(-1)*m^(-1)
10.1039_d0tc01085e__sample_39276,Thermal conductivity,471.351,1.2964289999999998,1.2964289999999998,0.003703825319855111,1.29381,1.299048,2,1,10.1039_d0tc01085e__sample_39276__figure_30487__prop_Thermal_conductivity__sid_29520__row_112704,W*m^(-1)*K^(-1)
10.1039_d0tc01085e__sample_39276,Thermal conductivity,520.649,1.257143,1.257143,0.0,1.257143,1.257143,2,1,10.1039_d0tc01085e__sample_39276__figure_30487__prop_Thermal_conductivity__sid_29520__row_112704,W*m^(-1)*K^(-1)
10.1039_d0tc01085e__sample_39279,Electrical conductivity,369.325,114710.4,114710.4,3812.578342801624,112014.5,117406.3,2,1,10.1039_d0tc01085e__sample_39279__figure_30489__prop_Electrical_conductivity__sid_29520__row_112711,ohm^(-1)*m^(-1)
10.1051_epjconf_20111501003__sample_33503,Electrical conductivity,1409.145,12471.445,12471.445,186.34385004609004,12339.68,12603.21,2,1,10.1051_epjconf_20111501003__sample_33503__figure_26715__prop_Electrical_conductivity__sid_8103__row_96128,ohm^(-1)*m^(-1)
10.1051_epjconf_20111501003__sample_33506,Seebeck coefficient,1462.402,0.0001518224,0.0001518224,1.3109759723198683e-06,0.0001508954,0.0001527494,2,1,10.1051_epjconf_20111501003__sample_33506__figure_26721__prop_Seebeck_coefficient__sid_8103__row_96166,V*K^(-1)
10.1063_1.1529077__sample_3778,ZT,326.016,0.004589286,0.004589286,0.0003282997790099774,0.004357143,0.004821429,2,1,10.1063_1.1529077__sample_3778__figure_2602__prop_ZT__sid_1885__row_29222,-
10.1063_1.1529077__sample_3781,Seebeck coefficient,362.646,1.1286865e-05,1.1286865e-05,5.687189130405285e-07,1.088472e-05,1.168901e-05,2,1,10.1063_1.1529077__sample_3781__figure_2599__prop_Seebeck_coefficient__sid_1885__row_20275,V*K^(-1)
10.1063_1.1611636__sample_33021,Electrical conductivity,568.0,12046.75,12046.75,183.66391534539497,11916.88,12176.62,2,1,10.1063_1.1611636__sample_33021__figure_26349__prop_Electrical_conductivity__sid_1891__row_94871,ohm^(-1)*m^(-1)
10.1063_1.2234277__sample_18428,Electrical conductivity,99.431,46192.37,46192.37,0.0,46192.37,46192.37,2,1,10.1063_1.2234277__sample_18428__figure_15525__prop_Electrical_conductivity__sid_6709__row_57221,ohm^(-1)*m^(-1)
10.1063_1.2746408__sample_5882,Seebeck coefficient,323.855,0.0001310285,0.0001310285,2.987526150513169e-06,0.000128916,0.000133141,2,1,10.1063_1.2746408__sample_5882__figure_4616__prop_Seebeck_coefficient__sid_292__row_170988,V*K^(-1)
10.1063_1.3428435__sample_3975,Seebeck coefficient,2.374,-1.0263445e-06,-1.0263445e-06,3.548205966558382e-06,-3.535305e-06,1.482616e-06,2,1,10.1063_1.3428435__sample_3975__figure_2726__prop_Seebeck_coefficient__sid_2012__row_10447,V*K^(-1)
10.1063_1.3428435__sample_3975,Thermal conductivity,2.01,0.085369365,0.085369365,0.07585818214045503,0.03172953,0.1390092,2,1,10.1063_1.3428435__sample_3975__figure_2728__prop_Thermal_conductivity__sid_2012__row_10449,W*m^(-1)*K^(-1)
10.1063_1.3428435__sample_3975,Thermal conductivity,4.02,0.33832,0.32810286666666666,0.0923787338956501,0.2310403,0.4149483,3,1,10.1063_1.3428435__sample_3975__figure_2728__prop_Thermal_conductivity__sid_2012__row_10449,W*m^(-1)*K^(-1)
10.1063_1.3428435__sample_3975,Thermal conductivity,7.035,0.74456575,0.74456575,0.07585820335365849,0.6909259,0.7982056,2,1,10.1063_1.3428435__sample_3975__figure_2728__prop_Thermal_conductivity__sid_2012__row_10449,W*m^(-1)*K^(-1)
10.1063_1.3428435__sample_3975,Thermal conductivity,8.04,0.96682625,0.96682625,0.06502094340383717,0.9208495,1.012803,2,1,10.1063_1.3428435__sample_3975__figure_2728__prop_Thermal_conductivity__sid_2012__row_10449,W*m^(-1)*K^(-1)
10.1063_1.3428435__sample_3975,Thermal conductivity,10.05,1.28108,1.28108,0.07585841548569269,1.22744,1.33472,2,1,10.1063_1.3428435__sample_3975__figure_2728__prop_Thermal_conductivity__sid_2012__row_10449,W*m^(-1)*K^(-1)
10.1063_1.3428435__sample_3975,Thermal conductivity,12.06,1.511042,1.511042,0.07585841548569269,1.457402,1.564682,2,1,10.1063_1.3428435__sample_3975__figure_2728__prop_Thermal_conductivity__sid_2012__row_10449,W*m^(-1)*K^(-1)
10.1063_1.3428435__sample_3975,Thermal conductivity,15.075,1.9096250000000001,1.9096250000000001,0.07585841548569293,1.855985,1.963265,2,1,10.1063_1.3428435__sample_3975__figure_2728__prop_Thermal_conductivity__sid_2012__row_10449,W*m^(-1)*K^(-1)
10.1063_1.3428435__sample_3975,Thermal conductivity,17.085,2.1242609999999997,2.1242609999999997,0.05418417842876255,2.085947,2.162575,2,1,10.1063_1.3428435__sample_3975__figure_2728__prop_Thermal_conductivity__sid_2012__row_10449,W*m^(-1)*K^(-1)
10.1063_1.3428435__sample_3975,Thermal conductivity,20.1,2.53817,2.53817,0.11920547538599041,2.453879,2.622461,2,1,10.1063_1.3428435__sample_3975__figure_2728__prop_Thermal_conductivity__sid_2012__row_10449,W*m^(-1)*K^(-1)
10.1063_1.3428435__sample_3975,Thermal conductivity,23.116,2.82181,2.82181,0.13004259391445588,2.729856,2.913764,2,1,10.1063_1.3428435__sample_3975__figure_2728__prop_Thermal_conductivity__sid_2012__row_10449,W*m^(-1)*K^(-1)
10.1063_1.3428435__sample_3975,Thermal conductivity,30.151,3.2971755,3.2971755,0.04334776700707884,3.266524,3.327827,2,1,10.1063_1.3428435__sample_3975__figure_2728__prop_Thermal_conductivity__sid_2012__row_10449,W*m^(-1)*K^(-1)
10.1063_1.3475650__sample_22388,Electrical conductivity,467.537,14134.99,14134.99,2783.0591536652614,12167.07,16102.91,2,1,10.1063_1.3475650__sample_22388__figure_18501__prop_Electrical_conductivity__sid_10227__row_67621,ohm^(-1)*m^(-1)
10.1063_1.3475650__sample_22388,Seebeck coefficient,302.451,-5.4060265e-05,-5.4060265e-05,1.9392332763362962e-06,-5.543151e-05,-5.268902e-05,2,1,10.1063_1.3475650__sample_22388__figure_18500__prop_Seebeck_coefficient__sid_10227__row_67618,V*K^(-1)
10.1063_1.3475650__sample_22388,Seebeck coefficient,566.067,-8.3673415e-05,-8.3673415e-05,5.672544948966909e-06,-8.768451e-05,-7.966232e-05,2,1,10.1063_1.3475650__sample_22388__figure_18500__prop_Seebeck_coefficient__sid_10227__row_67618,V*K^(-1)
10.1063_1.3475650__sample_22389,Electrical conductivity,372.073,21503.254999999997,21503.254999999997,2718.337669983256,19581.1,23425.41,2,1,10.1063_1.3475650__sample_22389__figure_18501__prop_Electrical_conductivity__sid_10227__row_67622,ohm^(-1)*m^(-1)
10.1063_1.3475650__sample_22390,Seebeck coefficient,566.067,-8.3016985e-05,-8.3016985e-05,2.895750761382958e-06,-8.506459e-05,-8.096938e-05,2,1,10.1063_1.3475650__sample_22390__figure_18500__prop_Seebeck_coefficient__sid_10227__row_67620,V*K^(-1)
10.1063_1.3651484__sample_16625,Thermal conductivity,4.972,7.3624155,7.3624155,0.43380788893760375,7.055667,7.669164,2,1,10.1063_1.3651484__sample_16625__figure_14147__prop_Thermal_conductivity__sid_6814__row_52653,W*m^(-1)*K^(-1)
10.1063_1.4704183__sample_24409,Seebeck coefficient,739.872,-0.0003030017,-0.0003030017,0.0,-0.0003030017,-0.0003030017,2,1,10.1063_1.4704183__sample_24409__figure_19795__prop_Seebeck_coefficient__sid_6825__row_71872,V*K^(-1)
10.1063_1.4704183__sample_24409,Seebeck coefficient,806.943,-0.0003082151,-0.0003082151,0.0,-0.0003082151,-0.0003082151,2,1,10.1063_1.4704183__sample_24409__figure_19795__prop_Seebeck_coefficient__sid_6825__row_71872,V*K^(-1)
10.1063_1.4769787__sample_28451,Electrical conductivity,29.259,39616.53,39616.53,0.0,39616.53,39616.53,2,1,10.1063_1.4769787__sample_28451__figure_22857__prop_Electrical_conductivity__sid_2083__row_82655,ohm^(-1)*m^(-1)
10.1063_1.4794816__sample_16872,Electrical conductivity,520.081,34017.5,34017.5,1760.978727866974,32772.3,35262.7,2,1,10.1063_1.4794816__sample_16872__figure_14382__prop_Electrical_conductivity__sid_2093__row_53463,ohm^(-1)*m^(-1)
10.1063_1.4827595__sample_21496,Electrical conductivity,373.652,56726.025,56726.025,949.2696405395053,56054.79,57397.26,2,1,10.1063_1.4827595__sample_21496__figure_18287__prop_Electrical_conductivity__sid_6480__row_66848,ohm^(-1)*m^(-1)
10.1063_1.4827595__sample_21496,Electrical conductivity,380.205,49054.795,49054.795,949.2696405395053,48383.56,49726.03,2,1,10.1063_1.4827595__sample_21496__figure_18287__prop_Electrical_conductivity__sid_6480__row_66848,ohm^(-1)*m^(-1)
10.1063_1.4827595__sample_21496,Electrical conductivity,385.12,42726.03,42726.03,406.8268154878658,42438.36,43013.7,2,1,10.1063_1.4827595__sample_21496__figure_18287__prop_Electrical_conductivity__sid_6480__row_66848,ohm^(-1)*m^(-1)
10.1063_1.4827595__sample_21496,Electrical conductivity,405.597,39753.425,39753.425,1356.0964560273737,38794.52,40712.33,2,1,10.1063_1.4827595__sample_21496__figure_18287__prop_Electrical_conductivity__sid_6480__row_66848,ohm^(-1)*m^(-1)
10.1063_1.4827595__sample_21496,Seebeck coefficient,407.251,0.0001431193,0.00014327216666666667,4.3598104320409785e-06,0.0001389908,0.0001477064,3,1,10.1063_1.4827595__sample_21496__figure_17870__prop_Thermopower__sid_6480__row_65445,kg*m**2/A/s**3
10.1063_1.4827595__sample_21496,Seebeck coefficient,408.263,0.000125,0.000125,2.9192196354505518e-06,0.0001229358,0.0001270642,2,1,10.1063_1.4827595__sample_21496__figure_17870__prop_Thermopower__sid_6480__row_65445,kg*m**2/A/s**3
10.1063_1.4827595__sample_21496,Seebeck coefficient,409.072,0.0001119266,0.0001119266,1.2973995221210857e-06,0.0001110092,0.000112844,2,1,10.1063_1.4827595__sample_21496__figure_17870__prop_Thermopower__sid_6480__row_65445,kg*m**2/A/s**3
10.1063_1.4862640__sample_40632,Electrical conductivity,13.662,0.23381169999999998,0.23381169999999998,0.15531119616151307,0.1239901,0.3436333,2,1,10.1063_1.4862640__sample_40632__figure_31605__prop_Electrical_conductivity__sid_2134__row_125081,ohm^(-1)*m^(-1)
10.1063_1.4862640__sample_40633,Electrical conductivity,21.483,0.27874445000000003,0.27874445000000003,0.11824967914986068,0.1951293,0.3623596,2,1,10.1063_1.4862640__sample_40633__figure_31605__prop_Electrical_conductivity__sid_2134__row_117465,ohm^(-1)*m^(-1)
10.1063_1.4862955__sample_23109,Seebeck coefficient,305.3,-0.00025166005,-0.00025166005,3.708216452966303e-05,-0.0002778811,-0.000225439,2,1,10.1063_1.4862955__sample_23109__figure_18946__prop_Seebeck_coefficient__sid_10330__row_69109,V*K^(-1)
10.1063_1.4862955__sample_23110,Seebeck coefficient,303.887,-0.0002413809,-0.0002413809,2.1085924214982844e-05,-0.0002562909,-0.0002264709,2,1,10.1063_1.4862955__sample_23110__figure_18946__prop_Seebeck_coefficient__sid_10330__row_69110,V*K^(-1)
10.1063_1.4896520__sample_11490,Electrical conductivity,928.836,24358.12,24358.12,0.0,24358.12,24358.12,2,1,10.1063_1.4896520__sample_11490__figure_9496__prop_Electrical_conductivity__sid_6909__row_36947,ohm^(-1)*m^(-1)
10.1063_1.4896520__sample_11490,Electrical conductivity,947.66,23436.92,23436.92,0.0,23436.92,23436.92,2,1,10.1063_1.4896520__sample_11490__figure_9496__prop_Electrical_conductivity__sid_6909__row_36947,ohm^(-1)*m^(-1)
10.1063_1.5109091__sample_83252,Electrical conductivity,471.2,88415.0,88415.0,770.7463914933368,87870.0,88960.0,2,1,10.1063_1.5109091__sample_83252__figure_55444__prop_Electrical_conductivity__sid_24480__row_194909,ohm^(-1)*m^(-1)
10.1080_14686996.2021.1920821__sample_86133,Seebeck coefficient,574.017,9.94079e-05,9.94079e-05,2.1708178182427652e-07,9.92544e-05,9.95614e-05,2,1,10.1080_14686996.2021.1920821__sample_86133__figure_57085__prop_Seebeck_coefficient__sid_50286__row_201020,V*K^(-1)
10.1080_14686996.2021.1920821__sample_86136,Electrical conductivity,673.693,49539.6,49539.6,0.0,49539.6,49539.6,2,1,10.1080_14686996.2021.1920821__sample_86136__figure_57082__prop_Electrical_conductivity__sid_50286__row_201018,ohm^(-1)*m^(-1)
10.1088_0022-3727_45_44_445306__sample_1081,Seebeck coefficient,303.822,0.0002113537,0.0002113537,7.410761909547509e-06,0.0002061135,0.0002165939,2,1,10.1088_0022-3727_45_44_445306__sample_1081__figure_587__prop_Seebeck_coefficient__sid_3297__row_2310,V*K^(-1)
10.1088_0953-8984_25_7_075804__sample_9466,Thermal conductivity,11.465,0.1708519,0.1708519,0.005704371825188114,0.1668183,0.1748855,2,1,10.1088_0953-8984_25_7_075804__sample_9466__figure_7776__prop_Thermal_conductivity__sid_3221__row_30582,W*m^(-1)*K^(-1)
10.1088_1367-2630_18_1_013024__sample_30035,Seebeck coefficient,407.5,0.00017683949999999999,0.00017683949999999999,3.061065255756549e-06,0.000174675,0.000179004,2,1,10.1088_1367-2630_18_1_013024__sample_30035__figure_24147__prop_Seebeck_coefficient__sid_14661__row_97535,V*K^(-1)
10.1088_1367-2630_18_1_013024__sample_30036,Seebeck coefficient,401.25,0.0001655845,0.0001655845,1.8363563107414656e-06,0.000164286,0.000166883,2,1,10.1088_1367-2630_18_1_013024__sample_30036__figure_24147__prop_Seebeck_coefficient__sid_14661__row_97537,V*K^(-1)
10.1088_1367-2630_18_1_013024__sample_30037,Electrical conductivity,410.86,55657.895000000004,55657.895000000004,1674.7329137656575,54473.68,56842.11,2,1,10.1088_1367-2630_18_1_013024__sample_30037__figure_24194__prop_Electrical_conductivity__sid_14661__row_87189,ohm^(-1)*m^(-1)
10.1088_1367-2630_18_1_013024__sample_30037,Seebeck coefficient,406.25,0.00010844150000000001,0.00010844150000000001,4.285774200771666e-06,0.000105411,0.000111472,2,1,10.1088_1367-2630_18_1_013024__sample_30037__figure_24147__prop_Seebeck_coefficient__sid_14661__row_97536,V*K^(-1)
10.1088_1367-2630_18_1_013024__sample_30037,Seebeck coefficient,411.875,0.000107143,0.000107143,1.2247089450151024e-06,0.000106277,0.000108009,2,1,10.1088_1367-2630_18_1_013024__sample_30037__figure_24147__prop_Seebeck_coefficient__sid_14661__row_97536,V*K^(-1)
10.1088_1367-2630_18_1_013024__sample_30038,Electrical conductivity,398.824,84473.685,84473.685,4465.93793755019,81315.79,87631.58,2,1,10.1088_1367-2630_18_1_013024__sample_30038__figure_24194__prop_Electrical_conductivity__sid_14661__row_87190,ohm^(-1)*m^(-1)
10.1088_1367-2630_18_1_013024__sample_30038,Electrical conductivity,400.09,101842.07999999999,101842.07999999999,6698.875086520128,97105.26,106578.9,2,1,10.1088_1367-2630_18_1_013024__sample_30038__figure_24194__prop_Electrical_conductivity__sid_14661__row_87190,ohm^(-1)*m^(-1)
10.1109_ict.2003.1287480__sample_16316,Electrical conductivity,754.4,7822.3485,7822.3485,8388.028028874516,1891.117,13753.58,2,2,10.1109_ict.2003.1287480__sample_16316__figure_13816__prop_Electrical_conductivity__sid_8846__row_51716;10.1109_ict.2003.1287480__sample_16316__figure_13817__prop_Electrical_conductivity__sid_8846__row_51719,ohm^(-1)*m^(-1)
10.1111_j.1551-2916.2006.01370.x__sample_20074,Seebeck coefficient,524.505,0.00014609589999999998,0.00014609589999999998,3.713159129366785e-06,0.0001434703,0.0001487215,2,1,10.1111_j.1551-2916.2006.01370.x__sample_20074__figure_16804__prop_Seebeck_coefficient__sid_3450__row_61359,V*K^(-1)
10.1111_j.1551-2916.2006.01370.x__sample_20074,Seebeck coefficient,624.609,0.0001538965,0.0001538965,3.1211693321574223e-06,0.0001516895,0.0001561035,2,1,10.1111_j.1551-2916.2006.01370.x__sample_20074__figure_16804__prop_Seebeck_coefficient__sid_3450__row_61359,V*K^(-1)
10.1126_science.1156446__sample_9107,Seebeck coefficient,300.223,0.00018720085000000002,0.00018720085000000002,1.2418916397979588e-06,0.0001863227,0.000188079,2,1,10.1126_science.1156446__sample_9107__figure_7487__prop_Seebeck_coefficient__sid_16960__row_29383,V*K^(-1)
10.1126_science.1156446__sample_9107,Seebeck coefficient,399.248,0.00021579584999999998,0.00021579584999999998,8.53831438282774e-07,0.0002151921,0.0002163996,2,1,10.1126_science.1156446__sample_9107__figure_7487__prop_Seebeck_coefficient__sid_16960__row_29383,V*K^(-1)
10.1126_science.1156446__sample_9107,Seebeck coefficient,424.126,0.0002182656,0.00021808266666666664,1.1634368110616468e-06,0.0002168386,0.0002191438,3,1,10.1126_science.1156446__sample_9107__figure_7487__prop_Seebeck_coefficient__sid_16960__row_29383,V*K^(-1)
10.1126_science.1156446__sample_9108,Seebeck coefficient,367.784,0.00023012074999999998,0.00023012074999999998,1.5523115167388342e-06,0.0002290231,0.0002312184,2,1,10.1126_science.1156446__sample_9108__figure_7487__prop_Seebeck_coefficient__sid_16960__row_29384,V*K^(-1)
10.1126_science.1156446__sample_9108,Seebeck coefficient,391.93,0.00022929745,0.00022929745,8.538314382827548e-07,0.0002286937,0.0002299012,2,1,10.1126_science.1156446__sample_9108__figure_7487__prop_Seebeck_coefficient__sid_16960__row_29384,V*K^(-1)
10.1134_s0020168506020014__sample_6824,ZT,339.466,0.002752747,0.002752747,6.216317134767184e-05,0.002708791,0.002796703,2,1,10.1134_s0020168506020014__sample_6824__figure_5447__prop_Figure_of_merit_Z__sid_8593__row_30828,K^(-1)
10.1134_s0020168506020014__sample_6825,ZT,296.107,0.002992674,0.002992674,4.4032953478048795e-05,0.002961538,0.00302381,2,1,10.1134_s0020168506020014__sample_6825__figure_5447__prop_Figure_of_merit_Z__sid_8593__row_30829,K^(-1)
10.1134_s0020168506020014__sample_6825,ZT,400.229,0.0030366300000000002,0.0030366300000000002,6.475401059393935e-05,0.002990842,0.003082418,2,1,10.1134_s0020168506020014__sample_6825__figure_5447__prop_Figure_of_merit_Z__sid_8593__row_30829,K^(-1)
10.1134_s0020168513010123__sample_14652,Seebeck coefficient,288.474,4.2792025e-06,4.2792025e-06,1.5735035069709834e-07,4.167939e-06,4.390466e-06,2,1,10.1134_s0020168513010123__sample_14652__figure_12453__prop_Seebeck_coefficient__sid_8617__row_47492,V*K^(-1)
10.1134_s1063782614120161__sample_17155,Electrical conductivity,390.308,71666.66500000001,71666.66500000001,23255.957144698426,55222.22,88111.11,2,1,10.1134_s1063782614120161__sample_17155__figure_14668__prop_Electrical_conductivity__sid_5236__row_54437,ohm^(-1)*m^(-1)
10.1134_s1063782614120161__sample_17155,Electrical conductivity,511.454,64111.11,64111.11,25141.57758488516,46333.33,81888.89,2,1,10.1134_s1063782614120161__sample_17155__figure_14668__prop_Electrical_conductivity__sid_5236__row_54437,ohm^(-1)*m^(-1)
10.1134_s1063782614120161__sample_17155,Electrical conductivity,542.291,65222.225,65222.225,26084.38426944462,46777.78,83666.67,2,1,10.1134_s1063782614120161__sample_17155__figure_14668__prop_Electrical_conductivity__sid_5236__row_54437,ohm^(-1)*m^(-1)
10.1134_s1063782614120161__sample_17155,Electrical conductivity,553.304,65444.445,65444.445,26398.65080727517,46777.78,84111.11,2,1,10.1134_s1063782614120161__sample_17155__figure_14668__prop_Electrical_conductivity__sid_5236__row_54437,ohm^(-1)*m^(-1)
10.1134_s1063782614120161__sample_17155,Electrical conductivity,561.013,66333.33499999999,66333.33499999999,25770.117731614075,48111.11,84555.56,2,1,10.1134_s1063782614120161__sample_17155__figure_14668__prop_Electrical_conductivity__sid_5236__row_54437,ohm^(-1)*m^(-1)
10.1134_s2075113312010133__sample_9188,Seebeck coefficient,300.696,4.6452005e-05,4.6452005e-05,1.4118588967917405e-06,4.545367e-05,4.745034e-05,2,1,10.1134_s2075113312010133__sample_9188__figure_7559__prop_Seebeck_coefficient__sid_1227__row_29659,V*K^(-1)
10.1134_s2075113316020052__sample_9824,Seebeck coefficient,299.277,4.3693235e-05,4.3693235e-05,1.4043635649111635e-06,4.27002e-05,4.468627e-05,2,1,10.1134_s2075113316020052__sample_9824__figure_8030__prop_Seebeck_coefficient__sid_8633__row_31805,V*K^(-1)
10.1143_apex.1.015007__sample_11435,Seebeck coefficient,393.048,0.00031580059999999997,0.00031580059999999997,1.805385033725498e-05,0.0003030346,0.0003285666,2,1,10.1143_apex.1.015007__sample_11435__figure_9442__prop_Seebeck_coefficient__sid_239__row_36757,V*K^(-1)
10.1143_jjap.30.3503__sample_32340,Electrical conductivity,241.789,4095.193,4095.193,0.0,4095.193,4095.193,2,1,10.1143_jjap.30.3503__sample_32340__figure_25873__prop_Electrical_conductivity__sid_9364__row_93353,ohm^(-1)*m^(-1)
10.1155_2013_131537__sample_12539,Seebeck coefficient,352.747,-6.64777e-05,-6.64777e-05,4.672985874149391e-07,-6.680813e-05,-6.614727e-05,2,1,10.1155_2013_131537__sample_12539__figure_10374__prop_Seebeck_coefficient__sid_11879__row_40327,V*K^(-1)
10.1155_2013_131537__sample_12539,Seebeck coefficient,444.188,-6.141333e-05,-6.141333e-05,3.6239222535810004e-07,-6.166958e-05,-6.115708e-05,2,1,10.1155_2013_131537__sample_12539__figure_10374__prop_Seebeck_coefficient__sid_11879__row_40327,V*K^(-1)
10.1557_jmr.2010.78__sample_22518,Seebeck coefficient,461.557,-0.00043218689999999997,-0.00043218689999999997,6.175446362814613e-06,-0.0004365536,-0.0004278202,2,1,10.1557_jmr.2010.78__sample_22518__figure_18601__prop_Seebeck_coefficient__sid_2881__row_67900,V*K^(-1)
10.1557_jmr.2011.441__sample_30414,Electrical conductivity,590.139,14690.57,14690.57,0.0,14690.57,14690.57,2,1,10.1557_jmr.2011.441__sample_30414__figure_24409__prop_Electrical_conductivity__sid_2900__row_87945,ohm^(-1)*m^(-1)
10.1557_proc-1267-dd07-07__sample_82156,Thermal conductivity,322.1,2.3655,2.3655,0.16051323932934652,2.252,2.479,2,1,10.1557_proc-1267-dd07-07__sample_82156__figure_54559__prop_Thermal_conductivity__sid_49074__row_191615,W*m^(-1)*K^(-1)
10.2320_matertrans.e-m2013821__sample_25765,Seebeck coefficient,610.974,-1.1356003999999999e-05,-1.1356003999999999e-05,3.146859935731491e-06,-1.358117e-05,-9.130838e-06,2,1,10.2320_matertrans.e-m2013821__sample_25765__figure_20779__prop_Seebeck_coefficient__sid_4030__row_75047,V*K^(-1)
10.2320_matertrans.e-m2018806__sample_20537,Electrical conductivity,1012.85,123983.3,123983.3,963.3622786885483,123302.1,124664.5,2,1,10.2320_matertrans.e-m2018806__sample_20537__figure_17239__prop_Electrical_conductivity__sid_21237__row_62963,ohm^(-1)*m^(-1)
10.2320_matertrans.e-m2018806__sample_20537,Seebeck coefficient,399.75,6.514374e-05,6.514374e-05,0.0,6.514374e-05,6.514374e-05,2,1,10.2320_matertrans.e-m2018806__sample_20537__figure_17229__prop_Seebeck_coefficient__sid_21237__row_62907,V*K^(-1)
10.2320_matertrans.e-m2018806__sample_20537,Thermal conductivity,626.781,7.031339,7.031339,0.0,7.031339,7.031339,2,1,10.2320_matertrans.e-m2018806__sample_20537__figure_17241__prop_Thermal_conductivity__sid_21237__row_62971,W*m^(-1)*K^(-1)
10.2320_matertrans.e-m2018806__sample_20537,Thermal conductivity,676.632,6.849003,6.849003,0.0,6.849003,6.849003,2,1,10.2320_matertrans.e-m2018806__sample_20537__figure_17241__prop_Thermal_conductivity__sid_21237__row_62971,W*m^(-1)*K^(-1)
10.2320_matertrans.e-m2018806__sample_20538,Thermal conductivity,673.316,6.894587,6.894587,0.0,6.894587,6.894587,2,1,10.2320_matertrans.e-m2018806__sample_20538__figure_17241__prop_Thermal_conductivity__sid_21237__row_62970,W*m^(-1)*K^(-1)
10.2320_matertrans.e-m2018806__sample_20538,ZT,509.25,0.274271,0.274271,0.0,0.274271,0.274271,2,1,10.2320_matertrans.e-m2018806__sample_20538__figure_17143__prop_ZT__sid_21237__row_62950,-
10.2320_matertrans.e-m2018806__sample_20538,ZT,907.484,0.4673529,0.4673529,0.0,0.4673529,0.4673529,2,1,10.2320_matertrans.e-m2018806__sample_20538__figure_17143__prop_ZT__sid_21237__row_62950,-
10.3390_app8010052__sample_10714,Electrical conductivity,416.505,17657.88,17657.88,13518.212884283188,8099.06,27216.7,2,1,10.3390_app8010052__sample_10714__figure_8768__prop_Electrical_conductivity__sid_18753__row_110475,ohm^(-1)*m^(-1)
10.3390_app8010052__sample_10714,Electrical conductivity,462.136,16708.515,16708.515,13699.041301436026,7021.83,26395.2,2,1,10.3390_app8010052__sample_10714__figure_8768__prop_Electrical_conductivity__sid_18753__row_110475,ohm^(-1)*m^(-1)
10.3390_app8010052__sample_10714,Electrical conductivity,560.194,16441.704999999998,16441.704999999998,11212.443736851033,8513.31,24370.1,2,1,10.3390_app8010052__sample_10714__figure_8768__prop_Electrical_conductivity__sid_18753__row_110475,ohm^(-1)*m^(-1)
10.3390_app8010052__sample_10714,Electrical conductivity,584.466,15807.465,15807.465,9494.372248466456,9093.93,22521.0,2,1,10.3390_app8010052__sample_10714__figure_8768__prop_Electrical_conductivity__sid_18753__row_110475,ohm^(-1)*m^(-1)
10.3390_app8010052__sample_10714,Electrical conductivity,634.951,16457.65,16457.65,5334.908532018147,12685.3,20230.0,2,1,10.3390_app8010052__sample_10714__figure_8768__prop_Electrical_conductivity__sid_18753__row_110475,ohm^(-1)*m^(-1)
10.3390_app8010052__sample_10715,Electrical conductivity,535.922,7005.585,7005.585,497.3294124119344,6653.92,7357.25,2,1,10.3390_app8010052__sample_10715__figure_8768__prop_Electrical_conductivity__sid_18753__row_110474,ohm^(-1)*m^(-1)
10.3390_app8010052__sample_10716,Electrical conductivity,327.184,7760.33,7760.33,723.3843792894621,7248.82,8271.84,2,1,10.3390_app8010052__sample_10716__figure_8768__prop_Electrical_conductivity__sid_18753__row_110473,ohm^(-1)*m^(-1)
10.3390_app8010052__sample_10717,Electrical conductivity,417.476,5605.655000000001,5605.655000000001,271.267374466595,5413.84,5797.47,2,1,10.3390_app8010052__sample_10717__figure_8768__prop_Electrical_conductivity__sid_18753__row_110472,ohm^(-1)*m^(-1)
10.3390_app8010052__sample_10717,Electrical conductivity,489.32,5365.215,5365.215,271.267374466595,5173.4,5557.03,2,1,10.3390_app8010052__sample_10717__figure_8768__prop_Electrical_conductivity__sid_18753__row_110472,ohm^(-1)*m^(-1)
10.3390_app8010052__sample_10717,Electrical conductivity,512.621,5498.0599999999995,5498.0599999999995,180.84963035627123,5370.18,5625.94,2,1,10.3390_app8010052__sample_10717__figure_8768__prop_Electrical_conductivity__sid_18753__row_110472,ohm^(-1)*m^(-1)
10.3390_app8010052__sample_10718,Electrical conductivity,327.184,6385.645,6385.645,226.05496687752677,6225.8,6545.49,2,1,10.3390_app8010052__sample_10718__figure_8768__prop_Electrical_conductivity__sid_18753__row_110471,ohm^(-1)*m^(-1)
10.3390_app8010052__sample_10718,Electrical conductivity,370.874,5883.45,5883.45,135.63722276720335,5787.54,5979.36,2,1,10.3390_app8010052__sample_10718__figure_8768__prop_Electrical_conductivity__sid_18753__row_110471,ohm^(-1)*m^(-1)
10.3390_app8010052__sample_10718,Electrical conductivity,417.476,5285.965,5285.965,180.84255928845954,5158.09,5413.84,2,1,10.3390_app8010052__sample_10718__figure_8768__prop_Electrical_conductivity__sid_18753__row_110471,ohm^(-1)*m^(-1)
10.3390_app8010052__sample_10719,Electrical conductivity,370.874,5212.094999999999,5212.094999999999,452.11700482286716,4892.4,5531.79,2,1,10.3390_app8010052__sample_10719__figure_8768__prop_Electrical_conductivity__sid_18753__row_110470,ohm^(-1)*m^(-1)
10.3390_cryst7090271__sample_12639,ZT,814.756,0.041668095,0.041668095,0.0028186619800980046,0.039675,0.04366119,2,1,10.3390_cryst7090271__sample_12639__figure_10461__prop_ZT__sid_18841__row_40599,-
10.3390_cryst7090271__sample_12642,Thermal conductivity,547.491,3.7810055,3.7810055,0.12216754569238102,3.69462,3.867391,2,1,10.3390_cryst7090271__sample_12642__figure_10462__prop_Thermal_conductivity__sid_18841__row_40612,W*m^(-1)*K^(-1)
10.3390_cryst7090271__sample_12642,Thermal conductivity,948.451,3.9705804999999996,3.9705804999999996,0.10790378770228576,3.894281,4.04688,2,1,10.3390_cryst7090271__sample_12642__figure_10462__prop_Thermal_conductivity__sid_18841__row_40612,W*m^(-1)*K^(-1)
10.7567_jjap.54.055501__sample_5217,Electrical conductivity,6.787,906091.2,906091.2,11867.514530010072,897699.6,914482.8,2,1,10.7567_jjap.54.055501__sample_5217__figure_3916__prop_Electrical_conductivity__sid_9396__row_15933,ohm^(-1)*m^(-1)
