metric_name,ML_value,fitting_value,ML_minus_fitting,ML_worse_than_fitting,interpretation_step21
PF MAPE,113.72315291447252,0.2069587868984576,113.51619412757407,True,ML version performs poorly; features may be insufficient.
PF log RMSE,1.4717793161237362,0.28061519368036314,1.191164122443373,True,ML version performs poorly; features may be insufficient.
ZT vs obs MAPE,6.629457189359563,0.5675208665853211,6.061936322774242,True,ML version performs poorly; features may be insufficient.
ZT vs obs log RMSE,1.2851849552778736,0.8115921284159479,0.4735928268619257,True,"ML version is worse than direct fitting, as expected, because it predicts tau_eff from material features."
ZT vs calc MAPE,50.35304890059137,0.2155255876876062,50.13752331290376,True,ML version performs poorly; features may be insufficient.
ZT vs calc log RMSE,1.2636065482902707,0.2924581615885658,0.971148386701705,True,"ML version is worse than direct fitting, as expected, because it predicts tau_eff from material features."
ZT>=1 precision,0.5,0.6602870813397129,-0.16028708133971292,True,"ML version is worse than direct fitting, as expected, because it predicts tau_eff from material features."
ZT>=1 recall,0.5,0.7340425531914894,-0.23404255319148937,True,"ML version is worse than direct fitting, as expected, because it predicts tau_eff from material features."
ZT>=1 F1,0.5,0.695214105793451,-0.195214105793451,True,"ML version is worse than direct fitting, as expected, because it predicts tau_eff from material features."
