feature_name,feature_type,feature_source,feature_description,used_in_feature_matrix_step18,leakage_risk,note
sample_key,metadata,key,Column carried from sample_metadata.,False,none,
SID,metadata,sample_metadata,Column carried from sample_metadata.,False,low,
DOI,metadata,sample_metadata,Column carried from sample_metadata.,False,low,
sample_id,metadata,sample_metadata,Column carried from sample_metadata.,False,low,
paper_title,metadata,sample_metadata,Column carried from sample_metadata.,False,low,
year,metadata,sample_metadata,Column carried from sample_metadata.,False,low,
composition,metadata,sample_metadata,Column carried from sample_metadata.,False,low,
material_system,categorical,sample_metadata,Column carried from sample_metadata.,False,none,
n_or_p,categorical,sample_metadata,Column carried from sample_metadata.,False,none,
n_or_p_basis,metadata,merged_input,Column carried from merged_input.,False,none,
n_or_p_step6,metadata,step6,Column carried from step6.,False,none,
n_or_p_basis_step6,metadata,step6,Column carried from step6.,False,none,
n_or_p_confidence_step6,categorical,step6,Column carried from step6.,False,none,
sintering_method,metadata,merged_input,Column carried from merged_input.,False,low,
sintering_checked,metadata,merged_input,Column carried from merged_input.,False,low,
record_checked,metadata,merged_input,Column carried from merged_input.,False,low,
additive_auto_step9,metadata,step9,Column carried from step9.,False,none,
additive_manual_step9,metadata,step9,Column carried from step9.,False,none,
structure_auto_step9,metadata,step9,Column carried from step9.,False,none,
structure_manual_step9,metadata,step9,Column carried from step9.,False,none,
nanocarbon_keyword_detected_step9,binary,step18_feature_matrix,Column carried from step9.,True,none,
nanocarbon_type_auto_step9,categorical,step9,Column carried from step9.,False,none,
rare_metal_flag_auto_step9,binary,step18_feature_matrix,Column carried from step9.,True,none,
toxicity_flag_auto_step9,binary,step18_feature_matrix,Column carried from step9.,True,none,
fitting_source_preference_step8,metadata,step8,Column carried from step8.,False,none,
fitting_source_actual_step10,categorical,step10,Column carried from step10.,False,none,
sigma_obs_source_step11,metadata,step11,Column carried from step11.,False,none,
tau_eff_step12,quality,step12,Column carried from step12.,False,target_leakage,
log_tau_eff_step12,quality,step12,Column carried from step12.,False,target_leakage,
tau_eff_unit_step12,metadata,step12,Column carried from step12.,False,low,
tau_eff_mode_step12,categorical,step12,Column carried from step12.,False,none,
n_fit_rows_step12,metadata,step12,Column carried from step12.,False,low,
n_fit_temperature_points_step12,metadata,step12,Column carried from step12.,False,none,
temperature_min_fit_step12,metadata,step12,Column carried from step12.,False,none,
temperature_max_fit_step12,metadata,step12,Column carried from step12.,False,none,
temperature_span_fit_step12,metadata,step12,Column carried from step12.,False,none,
sigma_fit_mae_step12,quality,step12,Column carried from step12.,False,evaluation_leakage,
sigma_fit_rmse_step12,quality,step12,Column carried from step12.,False,evaluation_leakage,
sigma_fit_mape_step12,quality,step12,Column carried from step12.,False,evaluation_leakage,
sigma_fit_log_mae_step12,quality,step12,Column carried from step12.,False,evaluation_leakage,
sigma_fit_log_rmse_step12,quality,step12,Column carried from step12.,False,evaluation_leakage,
sigma_fit_r2_log_step12,quality,step12,Column carried from step12.,False,evaluation_leakage,
sigma_fit_bias_log_step12,quality,step12,Column carried from step12.,False,evaluation_leakage,
tau_eff_log_std_step12,metadata,step12,Column carried from step12.,False,none,
tau_eff_geometric_std_factor_step12,metadata,step12,Column carried from step12.,False,none,
tau_eff_train_step12,metadata,step12,Column carried from step12.,False,none,
n_train_rows_step12,metadata,step12,Column carried from step12.,False,none,
n_holdout_rows_step12,metadata,step12,Column carried from step12.,False,none,
sigma_holdout_mae_step12,quality,step12,Column carried from step12.,False,evaluation_leakage,
sigma_holdout_rmse_step12,quality,step12,Column carried from step12.,False,evaluation_leakage,
sigma_holdout_mape_step12,quality,step12,Column carried from step12.,False,evaluation_leakage,
sigma_holdout_log_rmse_step12,quality,step12,Column carried from step12.,False,evaluation_leakage,
sigma_holdout_r2_log_step12,quality,step12,Column carried from step12.,False,evaluation_leakage,
holdout_eval_status_step12,metadata,step12,Column carried from step12.,False,none,
fit_status_step12,metadata,step12,Column carried from step12.,False,low,
fit_note_step12,metadata,step12,Column carried from step12.,False,none,
prefactor_source_step12,metadata,step12,Column carried from step12.,False,none,
seebeck_obs_V_per_K_step11,metadata,step11,Column carried from step11.,False,none,
kappa_obs_W_per_mK_step11,metadata,step11,Column carried from step11.,False,none,
zt_obs_dimensionless_step11,quality,step11,Column carried from step11.,False,evaluation_leakage,
power_factor_obs_W_per_mK2_step11,metadata,step11,Column carried from step11.,False,none,
zt_calc_from_obs_step11,quality,step11,Column carried from step11.,False,evaluation_leakage,
can_eval_power_factor_step11,metadata,step11,Column carried from step11.,False,none,
can_calc_zt_from_obs_step11,metadata,step11,Column carried from step11.,False,none,
can_compare_zt_obs_step11,quality,step11,Column carried from step11.,False,evaluation_leakage,
row_quality_step11,metadata,step11,Column carried from step11.,False,none,
n_prefactor_available_rows_step12,metadata,step12,Column carried from step12.,False,none,
n_prefactor_unavailable_rows_step12,metadata,step12,Column carried from step12.,False,none,
log_tau_eff_train_step12,metadata,step12,Column carried from step12.,False,none,
doi_url,metadata,sample_metadata,Column carried from sample_metadata.,False,low,
validation_method_step13,metadata,step13,Column carried from step13.,False,none,
tau_eff_train_step13,metadata,step13,Column carried from step13.,False,none,
log_tau_eff_train_step13,metadata,step13,Column carried from step13.,False,none,
tau_eff_unit_step13,metadata,step13,Column carried from step13.,False,none,
tau_eff_mode_step13,metadata,step13,Column carried from step13.,False,none,
n_total_rows_step13,metadata,step13,Column carried from step13.,False,none,
n_train_rows_step13,metadata,step13,Column carried from step13.,False,none,
n_validation_rows_step13,metadata,step13,Column carried from step13.,False,none,
temperature_min_step13,metadata,step13,Column carried from step13.,False,none,
temperature_max_step13,metadata,step13,Column carried from step13.,False,none,
temperature_span_step13,metadata,step13,Column carried from step13.,False,none,
validation_temperature_min_step13,metadata,step13,Column carried from step13.,False,none,
validation_temperature_max_step13,metadata,step13,Column carried from step13.,False,none,
train_sigma_mae_step13,metadata,step13,Column carried from step13.,False,none,
train_sigma_rmse_step13,metadata,step13,Column carried from step13.,False,none,
train_sigma_mape_step13,metadata,step13,Column carried from step13.,False,none,
train_sigma_log_mae_step13,metadata,step13,Column carried from step13.,False,none,
train_sigma_log_rmse_step13,metadata,step13,Column carried from step13.,False,none,
train_sigma_r2_log_step13,metadata,step13,Column carried from step13.,False,none,
validation_sigma_mae_step13,quality,step13,Column carried from step13.,False,evaluation_leakage,
validation_sigma_rmse_step13,quality,step13,Column carried from step13.,False,evaluation_leakage,
validation_sigma_mape_step13,quality,step13,Column carried from step13.,False,evaluation_leakage,
validation_sigma_log_mae_step13,quality,step13,Column carried from step13.,False,evaluation_leakage,
validation_sigma_log_rmse_step13,quality,step13,Column carried from step13.,False,evaluation_leakage,
validation_sigma_r2_log_step13,quality,step13,Column carried from step13.,False,evaluation_leakage,
validation_sigma_bias_log_step13,quality,step13,Column carried from step13.,False,evaluation_leakage,
validation_within_10pct_rate_step13,metadata,step13,Column carried from step13.,False,none,
validation_within_25pct_rate_step13,metadata,step13,Column carried from step13.,False,none,
validation_within_50pct_rate_step13,metadata,step13,Column carried from step13.,False,none,
tau_eff_train_vs_step12_log_diff_step13,metadata,step13,Column carried from step13.,False,none,
tau_eff_train_vs_step12_ratio_step13,metadata,step13,Column carried from step13.,False,none,
validation_status_step13,metadata,step13,Column carried from step13.,False,none,
validation_quality_step13,metadata,step13,Column carried from step13.,False,none,
validation_note_step13,metadata,step13,Column carried from step13.,False,none,
SID__step13,metadata,step13,One-hot encoded category from SID: step13.,False,none,
DOI__step13,metadata,step13,One-hot encoded category from DOI: step13.,False,none,
sample_id__step13,metadata,step13,One-hot encoded category from sample_id: step13.,False,none,
paper_title__step13,metadata,step13,One-hot encoded category from paper_title: step13.,False,none,
year__step13,metadata,step13,One-hot encoded category from year: step13.,False,none,
composition__step13,metadata,step13,One-hot encoded category from composition: step13.,False,none,
material_system__step13,metadata,step13,One-hot encoded category from material_system: step13.,False,none,
n_or_p__step13,metadata,step13,One-hot encoded category from n_or_p: step13.,False,none,
n_or_p_basis__step13,metadata,step13,One-hot encoded category from n_or_p_basis: step13.,False,none,
n_or_p_step6__step13,metadata,step13,One-hot encoded category from n_or_p_step6: step13.,False,none,
n_or_p_basis_step6__step13,metadata,step13,One-hot encoded category from n_or_p_basis_step6: step13.,False,none,
n_or_p_confidence_step6__step13,metadata,step13,One-hot encoded category from n_or_p_confidence_step6: step13.,False,none,
sintering_method__step13,metadata,step13,One-hot encoded category from sintering_method: step13.,False,none,
sintering_checked__step13,metadata,step13,One-hot encoded category from sintering_checked: step13.,False,none,
record_checked__step13,metadata,step13,One-hot encoded category from record_checked: step13.,False,none,
additive_auto_step9__step13,metadata,step13,One-hot encoded category from additive_auto_step9: step13.,False,none,
additive_manual_step9__step13,metadata,step13,One-hot encoded category from additive_manual_step9: step13.,False,none,
structure_auto_step9__step13,metadata,step13,One-hot encoded category from structure_auto_step9: step13.,False,none,
structure_manual_step9__step13,metadata,step13,One-hot encoded category from structure_manual_step9: step13.,False,none,
nanocarbon_keyword_detected_step9__step13,metadata,step13,One-hot encoded category from nanocarbon_keyword_detected_step9: step13.,False,none,
nanocarbon_type_auto_step9__step13,metadata,step13,One-hot encoded category from nanocarbon_type_auto_step9: step13.,False,none,
rare_metal_flag_auto_step9__step13,metadata,step13,One-hot encoded category from rare_metal_flag_auto_step9: step13.,False,none,
toxicity_flag_auto_step9__step13,metadata,step13,One-hot encoded category from toxicity_flag_auto_step9: step13.,False,none,
fitting_source_actual_step10__step13,metadata,step13,One-hot encoded category from fitting_source_actual_step10: step13.,False,none,
sigma_obs_source_step11__step13,metadata,step13,One-hot encoded category from sigma_obs_source_step11: step13.,False,none,
tau_eff_step12__step13,quality,step13,One-hot encoded category from tau_eff_step12: step13.,False,target_leakage,
doi_url__step13,metadata,step13,One-hot encoded category from doi_url: step13.,False,none,
n_rows_step14,metadata,step14,Column carried from step14.,False,none,
n_pf_eval_rows_step14,metadata,step14,Column carried from step14.,False,none,
n_zt_calc_eval_rows_step14,quality,step14,Column carried from step14.,False,evaluation_leakage,
n_zt_obs_eval_rows_step14,quality,step14,Column carried from step14.,False,evaluation_leakage,
pf_mape_step14,quality,step14,Column carried from step14.,False,evaluation_leakage,
pf_log_rmse_step14,quality,step14,Column carried from step14.,False,evaluation_leakage,
zt_pred_vs_calc_mape_step14,quality,step14,Column carried from step14.,False,evaluation_leakage,
zt_pred_vs_calc_log_rmse_step14,quality,step14,Column carried from step14.,False,evaluation_leakage,
zt_pred_vs_obs_mape_step14,quality,step14,Column carried from step14.,False,evaluation_leakage,
zt_pred_vs_obs_log_rmse_step14,quality,step14,Column carried from step14.,False,evaluation_leakage,
zt_obs_max_step14,quality,step14,Column carried from step14.,False,evaluation_leakage,
zt_pred_max_step14,quality,step14,Column carried from step14.,False,evaluation_leakage,
zt_calc_from_obs_max_step14,quality,step14,Column carried from step14.,False,evaluation_leakage,
zt_pred_vs_obs_quality_step14,quality,step14,Column carried from step14.,False,evaluation_leakage,
zt_pred_vs_calc_quality_step14,quality,step14,Column carried from step14.,False,evaluation_leakage,
needs_sintering_check_later_step14,metadata,step14,Column carried from step14.,False,none,
pf_error_level_sample_step15,metadata,step15,Column carried from step15.,False,none,
zt_obs_error_level_sample_step15,quality,step15,Column carried from step15.,False,evaluation_leakage,
zt_calc_error_level_sample_step15,quality,step15,Column carried from step15.,False,evaluation_leakage,
zt_error_direction_sample_step15,metadata,step15,Column carried from step15.,False,none,
zt_error_analysis_category_step15,metadata,step15,Column carried from step15.,False,none,
zt_error_analysis_note_step15,metadata,step15,Column carried from step15.,False,none,
manual_review_priority_score_step15,quality,step15,Column carried from step15.,False,evaluation_leakage,
manual_review_priority_tier_step15,metadata,step15,Column carried from step15.,False,none,
needs_manual_review_step15,metadata,step15,Column carried from step15.,False,none,
sintering_check_reason_step15,metadata,step15,Column carried from step15.,False,none,
needs_sintering_check_later_step15,metadata,step15,Column carried from step15.,False,none,
pf_zt_problem_reason_step15,quality,step15,Column carried from step15.,False,evaluation_leakage,
SID__step15,metadata,step15,One-hot encoded category from SID: step15.,False,none,
DOI__step15,metadata,step15,One-hot encoded category from DOI: step15.,False,none,
sample_id__step15,metadata,step15,One-hot encoded category from sample_id: step15.,False,none,
paper_title__step15,metadata,step15,One-hot encoded category from paper_title: step15.,False,none,
year__step15,metadata,step15,One-hot encoded category from year: step15.,False,none,
composition__step15,metadata,step15,One-hot encoded category from composition: step15.,False,none,
material_system__step15,metadata,step15,One-hot encoded category from material_system: step15.,False,none,
n_or_p__step15,metadata,step15,One-hot encoded category from n_or_p: step15.,False,none,
n_or_p_basis__step15,metadata,step15,One-hot encoded category from n_or_p_basis: step15.,False,none,
n_or_p_step6__step15,metadata,step15,One-hot encoded category from n_or_p_step6: step15.,False,none,
n_or_p_basis_step6__step15,metadata,step15,One-hot encoded category from n_or_p_basis_step6: step15.,False,none,
n_or_p_confidence_step6__step15,metadata,step15,One-hot encoded category from n_or_p_confidence_step6: step15.,False,none,
sintering_method__step15,metadata,step15,One-hot encoded category from sintering_method: step15.,False,none,
sintering_checked__step15,metadata,step15,One-hot encoded category from sintering_checked: step15.,False,none,
record_checked__step15,metadata,step15,One-hot encoded category from record_checked: step15.,False,none,
additive_auto_step9__step15,metadata,step15,One-hot encoded category from additive_auto_step9: step15.,False,none,
additive_manual_step9__step15,metadata,step15,One-hot encoded category from additive_manual_step9: step15.,False,none,
structure_auto_step9__step15,metadata,step15,One-hot encoded category from structure_auto_step9: step15.,False,none,
structure_manual_step9__step15,metadata,step15,One-hot encoded category from structure_manual_step9: step15.,False,none,
nanocarbon_keyword_detected_step9__step15,metadata,step15,One-hot encoded category from nanocarbon_keyword_detected_step9: step15.,False,none,
nanocarbon_type_auto_step9__step15,metadata,step15,One-hot encoded category from nanocarbon_type_auto_step9: step15.,False,none,
rare_metal_flag_auto_step9__step15,metadata,step15,One-hot encoded category from rare_metal_flag_auto_step9: step15.,False,none,
toxicity_flag_auto_step9__step15,metadata,step15,One-hot encoded category from toxicity_flag_auto_step9: step15.,False,none,
tau_eff_step12__step15,quality,step15,One-hot encoded category from tau_eff_step12: step15.,False,target_leakage,
tau_eff_unit_step12__step15,metadata,step15,One-hot encoded category from tau_eff_unit_step12: step15.,False,none,
tau_eff_mode_step12__step15,metadata,step15,One-hot encoded category from tau_eff_mode_step12: step15.,False,none,
fitting_source_actual_step10__step15,metadata,step15,One-hot encoded category from fitting_source_actual_step10: step15.,False,none,
doi_url__step15,metadata,step15,One-hot encoded category from doi_url: step15.,False,none,
np_basis_auto_step9,metadata,step9,Column carried from step9.,False,none,
np_basis_source_step9,metadata,step9,Column carried from step9.,False,none,
np_type_paper_manual_step9,metadata,step9,Column carried from step9.,False,none,
np_basis_paper_manual_step9,metadata,step9,Column carried from step9.,False,none,
np_checked_in_paper_step9,metadata,step9,Column carried from step9.,False,none,
np_check_note_step9,metadata,step9,Column carried from step9.,False,none,
sintering_status_step9,metadata,step9,Column carried from step9.,False,none,
sintering_note_step9,metadata,step9,Column carried from step9.,False,none,
sintering_keyword_detected_step9,metadata,step9,Column carried from step9.,False,none,
additive_evidence_auto_step9,metadata,step9,Column carried from step9.,False,none,
additive_keyword_detected_step9,metadata,step9,Column carried from step9.,False,none,
structure_evidence_auto_step9,metadata,step9,Column carried from step9.,False,none,
structure_keyword_detected_step9,metadata,step9,Column carried from step9.,False,none,
nanocarbon_evidence_auto_step9,metadata,step9,Column carried from step9.,False,none,
rare_metal_elements_auto_step9,metadata,step9,Column carried from step9.,False,none,
toxicity_elements_auto_step9,metadata,step9,Column carried from step9.,False,none,
rare_metal_note_manual_step9,metadata,step9,Column carried from step9.,False,none,
toxicity_note_manual_step9,metadata,step9,Column carried from step9.,False,none,
zt_max_observed_step9,metadata,step9,Column carried from step9.,False,none,
thermal_conductivity_min_observed_step9,metadata,step9,Column carried from step9.,False,none,
sigma_or_rho_point_count_step9,metadata,step9,Column carried from step9.,False,none,
seebeck_point_count_step9,metadata,step9,Column carried from step9.,False,none,
candidate_priority_tier_step8,metadata,step8,Column carried from step8.,False,none,
valid_sigma_or_rho_point_count_step8,metadata,step8,Column carried from step8.,False,none,
sigma_or_rho_temperature_span_step8,metadata,step8,Column carried from step8.,False,none,
review_priority_score_step9,metadata,step9,Column carried from step9.,False,none,
review_priority_tier_step9,metadata,step9,Column carried from step9.,False,none,
review_priority_reason_step9,metadata,step9,Column carried from step9.,False,none,
paper_checked_step9,metadata,step9,Column carried from step9.,False,none,
paper_check_date_step9,metadata,step9,Column carried from step9.,False,none,
paper_check_scope_step9,metadata,step9,Column carried from step9.,False,none,
manual_review_note_step9,metadata,step9,Column carried from step9.,False,none,
needs_sintering_check_later_step9,metadata,step9,Column carried from step9.,False,none,
text_for_literature_hint_step9,metadata,step9,Column carried from step9.,False,none,
has_electrical_conductivity,metadata,merged_input,Binary indicator for an element category detected from composition.,False,none,
has_electrical_resistivity,metadata,merged_input,Binary indicator for an element category detected from composition.,False,none,
has_sigma_or_rho,metadata,merged_input,Binary indicator for an element category detected from composition.,False,none,
has_seebeck,metadata,merged_input,Binary indicator for an element category detected from composition.,False,none,
has_thermal_conductivity,metadata,merged_input,Binary indicator for an element category detected from composition.,False,none,
has_zt,metadata,merged_input,Binary indicator for an element category detected from composition.,False,none,
has_kappa_or_zt,metadata,merged_input,Binary indicator for an element category detected from composition.,False,none,
electrical_conductivity_curve_count,metadata,merged_input,Column carried from merged_input.,False,none,
electrical_resistivity_curve_count,metadata,merged_input,Column carried from merged_input.,False,none,
seebeck_curve_count_step5,metadata,merged_input,Column carried from merged_input.,False,none,
thermal_conductivity_curve_count,metadata,merged_input,Column carried from merged_input.,False,none,
zt_curve_count,metadata,merged_input,Column carried from merged_input.,False,none,
electrical_conductivity_point_count,metadata,merged_input,Column carried from merged_input.,False,none,
electrical_resistivity_point_count,metadata,merged_input,Column carried from merged_input.,False,none,
sigma_or_rho_point_count,metadata,merged_input,Column carried from merged_input.,False,none,
seebeck_point_count_step5,metadata,merged_input,Column carried from merged_input.,False,none,
thermal_conductivity_point_count,metadata,merged_input,Column carried from merged_input.,False,none,
zt_point_count,metadata,merged_input,Column carried from merged_input.,False,none,
kappa_or_zt_point_count,metadata,merged_input,Column carried from merged_input.,False,none,
is_learning_candidate_step5,metadata,merged_input,Column carried from merged_input.,False,none,
learning_candidate_reason_step5,metadata,merged_input,Column carried from merged_input.,False,none,
n_or_p_prior,metadata,merged_input,Column carried from merged_input.,False,none,
n_or_p_basis_prior,metadata,merged_input,Column carried from merged_input.,False,none,
seebeck_positive_count,metadata,merged_input,Column carried from merged_input.,False,none,
seebeck_negative_count,metadata,merged_input,Column carried from merged_input.,False,none,
seebeck_zero_count,metadata,merged_input,Column carried from merged_input.,False,none,
seebeck_valid_count,metadata,merged_input,Column carried from merged_input.,False,none,
seebeck_curve_count,metadata,merged_input,Column carried from merged_input.,False,none,
seebeck_point_count,metadata,merged_input,Column carried from merged_input.,False,none,
seebeck_abs_like_curve_count,metadata,merged_input,Column carried from merged_input.,False,none,
seebeck_parse_failed_curve_count,metadata,merged_input,Column carried from merged_input.,False,none,
seebeck_sign_mixed_flag,metadata,merged_input,Column carried from merged_input.,False,none,
sintering_method_prior_step7,metadata,merged_input,Column carried from merged_input.,False,none,
sintering_checked_prior_step7,metadata,merged_input,Column carried from merged_input.,False,none,
record_checked_prior_step7,metadata,merged_input,Column carried from merged_input.,False,none,
sintering_status_step7,metadata,merged_input,Column carried from merged_input.,False,none,
sintering_note_step7,metadata,merged_input,Column carried from merged_input.,False,none,
sigma_curve_count_step8,metadata,step8,Column carried from step8.,False,none,
rho_curve_count_step8,metadata,step8,Column carried from step8.,False,none,
sigma_or_rho_curve_count_step8,metadata,step8,Column carried from step8.,False,none,
sigma_point_count_step8,metadata,step8,Column carried from step8.,False,none,
rho_point_count_step8,metadata,step8,Column carried from step8.,False,none,
sigma_or_rho_point_count_step8,metadata,step8,Column carried from step8.,False,none,
valid_sigma_point_count_step8,metadata,step8,Column carried from step8.,False,none,
valid_rho_point_count_step8,metadata,step8,Column carried from step8.,False,none,
nonpositive_sigma_point_count_step8,metadata,step8,Column carried from step8.,False,none,
nonpositive_rho_point_count_step8,metadata,step8,Column carried from step8.,False,none,
nonpositive_sigma_or_rho_point_count_step8,metadata,step8,Column carried from step8.,False,none,
sigma_temperature_min_step8,metadata,step8,Column carried from step8.,False,none,
sigma_temperature_max_step8,metadata,step8,Column carried from step8.,False,none,
rho_temperature_min_step8,metadata,step8,Column carried from step8.,False,none,
rho_temperature_max_step8,metadata,step8,Column carried from step8.,False,none,
sigma_or_rho_temperature_min_step8,metadata,step8,Column carried from step8.,False,none,
sigma_or_rho_temperature_max_step8,metadata,step8,Column carried from step8.,False,none,
sigma_rho_parse_failed_curve_count_step8,metadata,step8,Column carried from step8.,False,none,
sigma_rho_xy_mismatch_curve_count_step8,metadata,step8,Column carried from step8.,False,none,
has_valid_sigma_step8,metadata,step8,Binary indicator for an element category detected from composition.,False,none,
has_valid_rho_step8,metadata,step8,Binary indicator for an element category detected from composition.,False,none,
has_valid_sigma_or_rho_step8,metadata,step8,Binary indicator for an element category detected from composition.,False,none,
has_seebeck_step8,metadata,step8,Binary indicator for an element category detected from composition.,False,none,
has_thermal_conductivity_step8,metadata,step8,Binary indicator for an element category detected from composition.,False,none,
has_zt_step8,metadata,step8,Binary indicator for an element category detected from composition.,False,none,
has_kappa_or_zt_step8,metadata,step8,Binary indicator for an element category detected from composition.,False,none,
seebeck_curve_count_step8,metadata,step8,Column carried from step8.,False,none,
thermal_conductivity_curve_count_step8,metadata,step8,Column carried from step8.,False,none,
zt_curve_count_step8,metadata,step8,Column carried from step8.,False,none,
seebeck_point_count_step8,metadata,step8,Column carried from step8.,False,none,
thermal_conductivity_point_count_step8,metadata,step8,Column carried from step8.,False,none,
zt_point_count_step8,metadata,step8,Column carried from step8.,False,none,
kappa_or_zt_point_count_step8,metadata,step8,Column carried from step8.,False,none,
is_tau_fitting_candidate_step8,metadata,step8,Column carried from step8.,False,none,
is_full_learning_candidate_step8,metadata,step8,Column carried from step8.,False,none,
is_initial_tau_fit_candidate_step8,metadata,step8,Column carried from step8.,False,none,
fitting_source_reason_step8,metadata,step8,Column carried from step8.,False,none,
learning_candidate_reason_step8,metadata,step8,Column carried from step8.,False,none,
zt_point_count_step9,metadata,step9,Column carried from step9.,False,none,
thermal_conductivity_point_count_step9,metadata,step9,Column carried from step9.,False,none,
SID__step9,metadata,step9,One-hot encoded category from SID: step9.,False,none,
DOI__step9,metadata,step9,One-hot encoded category from DOI: step9.,False,none,
sample_id__step9,metadata,step9,One-hot encoded category from sample_id: step9.,False,none,
paper_title__step9,metadata,step9,One-hot encoded category from paper_title: step9.,False,none,
year__step9,metadata,step9,One-hot encoded category from year: step9.,False,none,
composition__step9,metadata,step9,One-hot encoded category from composition: step9.,False,none,
material_system__step9,metadata,step9,One-hot encoded category from material_system: step9.,False,none,
n_or_p__step9,metadata,step9,One-hot encoded category from n_or_p: step9.,False,none,
n_or_p_basis__step9,metadata,step9,One-hot encoded category from n_or_p_basis: step9.,False,none,
n_or_p_step6__step9,metadata,step9,One-hot encoded category from n_or_p_step6: step9.,False,none,
n_or_p_basis_step6__step9,metadata,step9,One-hot encoded category from n_or_p_basis_step6: step9.,False,none,
n_or_p_confidence_step6__step9,metadata,step9,One-hot encoded category from n_or_p_confidence_step6: step9.,False,none,
sintering_method__step9,metadata,step9,One-hot encoded category from sintering_method: step9.,False,none,
sintering_checked__step9,metadata,step9,One-hot encoded category from sintering_checked: step9.,False,none,
record_checked__step9,metadata,step9,One-hot encoded category from record_checked: step9.,False,none,
additive_auto_step9__step9,metadata,step9,One-hot encoded category from additive_auto_step9: step9.,False,none,
additive_manual_step9__step9,metadata,step9,One-hot encoded category from additive_manual_step9: step9.,False,none,
structure_auto_step9__step9,metadata,step9,One-hot encoded category from structure_auto_step9: step9.,False,none,
structure_manual_step9__step9,metadata,step9,One-hot encoded category from structure_manual_step9: step9.,False,none,
nanocarbon_keyword_detected_step9__step9,metadata,step9,One-hot encoded category from nanocarbon_keyword_detected_step9: step9.,False,none,
nanocarbon_type_auto_step9__step9,metadata,step9,One-hot encoded category from nanocarbon_type_auto_step9: step9.,False,none,
rare_metal_flag_auto_step9__step9,metadata,step9,One-hot encoded category from rare_metal_flag_auto_step9: step9.,False,none,
toxicity_flag_auto_step9__step9,metadata,step9,One-hot encoded category from toxicity_flag_auto_step9: step9.,False,none,
fitting_source_preference_step8__step9,metadata,step9,One-hot encoded category from fitting_source_preference_step8: step9.,False,none,
doi_url__step9,metadata,step9,One-hot encoded category from doi_url: step9.,False,none,
step17_review_priority_score,metadata,step17,Column carried from step17.,False,none,
step17_review_priority_tier,metadata,step17,Column carried from step17.,False,none,
step17_review_reason,metadata,step17,Column carried from step17.,False,none,
step17_check_additive,metadata,step17,Column carried from step17.,False,none,
step17_check_structure,metadata,step17,Column carried from step17.,False,none,
step17_check_np_type,metadata,step17,Column carried from step17.,False,none,
step17_check_sintering,metadata,step17,Column carried from step17.,False,none,
source_files_step16,metadata,step16,Column carried from step16.,False,none,
classification_case_step15,metadata,step15,Column carried from step15.,False,none,
thresholds_in_high_zt_error_file_step15,metadata,step15,Column carried from step15.,False,none,
material_system__step16_targets,metadata,step16,One-hot encoded category from material_system: step16_targets.,False,none,
n_or_p__step16_targets,metadata,step16,One-hot encoded category from n_or_p: step16_targets.,False,none,
n_or_p_basis__step16_targets,metadata,step16,One-hot encoded category from n_or_p_basis: step16_targets.,False,none,
n_or_p_step6__step16_targets,metadata,step16,One-hot encoded category from n_or_p_step6: step16_targets.,False,none,
n_or_p_basis_step6__step16_targets,metadata,step16,One-hot encoded category from n_or_p_basis_step6: step16_targets.,False,none,
n_or_p_confidence_step6__step16_targets,metadata,step16,One-hot encoded category from n_or_p_confidence_step6: step16_targets.,False,none,
composition__step16_targets,metadata,step16,One-hot encoded category from composition: step16_targets.,False,none,
DOI__step16_targets,metadata,step16,One-hot encoded category from DOI: step16_targets.,False,none,
doi_url__step16_targets,metadata,step16,One-hot encoded category from doi_url: step16_targets.,False,none,
paper_title__step16_targets,metadata,step16,One-hot encoded category from paper_title: step16_targets.,False,none,
zt_obs_max_step14__step16_targets,quality,step16,One-hot encoded category from zt_obs_max_step14: step16_targets.,False,evaluation_leakage,
zt_pred_max_step14__step16_targets,quality,step16,One-hot encoded category from zt_pred_max_step14: step16_targets.,False,evaluation_leakage,
zt_calc_from_obs_max_step14__step16_targets,quality,step16,One-hot encoded category from zt_calc_from_obs_max_step14: step16_targets.,False,evaluation_leakage,
zt_pred_vs_obs_mape_step14__step16_targets,quality,step16,One-hot encoded category from zt_pred_vs_obs_mape_step14: step16_targets.,False,evaluation_leakage,
zt_pred_vs_calc_mape_step14__step16_targets,quality,step16,One-hot encoded category from zt_pred_vs_calc_mape_step14: step16_targets.,False,evaluation_leakage,
manual_review_priority_score_step15__step16_targets,quality,step16,One-hot encoded category from manual_review_priority_score_step15: step16_targets.,False,evaluation_leakage,
manual_review_priority_tier_step15__step16_targets,metadata,step16,One-hot encoded category from manual_review_priority_tier_step15: step16_targets.,False,none,
zt_error_analysis_category_step15__step16_targets,metadata,step16,One-hot encoded category from zt_error_analysis_category_step15: step16_targets.,False,none,
nanocarbon_keyword_detected_step9__step16_targets,metadata,step16,One-hot encoded category from nanocarbon_keyword_detected_step9: step16_targets.,False,none,
nanocarbon_type_auto_step9__step16_targets,metadata,step16,One-hot encoded category from nanocarbon_type_auto_step9: step16_targets.,False,none,
rare_metal_flag_auto_step9__step16_targets,metadata,step16,One-hot encoded category from rare_metal_flag_auto_step9: step16_targets.,False,none,
toxicity_flag_auto_step9__step16_targets,metadata,step16,One-hot encoded category from toxicity_flag_auto_step9: step16_targets.,False,none,
additive_auto_step9__step16_targets,metadata,step16,One-hot encoded category from additive_auto_step9: step16_targets.,False,none,
additive_manual_step9__step16_targets,metadata,step16,One-hot encoded category from additive_manual_step9: step16_targets.,False,none,
structure_auto_step9__step16_targets,metadata,step16,One-hot encoded category from structure_auto_step9: step16_targets.,False,none,
structure_manual_step9__step16_targets,metadata,step16,One-hot encoded category from structure_manual_step9: step16_targets.,False,none,
sintering_method__step16_targets,metadata,step16,One-hot encoded category from sintering_method: step16_targets.,False,none,
sintering_checked__step16_targets,metadata,step16,One-hot encoded category from sintering_checked: step16_targets.,False,none,
record_checked__step16_targets,metadata,step16,One-hot encoded category from record_checked: step16_targets.,False,none,
sintering_check_reason_step15__step16_targets,metadata,step16,One-hot encoded category from sintering_check_reason_step15: step16_targets.,False,none,
n_rows_step14__step16_targets,metadata,step16,One-hot encoded category from n_rows_step14: step16_targets.,False,none,
n_pf_eval_rows_step14__step16_targets,metadata,step16,One-hot encoded category from n_pf_eval_rows_step14: step16_targets.,False,none,
n_zt_calc_eval_rows_step14__step16_targets,quality,step16,One-hot encoded category from n_zt_calc_eval_rows_step14: step16_targets.,False,evaluation_leakage,
n_zt_obs_eval_rows_step14__step16_targets,quality,step16,One-hot encoded category from n_zt_obs_eval_rows_step14: step16_targets.,False,evaluation_leakage,
pf_mape_step14__step16_targets,quality,step16,One-hot encoded category from pf_mape_step14: step16_targets.,False,evaluation_leakage,
pf_log_rmse_step14__step16_targets,quality,step16,One-hot encoded category from pf_log_rmse_step14: step16_targets.,False,evaluation_leakage,
zt_pred_vs_calc_log_rmse_step14__step16_targets,quality,step16,One-hot encoded category from zt_pred_vs_calc_log_rmse_step14: step16_targets.,False,evaluation_leakage,
zt_pred_vs_obs_log_rmse_step14__step16_targets,quality,step16,One-hot encoded category from zt_pred_vs_obs_log_rmse_step14: step16_targets.,False,evaluation_leakage,
zt_pred_vs_obs_quality_step14__step16_targets,quality,step16,One-hot encoded category from zt_pred_vs_obs_quality_step14: step16_targets.,False,evaluation_leakage,
zt_pred_vs_calc_quality_step14__step16_targets,quality,step16,One-hot encoded category from zt_pred_vs_calc_quality_step14: step16_targets.,False,evaluation_leakage,
SID__step16_targets,metadata,step16,One-hot encoded category from SID: step16_targets.,False,none,
sample_id__step16_targets,metadata,step16,One-hot encoded category from sample_id: step16_targets.,False,none,
year__step16_targets,metadata,step16,One-hot encoded category from year: step16_targets.,False,none,
tau_eff_step12__step16_targets,quality,step16,One-hot encoded category from tau_eff_step12: step16_targets.,False,target_leakage,
tau_eff_unit_step12__step16_targets,metadata,step16,One-hot encoded category from tau_eff_unit_step12: step16_targets.,False,none,
tau_eff_mode_step12__step16_targets,metadata,step16,One-hot encoded category from tau_eff_mode_step12: step16_targets.,False,none,
fitting_source_actual_step10__step16_targets,metadata,step16,One-hot encoded category from fitting_source_actual_step10: step16_targets.,False,none,
needs_sintering_check_later_step14__step16_targets,metadata,step16,One-hot encoded category from needs_sintering_check_later_step14: step16_targets.,False,none,
pf_error_level_sample_step15__step16_targets,metadata,step16,One-hot encoded category from pf_error_level_sample_step15: step16_targets.,False,none,
zt_obs_error_level_sample_step15__step16_targets,quality,step16,One-hot encoded category from zt_obs_error_level_sample_step15: step16_targets.,False,evaluation_leakage,
zt_calc_error_level_sample_step15__step16_targets,quality,step16,One-hot encoded category from zt_calc_error_level_sample_step15: step16_targets.,False,evaluation_leakage,
zt_error_direction_sample_step15__step16_targets,metadata,step16,One-hot encoded category from zt_error_direction_sample_step15: step16_targets.,False,none,
zt_error_analysis_note_step15__step16_targets,metadata,step16,One-hot encoded category from zt_error_analysis_note_step15: step16_targets.,False,none,
needs_manual_review_step15__step16_targets,metadata,step16,One-hot encoded category from needs_manual_review_step15: step16_targets.,False,none,
needs_sintering_check_later_step15__step16_targets,metadata,step16,One-hot encoded category from needs_sintering_check_later_step15: step16_targets.,False,none,
pf_zt_problem_reason_step15__step16_targets,quality,step16,One-hot encoded category from pf_zt_problem_reason_step15: step16_targets.,False,evaluation_leakage,
n_or_p_final_step17,categorical,step17,Final annotation value carried from Step17 when available.,False,none,
n_or_p_confidence_final_step17,categorical,step17,Final annotation value carried from Step17 when available.,False,none,
additive_final_step17,categorical,step17,Final annotation value carried from Step17 when available.,False,none,
additive_source_step17,categorical,step17,Column carried from step17.,False,none,
additive_confidence_final_step17,categorical,step17,Final annotation value carried from Step17 when available.,False,none,
structure_final_step17,categorical,step17,Final annotation value carried from Step17 when available.,False,none,
structure_source_step17,categorical,step17,Column carried from step17.,False,none,
structure_confidence_final_step17,categorical,step17,Final annotation value carried from Step17 when available.,False,none,
sintering_method_final_step17,categorical,step17,Final annotation value carried from Step17 when available.,False,none,
sintering_checked_final_step17,categorical,step17,Final annotation value carried from Step17 when available.,False,none,
paper_checked_step17,metadata,step17,Column carried from step17.,False,low,
manual_review_status_step17,metadata,step17,Column carried from step17.,False,low,
paper_check_date_step17,metadata,step17,Column carried from step17.,False,none,
paper_check_scope_step17,metadata,step17,Column carried from step17.,False,none,
n_or_p_basis_final_step17,metadata,step17,Final annotation value carried from Step17 when available.,False,none,
n_or_p_source_step17,metadata,step17,Column carried from step17.,False,none,
additive_paper_manual_step17,metadata,step17,Column carried from step17.,False,none,
structure_paper_manual_step17,metadata,step17,Column carried from step17.,False,none,
sintering_method_paper_manual_step17,metadata,step17,Column carried from step17.,False,none,
sintering_condition_paper_manual_step17,metadata,step17,Column carried from step17.,False,none,
sintering_condition_final_step17,metadata,step17,Final annotation value carried from Step17 when available.,False,none,
sintering_source_step17,categorical,step17,Column carried from step17.,False,none,
sintering_confidence_final_step17,categorical,step17,Final annotation value carried from Step17 when available.,False,none,
rare_metal_note_paper_step17,metadata,step17,Column carried from step17.,False,none,
toxicity_note_paper_step17,metadata,step17,Column carried from step17.,False,none,
manual_review_note_step17,metadata,step17,Column carried from step17.,False,none,
paper_check_note_step17,metadata,step17,Column carried from step17.,False,none,
additive_evidence_paper_step17,metadata,step17,Column carried from step17.,False,none,
additive_confidence_step17,metadata,step17,Column carried from step17.,False,none,
structure_evidence_paper_step17,metadata,step17,Column carried from step17.,False,none,
structure_confidence_step17,metadata,step17,Column carried from step17.,False,none,
np_type_paper_manual_step17,metadata,step17,Column carried from step17.,False,none,
np_basis_paper_manual_step17,metadata,step17,Column carried from step17.,False,none,
np_confidence_paper_step17,metadata,step17,Column carried from step17.,False,none,
sintering_evidence_paper_step17,metadata,step17,Column carried from step17.,False,none,
sintering_confidence_step17,metadata,step17,Column carried from step17.,False,none,
composition__step17_base,metadata,step17,One-hot encoded category from composition: step17_base.,False,none,
material_system__step17_base,metadata,step17,One-hot encoded category from material_system: step17_base.,False,none,
nanocarbon_keyword_detected_step9__step17_base,metadata,step17,One-hot encoded category from nanocarbon_keyword_detected_step9: step17_base.,False,none,
nanocarbon_type_auto_step9__step17_base,metadata,step17,One-hot encoded category from nanocarbon_type_auto_step9: step17_base.,False,none,
rare_metal_flag_auto_step9__step17_base,metadata,step17,One-hot encoded category from rare_metal_flag_auto_step9: step17_base.,False,none,
toxicity_flag_auto_step9__step17_base,metadata,step17,One-hot encoded category from toxicity_flag_auto_step9: step17_base.,False,none,
tau_eff_step12__step17_base,quality,step17,One-hot encoded category from tau_eff_step12: step17_base.,False,target_leakage,
log_tau_eff_step12__step17_base,quality,step17,One-hot encoded category from log_tau_eff_step12: step17_base.,False,target_leakage,
tau_eff_unit_step12__step17_base,metadata,step17,One-hot encoded category from tau_eff_unit_step12: step17_base.,False,none,
tau_eff_mode_step12__step17_base,metadata,step17,One-hot encoded category from tau_eff_mode_step12: step17_base.,False,none,
sigma_fit_log_rmse_step12__step17_base,quality,step17,One-hot encoded category from sigma_fit_log_rmse_step12: step17_base.,False,evaluation_leakage,
sigma_fit_mape_step12__step17_base,quality,step17,One-hot encoded category from sigma_fit_mape_step12: step17_base.,False,evaluation_leakage,
DOI__step17_base,metadata,step17,One-hot encoded category from DOI: step17_base.,False,none,
paper_title__step17_base,metadata,step17,One-hot encoded category from paper_title: step17_base.,False,none,
sample_id__step17_base,metadata,step17,One-hot encoded category from sample_id: step17_base.,False,none,
step17_review_priority_score__step17_base,metadata,step17,One-hot encoded category from step17_review_priority_score: step17_base.,False,none,
step17_review_priority_tier__step17_base,metadata,step17,One-hot encoded category from step17_review_priority_tier: step17_base.,False,none,
step17_review_reason__step17_base,metadata,step17,One-hot encoded category from step17_review_reason: step17_base.,False,none,
n_or_p__step17_base,metadata,step17,One-hot encoded category from n_or_p: step17_base.,False,none,
additive_auto_step9__step17_base,metadata,step17,One-hot encoded category from additive_auto_step9: step17_base.,False,none,
additive_manual_step9__step17_base,metadata,step17,One-hot encoded category from additive_manual_step9: step17_base.,False,none,
structure_auto_step9__step17_base,metadata,step17,One-hot encoded category from structure_auto_step9: step17_base.,False,none,
structure_manual_step9__step17_base,metadata,step17,One-hot encoded category from structure_manual_step9: step17_base.,False,none,
sintering_method__step17_base,metadata,step17,One-hot encoded category from sintering_method: step17_base.,False,none,
sintering_checked__step17_base,metadata,step17,One-hot encoded category from sintering_checked: step17_base.,False,none,
record_checked__step17_base,metadata,step17,One-hot encoded category from record_checked: step17_base.,False,none,
zt_obs_max_step14__step17_base,quality,step17,One-hot encoded category from zt_obs_max_step14: step17_base.,False,evaluation_leakage,
zt_pred_max_step14__step17_base,quality,step17,One-hot encoded category from zt_pred_max_step14: step17_base.,False,evaluation_leakage,
zt_pred_vs_obs_mape_step14__step17_base,quality,step17,One-hot encoded category from zt_pred_vs_obs_mape_step14: step17_base.,False,evaluation_leakage,
zt_pred_vs_calc_mape_step14__step17_base,quality,step17,One-hot encoded category from zt_pred_vs_calc_mape_step14: step17_base.,False,evaluation_leakage,
classification_case_step15__step17_base,metadata,step17,One-hot encoded category from classification_case_step15: step17_base.,False,none,
zt_error_analysis_category_step15__step17_base,metadata,step17,One-hot encoded category from zt_error_analysis_category_step15: step17_base.,False,none,
step17_check_additive__step17_base,metadata,step17,One-hot encoded category from step17_check_additive: step17_base.,False,none,
step17_check_structure__step17_base,metadata,step17,One-hot encoded category from step17_check_structure: step17_base.,False,none,
step17_check_np_type__step17_base,metadata,step17,One-hot encoded category from step17_check_np_type: step17_base.,False,none,
step17_check_sintering__step17_base,metadata,step17,One-hot encoded category from step17_check_sintering: step17_base.,False,none,
n_or_p_basis__step17_base,metadata,step17,One-hot encoded category from n_or_p_basis: step17_base.,False,none,
n_or_p_step6__step17_base,metadata,step17,One-hot encoded category from n_or_p_step6: step17_base.,False,none,
n_or_p_basis_step6__step17_base,metadata,step17,One-hot encoded category from n_or_p_basis_step6: step17_base.,False,none,
n_or_p_confidence_step6__step17_base,metadata,step17,One-hot encoded category from n_or_p_confidence_step6: step17_base.,False,none,
zt_calc_from_obs_max_step14__step17_base,quality,step17,One-hot encoded category from zt_calc_from_obs_max_step14: step17_base.,False,evaluation_leakage,
source_files_step16__step17_base,metadata,step17,One-hot encoded category from source_files_step16: step17_base.,False,none,
thresholds_in_high_zt_error_file_step15__step17_base,metadata,step17,One-hot encoded category from thresholds_in_high_zt_error_file_step15: step17_base.,False,none,
manual_review_priority_score_step15__step17_base,quality,step17,One-hot encoded category from manual_review_priority_score_step15: step17_base.,False,evaluation_leakage,
manual_review_priority_tier_step15__step17_base,metadata,step17,One-hot encoded category from manual_review_priority_tier_step15: step17_base.,False,none,
sintering_check_reason_step15__step17_base,metadata,step17,One-hot encoded category from sintering_check_reason_step15: step17_base.,False,none,
n_rows_step14__step17_base,metadata,step17,One-hot encoded category from n_rows_step14: step17_base.,False,none,
n_pf_eval_rows_step14__step17_base,metadata,step17,One-hot encoded category from n_pf_eval_rows_step14: step17_base.,False,none,
n_zt_calc_eval_rows_step14__step17_base,quality,step17,One-hot encoded category from n_zt_calc_eval_rows_step14: step17_base.,False,evaluation_leakage,
n_zt_obs_eval_rows_step14__step17_base,quality,step17,One-hot encoded category from n_zt_obs_eval_rows_step14: step17_base.,False,evaluation_leakage,
pf_mape_step14__step17_base,quality,step17,One-hot encoded category from pf_mape_step14: step17_base.,False,evaluation_leakage,
pf_log_rmse_step14__step17_base,quality,step17,One-hot encoded category from pf_log_rmse_step14: step17_base.,False,evaluation_leakage,
zt_pred_vs_calc_log_rmse_step14__step17_base,quality,step17,One-hot encoded category from zt_pred_vs_calc_log_rmse_step14: step17_base.,False,evaluation_leakage,
zt_pred_vs_obs_log_rmse_step14__step17_base,quality,step17,One-hot encoded category from zt_pred_vs_obs_log_rmse_step14: step17_base.,False,evaluation_leakage,
zt_pred_vs_obs_quality_step14__step17_base,quality,step17,One-hot encoded category from zt_pred_vs_obs_quality_step14: step17_base.,False,evaluation_leakage,
zt_pred_vs_calc_quality_step14__step17_base,quality,step17,One-hot encoded category from zt_pred_vs_calc_quality_step14: step17_base.,False,evaluation_leakage,
SID__step17_base,metadata,step17,One-hot encoded category from SID: step17_base.,False,none,
year__step17_base,metadata,step17,One-hot encoded category from year: step17_base.,False,none,
fitting_source_actual_step10__step17_base,metadata,step17,One-hot encoded category from fitting_source_actual_step10: step17_base.,False,none,
needs_sintering_check_later_step14__step17_base,metadata,step17,One-hot encoded category from needs_sintering_check_later_step14: step17_base.,False,none,
pf_error_level_sample_step15__step17_base,metadata,step17,One-hot encoded category from pf_error_level_sample_step15: step17_base.,False,none,
zt_obs_error_level_sample_step15__step17_base,quality,step17,One-hot encoded category from zt_obs_error_level_sample_step15: step17_base.,False,evaluation_leakage,
zt_calc_error_level_sample_step15__step17_base,quality,step17,One-hot encoded category from zt_calc_error_level_sample_step15: step17_base.,False,evaluation_leakage,
zt_error_direction_sample_step15__step17_base,metadata,step17,One-hot encoded category from zt_error_direction_sample_step15: step17_base.,False,none,
zt_error_analysis_note_step15__step17_base,metadata,step17,One-hot encoded category from zt_error_analysis_note_step15: step17_base.,False,none,
needs_manual_review_step15__step17_base,metadata,step17,One-hot encoded category from needs_manual_review_step15: step17_base.,False,none,
needs_sintering_check_later_step15__step17_base,metadata,step17,One-hot encoded category from needs_sintering_check_later_step15: step17_base.,False,none,
pf_zt_problem_reason_step15__step17_base,quality,step17,One-hot encoded category from pf_zt_problem_reason_step15: step17_base.,False,evaluation_leakage,
fit_status_step12__step17_base,metadata,step17,One-hot encoded category from fit_status_step12: step17_base.,False,none,
fit_note_step12__step17_base,metadata,step17,One-hot encoded category from fit_note_step12: step17_base.,False,none,
doi_url__step17_base,metadata,step17,One-hot encoded category from doi_url: step17_base.,False,none,
DOI__step17,metadata,step17,One-hot encoded category from DOI: step17.,False,none,
paper_title__step17,metadata,step17,One-hot encoded category from paper_title: step17.,False,none,
sample_id__step17,metadata,step17,One-hot encoded category from sample_id: step17.,False,none,
composition__step17,metadata,step17,One-hot encoded category from composition: step17.,False,none,
material_system__step17,metadata,step17,One-hot encoded category from material_system: step17.,False,none,
step17_review_priority_score__step17,metadata,step17,One-hot encoded category from step17_review_priority_score: step17.,False,none,
step17_review_priority_tier__step17,metadata,step17,One-hot encoded category from step17_review_priority_tier: step17.,False,none,
step17_review_reason__step17,metadata,step17,One-hot encoded category from step17_review_reason: step17.,False,none,
paper_checked_step17__step17,metadata,step17,One-hot encoded category from paper_checked_step17: step17.,False,none,
paper_check_date_step17__step17,metadata,step17,One-hot encoded category from paper_check_date_step17: step17.,False,none,
paper_check_scope_step17__step17,metadata,step17,One-hot encoded category from paper_check_scope_step17: step17.,False,none,
manual_review_status_step17__step17,metadata,step17,One-hot encoded category from manual_review_status_step17: step17.,False,none,
n_or_p__step17,metadata,step17,One-hot encoded category from n_or_p: step17.,False,none,
n_or_p_final_step17__step17,metadata,step17,One-hot encoded category from n_or_p_final_step17: step17.,False,none,
n_or_p_basis_final_step17__step17,metadata,step17,One-hot encoded category from n_or_p_basis_final_step17: step17.,False,none,
n_or_p_source_step17__step17,metadata,step17,One-hot encoded category from n_or_p_source_step17: step17.,False,none,
n_or_p_confidence_final_step17__step17,metadata,step17,One-hot encoded category from n_or_p_confidence_final_step17: step17.,False,none,
additive_auto_step9__step17,metadata,step17,One-hot encoded category from additive_auto_step9: step17.,False,none,
additive_manual_step9__step17,metadata,step17,One-hot encoded category from additive_manual_step9: step17.,False,none,
additive_paper_manual_step17__step17,metadata,step17,One-hot encoded category from additive_paper_manual_step17: step17.,False,none,
additive_final_step17__step17,metadata,step17,One-hot encoded category from additive_final_step17: step17.,False,none,
additive_source_step17__step17,metadata,step17,One-hot encoded category from additive_source_step17: step17.,False,none,
additive_confidence_final_step17__step17,metadata,step17,One-hot encoded category from additive_confidence_final_step17: step17.,False,none,
structure_auto_step9__step17,metadata,step17,One-hot encoded category from structure_auto_step9: step17.,False,none,
structure_manual_step9__step17,metadata,step17,One-hot encoded category from structure_manual_step9: step17.,False,none,
structure_paper_manual_step17__step17,metadata,step17,One-hot encoded category from structure_paper_manual_step17: step17.,False,none,
structure_final_step17__step17,metadata,step17,One-hot encoded category from structure_final_step17: step17.,False,none,
structure_source_step17__step17,metadata,step17,One-hot encoded category from structure_source_step17: step17.,False,none,
structure_confidence_final_step17__step17,metadata,step17,One-hot encoded category from structure_confidence_final_step17: step17.,False,none,
sintering_method__step17,metadata,step17,One-hot encoded category from sintering_method: step17.,False,none,
sintering_checked__step17,metadata,step17,One-hot encoded category from sintering_checked: step17.,False,none,
record_checked__step17,metadata,step17,One-hot encoded category from record_checked: step17.,False,none,
sintering_method_paper_manual_step17__step17,metadata,step17,One-hot encoded category from sintering_method_paper_manual_step17: step17.,False,none,
sintering_condition_paper_manual_step17__step17,metadata,step17,One-hot encoded category from sintering_condition_paper_manual_step17: step17.,False,none,
sintering_method_final_step17__step17,metadata,step17,One-hot encoded category from sintering_method_final_step17: step17.,False,none,
sintering_condition_final_step17__step17,metadata,step17,One-hot encoded category from sintering_condition_final_step17: step17.,False,none,
sintering_checked_final_step17__step17,metadata,step17,One-hot encoded category from sintering_checked_final_step17: step17.,False,none,
sintering_source_step17__step17,metadata,step17,One-hot encoded category from sintering_source_step17: step17.,False,none,
sintering_confidence_final_step17__step17,metadata,step17,One-hot encoded category from sintering_confidence_final_step17: step17.,False,none,
rare_metal_flag_auto_step9__step17,metadata,step17,One-hot encoded category from rare_metal_flag_auto_step9: step17.,False,none,
rare_metal_note_paper_step17__step17,metadata,step17,One-hot encoded category from rare_metal_note_paper_step17: step17.,False,none,
toxicity_flag_auto_step9__step17,metadata,step17,One-hot encoded category from toxicity_flag_auto_step9: step17.,False,none,
toxicity_note_paper_step17__step17,metadata,step17,One-hot encoded category from toxicity_note_paper_step17: step17.,False,none,
zt_obs_max_step14__step17,quality,step17,One-hot encoded category from zt_obs_max_step14: step17.,False,evaluation_leakage,
zt_pred_max_step14__step17,quality,step17,One-hot encoded category from zt_pred_max_step14: step17.,False,evaluation_leakage,
zt_pred_vs_obs_mape_step14__step17,quality,step17,One-hot encoded category from zt_pred_vs_obs_mape_step14: step17.,False,evaluation_leakage,
zt_pred_vs_calc_mape_step14__step17,quality,step17,One-hot encoded category from zt_pred_vs_calc_mape_step14: step17.,False,evaluation_leakage,
classification_case_step15__step17,metadata,step17,One-hot encoded category from classification_case_step15: step17.,False,none,
zt_error_analysis_category_step15__step17,metadata,step17,One-hot encoded category from zt_error_analysis_category_step15: step17.,False,none,
step17_check_additive__step17,metadata,step17,One-hot encoded category from step17_check_additive: step17.,False,none,
step17_check_structure__step17,metadata,step17,One-hot encoded category from step17_check_structure: step17.,False,none,
step17_check_np_type__step17,metadata,step17,One-hot encoded category from step17_check_np_type: step17.,False,none,
step17_check_sintering__step17,metadata,step17,One-hot encoded category from step17_check_sintering: step17.,False,none,
manual_review_note_step17__step17,metadata,step17,One-hot encoded category from manual_review_note_step17: step17.,False,none,
paper_check_note_step17__step17,metadata,step17,One-hot encoded category from paper_check_note_step17: step17.,False,none,
n_or_p_basis__step17,metadata,step17,One-hot encoded category from n_or_p_basis: step17.,False,none,
additive_evidence_paper_step17__step17,metadata,step17,One-hot encoded category from additive_evidence_paper_step17: step17.,False,none,
additive_confidence_step17__step17,metadata,step17,One-hot encoded category from additive_confidence_step17: step17.,False,none,
structure_evidence_paper_step17__step17,metadata,step17,One-hot encoded category from structure_evidence_paper_step17: step17.,False,none,
structure_confidence_step17__step17,metadata,step17,One-hot encoded category from structure_confidence_step17: step17.,False,none,
np_type_paper_manual_step17__step17,metadata,step17,One-hot encoded category from np_type_paper_manual_step17: step17.,False,none,
np_basis_paper_manual_step17__step17,metadata,step17,One-hot encoded category from np_basis_paper_manual_step17: step17.,False,none,
np_confidence_paper_step17__step17,metadata,step17,One-hot encoded category from np_confidence_paper_step17: step17.,False,none,
sintering_evidence_paper_step17__step17,metadata,step17,One-hot encoded category from sintering_evidence_paper_step17: step17.,False,none,
sintering_confidence_step17__step17,metadata,step17,One-hot encoded category from sintering_confidence_step17: step17.,False,none,
n_or_p_step6__step17,metadata,step17,One-hot encoded category from n_or_p_step6: step17.,False,none,
n_or_p_basis_step6__step17,metadata,step17,One-hot encoded category from n_or_p_basis_step6: step17.,False,none,
n_or_p_confidence_step6__step17,metadata,step17,One-hot encoded category from n_or_p_confidence_step6: step17.,False,none,
zt_calc_from_obs_max_step14__step17,quality,step17,One-hot encoded category from zt_calc_from_obs_max_step14: step17.,False,evaluation_leakage,
nanocarbon_keyword_detected_step9__step17,metadata,step17,One-hot encoded category from nanocarbon_keyword_detected_step9: step17.,False,none,
nanocarbon_type_auto_step9__step17,metadata,step17,One-hot encoded category from nanocarbon_type_auto_step9: step17.,False,none,
source_files_step16__step17,metadata,step17,One-hot encoded category from source_files_step16: step17.,False,none,
thresholds_in_high_zt_error_file_step15__step17,metadata,step17,One-hot encoded category from thresholds_in_high_zt_error_file_step15: step17.,False,none,
manual_review_priority_score_step15__step17,quality,step17,One-hot encoded category from manual_review_priority_score_step15: step17.,False,evaluation_leakage,
manual_review_priority_tier_step15__step17,metadata,step17,One-hot encoded category from manual_review_priority_tier_step15: step17.,False,none,
sintering_check_reason_step15__step17,metadata,step17,One-hot encoded category from sintering_check_reason_step15: step17.,False,none,
n_rows_step14__step17,metadata,step17,One-hot encoded category from n_rows_step14: step17.,False,none,
n_pf_eval_rows_step14__step17,metadata,step17,One-hot encoded category from n_pf_eval_rows_step14: step17.,False,none,
n_zt_calc_eval_rows_step14__step17,quality,step17,One-hot encoded category from n_zt_calc_eval_rows_step14: step17.,False,evaluation_leakage,
n_zt_obs_eval_rows_step14__step17,quality,step17,One-hot encoded category from n_zt_obs_eval_rows_step14: step17.,False,evaluation_leakage,
pf_mape_step14__step17,quality,step17,One-hot encoded category from pf_mape_step14: step17.,False,evaluation_leakage,
pf_log_rmse_step14__step17,quality,step17,One-hot encoded category from pf_log_rmse_step14: step17.,False,evaluation_leakage,
zt_pred_vs_calc_log_rmse_step14__step17,quality,step17,One-hot encoded category from zt_pred_vs_calc_log_rmse_step14: step17.,False,evaluation_leakage,
zt_pred_vs_obs_log_rmse_step14__step17,quality,step17,One-hot encoded category from zt_pred_vs_obs_log_rmse_step14: step17.,False,evaluation_leakage,
zt_pred_vs_obs_quality_step14__step17,quality,step17,One-hot encoded category from zt_pred_vs_obs_quality_step14: step17.,False,evaluation_leakage,
zt_pred_vs_calc_quality_step14__step17,quality,step17,One-hot encoded category from zt_pred_vs_calc_quality_step14: step17.,False,evaluation_leakage,
SID__step17,metadata,step17,One-hot encoded category from SID: step17.,False,none,
year__step17,metadata,step17,One-hot encoded category from year: step17.,False,none,
tau_eff_step12__step17,quality,step17,One-hot encoded category from tau_eff_step12: step17.,False,target_leakage,
tau_eff_unit_step12__step17,metadata,step17,One-hot encoded category from tau_eff_unit_step12: step17.,False,none,
tau_eff_mode_step12__step17,metadata,step17,One-hot encoded category from tau_eff_mode_step12: step17.,False,none,
fitting_source_actual_step10__step17,metadata,step17,One-hot encoded category from fitting_source_actual_step10: step17.,False,none,
needs_sintering_check_later_step14__step17,metadata,step17,One-hot encoded category from needs_sintering_check_later_step14: step17.,False,none,
pf_error_level_sample_step15__step17,metadata,step17,One-hot encoded category from pf_error_level_sample_step15: step17.,False,none,
zt_obs_error_level_sample_step15__step17,quality,step17,One-hot encoded category from zt_obs_error_level_sample_step15: step17.,False,evaluation_leakage,
zt_calc_error_level_sample_step15__step17,quality,step17,One-hot encoded category from zt_calc_error_level_sample_step15: step17.,False,evaluation_leakage,
zt_error_direction_sample_step15__step17,metadata,step17,One-hot encoded category from zt_error_direction_sample_step15: step17.,False,none,
zt_error_analysis_note_step15__step17,metadata,step17,One-hot encoded category from zt_error_analysis_note_step15: step17.,False,none,
needs_manual_review_step15__step17,metadata,step17,One-hot encoded category from needs_manual_review_step15: step17.,False,none,
needs_sintering_check_later_step15__step17,metadata,step17,One-hot encoded category from needs_sintering_check_later_step15: step17.,False,none,
pf_zt_problem_reason_step15__step17,quality,step17,One-hot encoded category from pf_zt_problem_reason_step15: step17.,False,evaluation_leakage,
doi_url__step17,metadata,step17,One-hot encoded category from doi_url: step17.,False,none,
material_system__best_candidates,metadata,merged_input,One-hot encoded category from material_system: best_candidates.,False,none,
n_or_p__best_candidates,metadata,merged_input,One-hot encoded category from n_or_p: best_candidates.,False,none,
composition__best_candidates,metadata,merged_input,One-hot encoded category from composition: best_candidates.,False,none,
DOI__best_candidates,metadata,merged_input,One-hot encoded category from DOI: best_candidates.,False,none,
paper_title__best_candidates,metadata,merged_input,One-hot encoded category from paper_title: best_candidates.,False,none,
zt_obs_max_step14__best_candidates,quality,step14,One-hot encoded category from zt_obs_max_step14: best_candidates.,False,evaluation_leakage,
zt_pred_max_step14__best_candidates,quality,step14,One-hot encoded category from zt_pred_max_step14: best_candidates.,False,evaluation_leakage,
zt_calc_from_obs_max_step14__best_candidates,quality,step14,One-hot encoded category from zt_calc_from_obs_max_step14: best_candidates.,False,evaluation_leakage,
pf_mape_step14__best_candidates,quality,step14,One-hot encoded category from pf_mape_step14: best_candidates.,False,evaluation_leakage,
zt_pred_vs_obs_mape_step14__best_candidates,quality,step14,One-hot encoded category from zt_pred_vs_obs_mape_step14: best_candidates.,False,evaluation_leakage,
zt_pred_vs_calc_mape_step14__best_candidates,quality,step14,One-hot encoded category from zt_pred_vs_calc_mape_step14: best_candidates.,False,evaluation_leakage,
tau_eff_step12__best_candidates,quality,step12,One-hot encoded category from tau_eff_step12: best_candidates.,False,target_leakage,
nanocarbon_keyword_detected_step9__best_candidates,metadata,step9,One-hot encoded category from nanocarbon_keyword_detected_step9: best_candidates.,False,none,
nanocarbon_type_auto_step9__best_candidates,metadata,step9,One-hot encoded category from nanocarbon_type_auto_step9: best_candidates.,False,none,
rare_metal_flag_auto_step9__best_candidates,metadata,step9,One-hot encoded category from rare_metal_flag_auto_step9: best_candidates.,False,none,
toxicity_flag_auto_step9__best_candidates,metadata,step9,One-hot encoded category from toxicity_flag_auto_step9: best_candidates.,False,none,
additive_auto_step9__best_candidates,metadata,step9,One-hot encoded category from additive_auto_step9: best_candidates.,False,none,
additive_manual_step9__best_candidates,metadata,step9,One-hot encoded category from additive_manual_step9: best_candidates.,False,none,
structure_auto_step9__best_candidates,metadata,step9,One-hot encoded category from structure_auto_step9: best_candidates.,False,none,
structure_manual_step9__best_candidates,metadata,step9,One-hot encoded category from structure_manual_step9: best_candidates.,False,none,
needs_manual_review_step15__best_candidates,metadata,step15,One-hot encoded category from needs_manual_review_step15: best_candidates.,False,none,
needs_sintering_check_later_step15__best_candidates,metadata,step15,One-hot encoded category from needs_sintering_check_later_step15: best_candidates.,False,none,
doi_url__best_candidates,metadata,merged_input,One-hot encoded category from doi_url: best_candidates.,False,none,
manual_review_note_step15,metadata,step15,Column carried from step15.,False,none,
manual_review_priority_score_step15__manual_candidates,quality,step15,One-hot encoded category from manual_review_priority_score_step15: manual_candidates.,False,evaluation_leakage,
manual_review_priority_tier_step15__manual_candidates,metadata,step15,One-hot encoded category from manual_review_priority_tier_step15: manual_candidates.,False,none,
zt_error_analysis_category_step15__manual_candidates,metadata,step15,One-hot encoded category from zt_error_analysis_category_step15: manual_candidates.,False,none,
material_system__manual_candidates,metadata,merged_input,One-hot encoded category from material_system: manual_candidates.,False,none,
n_or_p__manual_candidates,metadata,merged_input,One-hot encoded category from n_or_p: manual_candidates.,False,none,
composition__manual_candidates,metadata,merged_input,One-hot encoded category from composition: manual_candidates.,False,none,
DOI__manual_candidates,metadata,merged_input,One-hot encoded category from DOI: manual_candidates.,False,none,
paper_title__manual_candidates,metadata,merged_input,One-hot encoded category from paper_title: manual_candidates.,False,none,
zt_obs_max_step14__manual_candidates,quality,step14,One-hot encoded category from zt_obs_max_step14: manual_candidates.,False,evaluation_leakage,
zt_pred_max_step14__manual_candidates,quality,step14,One-hot encoded category from zt_pred_max_step14: manual_candidates.,False,evaluation_leakage,
zt_pred_vs_obs_mape_step14__manual_candidates,quality,step14,One-hot encoded category from zt_pred_vs_obs_mape_step14: manual_candidates.,False,evaluation_leakage,
zt_pred_vs_calc_mape_step14__manual_candidates,quality,step14,One-hot encoded category from zt_pred_vs_calc_mape_step14: manual_candidates.,False,evaluation_leakage,
classification_case_step15__manual_candidates,metadata,step15,One-hot encoded category from classification_case_step15: manual_candidates.,False,none,
nanocarbon_keyword_detected_step9__manual_candidates,metadata,step9,One-hot encoded category from nanocarbon_keyword_detected_step9: manual_candidates.,False,none,
rare_metal_flag_auto_step9__manual_candidates,metadata,step9,One-hot encoded category from rare_metal_flag_auto_step9: manual_candidates.,False,none,
toxicity_flag_auto_step9__manual_candidates,metadata,step9,One-hot encoded category from toxicity_flag_auto_step9: manual_candidates.,False,none,
additive_auto_step9__manual_candidates,metadata,step9,One-hot encoded category from additive_auto_step9: manual_candidates.,False,none,
additive_manual_step9__manual_candidates,metadata,step9,One-hot encoded category from additive_manual_step9: manual_candidates.,False,none,
structure_auto_step9__manual_candidates,metadata,step9,One-hot encoded category from structure_auto_step9: manual_candidates.,False,none,
structure_manual_step9__manual_candidates,metadata,step9,One-hot encoded category from structure_manual_step9: manual_candidates.,False,none,
needs_sintering_check_later_step15__manual_candidates,metadata,step15,One-hot encoded category from needs_sintering_check_later_step15: manual_candidates.,False,none,
sintering_check_reason_step15__manual_candidates,metadata,step15,One-hot encoded category from sintering_check_reason_step15: manual_candidates.,False,none,
doi_url__manual_candidates,metadata,merged_input,One-hot encoded category from doi_url: manual_candidates.,False,none,
n_rows_step14__sintering_candidates,metadata,step14,One-hot encoded category from n_rows_step14: sintering_candidates.,False,none,
n_pf_eval_rows_step14__sintering_candidates,metadata,step14,One-hot encoded category from n_pf_eval_rows_step14: sintering_candidates.,False,none,
n_zt_calc_eval_rows_step14__sintering_candidates,quality,step14,One-hot encoded category from n_zt_calc_eval_rows_step14: sintering_candidates.,False,evaluation_leakage,
n_zt_obs_eval_rows_step14__sintering_candidates,quality,step14,One-hot encoded category from n_zt_obs_eval_rows_step14: sintering_candidates.,False,evaluation_leakage,
pf_mape_step14__sintering_candidates,quality,step14,One-hot encoded category from pf_mape_step14: sintering_candidates.,False,evaluation_leakage,
pf_log_rmse_step14__sintering_candidates,quality,step14,One-hot encoded category from pf_log_rmse_step14: sintering_candidates.,False,evaluation_leakage,
zt_pred_vs_calc_mape_step14__sintering_candidates,quality,step14,One-hot encoded category from zt_pred_vs_calc_mape_step14: sintering_candidates.,False,evaluation_leakage,
zt_pred_vs_calc_log_rmse_step14__sintering_candidates,quality,step14,One-hot encoded category from zt_pred_vs_calc_log_rmse_step14: sintering_candidates.,False,evaluation_leakage,
zt_pred_vs_obs_mape_step14__sintering_candidates,quality,step14,One-hot encoded category from zt_pred_vs_obs_mape_step14: sintering_candidates.,False,evaluation_leakage,
zt_pred_vs_obs_log_rmse_step14__sintering_candidates,quality,step14,One-hot encoded category from zt_pred_vs_obs_log_rmse_step14: sintering_candidates.,False,evaluation_leakage,
zt_obs_max_step14__sintering_candidates,quality,step14,One-hot encoded category from zt_obs_max_step14: sintering_candidates.,False,evaluation_leakage,
zt_pred_max_step14__sintering_candidates,quality,step14,One-hot encoded category from zt_pred_max_step14: sintering_candidates.,False,evaluation_leakage,
zt_calc_from_obs_max_step14__sintering_candidates,quality,step14,One-hot encoded category from zt_calc_from_obs_max_step14: sintering_candidates.,False,evaluation_leakage,
zt_pred_vs_obs_quality_step14__sintering_candidates,quality,step14,One-hot encoded category from zt_pred_vs_obs_quality_step14: sintering_candidates.,False,evaluation_leakage,
zt_pred_vs_calc_quality_step14__sintering_candidates,quality,step14,One-hot encoded category from zt_pred_vs_calc_quality_step14: sintering_candidates.,False,evaluation_leakage,
SID__sintering_candidates,metadata,merged_input,One-hot encoded category from SID: sintering_candidates.,False,none,
DOI__sintering_candidates,metadata,merged_input,One-hot encoded category from DOI: sintering_candidates.,False,none,
sample_id__sintering_candidates,metadata,merged_input,One-hot encoded category from sample_id: sintering_candidates.,False,none,
paper_title__sintering_candidates,metadata,merged_input,One-hot encoded category from paper_title: sintering_candidates.,False,none,
year__sintering_candidates,metadata,merged_input,One-hot encoded category from year: sintering_candidates.,False,none,
composition__sintering_candidates,metadata,merged_input,One-hot encoded category from composition: sintering_candidates.,False,none,
material_system__sintering_candidates,metadata,merged_input,One-hot encoded category from material_system: sintering_candidates.,False,none,
n_or_p__sintering_candidates,metadata,merged_input,One-hot encoded category from n_or_p: sintering_candidates.,False,none,
n_or_p_basis__sintering_candidates,metadata,merged_input,One-hot encoded category from n_or_p_basis: sintering_candidates.,False,none,
n_or_p_step6__sintering_candidates,metadata,step6,One-hot encoded category from n_or_p_step6: sintering_candidates.,False,none,
n_or_p_basis_step6__sintering_candidates,metadata,step6,One-hot encoded category from n_or_p_basis_step6: sintering_candidates.,False,none,
n_or_p_confidence_step6__sintering_candidates,metadata,step6,One-hot encoded category from n_or_p_confidence_step6: sintering_candidates.,False,none,
sintering_method__sintering_candidates,metadata,merged_input,One-hot encoded category from sintering_method: sintering_candidates.,False,none,
sintering_checked__sintering_candidates,metadata,merged_input,One-hot encoded category from sintering_checked: sintering_candidates.,False,none,
record_checked__sintering_candidates,metadata,merged_input,One-hot encoded category from record_checked: sintering_candidates.,False,none,
additive_auto_step9__sintering_candidates,metadata,step9,One-hot encoded category from additive_auto_step9: sintering_candidates.,False,none,
additive_manual_step9__sintering_candidates,metadata,step9,One-hot encoded category from additive_manual_step9: sintering_candidates.,False,none,
structure_auto_step9__sintering_candidates,metadata,step9,One-hot encoded category from structure_auto_step9: sintering_candidates.,False,none,
structure_manual_step9__sintering_candidates,metadata,step9,One-hot encoded category from structure_manual_step9: sintering_candidates.,False,none,
nanocarbon_keyword_detected_step9__sintering_candidates,metadata,step9,One-hot encoded category from nanocarbon_keyword_detected_step9: sintering_candidates.,False,none,
nanocarbon_type_auto_step9__sintering_candidates,metadata,step9,One-hot encoded category from nanocarbon_type_auto_step9: sintering_candidates.,False,none,
rare_metal_flag_auto_step9__sintering_candidates,metadata,step9,One-hot encoded category from rare_metal_flag_auto_step9: sintering_candidates.,False,none,
toxicity_flag_auto_step9__sintering_candidates,metadata,step9,One-hot encoded category from toxicity_flag_auto_step9: sintering_candidates.,False,none,
tau_eff_step12__sintering_candidates,quality,step12,One-hot encoded category from tau_eff_step12: sintering_candidates.,False,target_leakage,
tau_eff_unit_step12__sintering_candidates,metadata,step12,One-hot encoded category from tau_eff_unit_step12: sintering_candidates.,False,none,
tau_eff_mode_step12__sintering_candidates,metadata,step12,One-hot encoded category from tau_eff_mode_step12: sintering_candidates.,False,none,
fitting_source_actual_step10__sintering_candidates,metadata,step10,One-hot encoded category from fitting_source_actual_step10: sintering_candidates.,False,none,
needs_sintering_check_later_step14__sintering_candidates,metadata,step14,One-hot encoded category from needs_sintering_check_later_step14: sintering_candidates.,False,none,
pf_error_level_sample_step15__sintering_candidates,metadata,step15,One-hot encoded category from pf_error_level_sample_step15: sintering_candidates.,False,none,
zt_obs_error_level_sample_step15__sintering_candidates,quality,step15,One-hot encoded category from zt_obs_error_level_sample_step15: sintering_candidates.,False,evaluation_leakage,
zt_calc_error_level_sample_step15__sintering_candidates,quality,step15,One-hot encoded category from zt_calc_error_level_sample_step15: sintering_candidates.,False,evaluation_leakage,
zt_error_direction_sample_step15__sintering_candidates,metadata,step15,One-hot encoded category from zt_error_direction_sample_step15: sintering_candidates.,False,none,
zt_error_analysis_category_step15__sintering_candidates,metadata,step15,One-hot encoded category from zt_error_analysis_category_step15: sintering_candidates.,False,none,
zt_error_analysis_note_step15__sintering_candidates,metadata,step15,One-hot encoded category from zt_error_analysis_note_step15: sintering_candidates.,False,none,
manual_review_priority_score_step15__sintering_candidates,quality,step15,One-hot encoded category from manual_review_priority_score_step15: sintering_candidates.,False,evaluation_leakage,
manual_review_priority_tier_step15__sintering_candidates,metadata,step15,One-hot encoded category from manual_review_priority_tier_step15: sintering_candidates.,False,none,
needs_manual_review_step15__sintering_candidates,metadata,step15,One-hot encoded category from needs_manual_review_step15: sintering_candidates.,False,none,
sintering_check_reason_step15__sintering_candidates,metadata,step15,One-hot encoded category from sintering_check_reason_step15: sintering_candidates.,False,none,
needs_sintering_check_later_step15__sintering_candidates,metadata,step15,One-hot encoded category from needs_sintering_check_later_step15: sintering_candidates.,False,none,
pf_zt_problem_reason_step15__sintering_candidates,quality,step15,One-hot encoded category from pf_zt_problem_reason_step15: sintering_candidates.,False,evaluation_leakage,
doi_url__sintering_candidates,metadata,merged_input,One-hot encoded category from doi_url: sintering_candidates.,False,none,
contains_C_step18,binary,step18_feature_matrix,Binary indicator that the composition contains the specified element.,True,none,
contains_Bi_step18,binary,step18_feature_matrix,Binary indicator that the composition contains the specified element.,True,none,
contains_Te_step18,binary,step18_feature_matrix,Binary indicator that the composition contains the specified element.,True,none,
contains_Se_step18,binary,step18_feature_matrix,Binary indicator that the composition contains the specified element.,True,none,
contains_Sb_step18,binary,step18_feature_matrix,Binary indicator that the composition contains the specified element.,True,none,
contains_Pb_step18,binary,step18_feature_matrix,Binary indicator that the composition contains the specified element.,True,none,
contains_Sn_step18,binary,step18_feature_matrix,Binary indicator that the composition contains the specified element.,True,none,
contains_Ge_step18,binary,step18_feature_matrix,Binary indicator that the composition contains the specified element.,True,none,
contains_Si_step18,binary,step18_feature_matrix,Binary indicator that the composition contains the specified element.,True,none,
contains_Mg_step18,binary,step18_feature_matrix,Binary indicator that the composition contains the specified element.,True,none,
contains_Co_step18,binary,step18_feature_matrix,Binary indicator that the composition contains the specified element.,True,none,
contains_Fe_step18,binary,step18_feature_matrix,Binary indicator that the composition contains the specified element.,True,none,
contains_Cu_step18,binary,step18_feature_matrix,Binary indicator that the composition contains the specified element.,True,none,
contains_Ag_step18,binary,step18_feature_matrix,Binary indicator that the composition contains the specified element.,True,none,
contains_In_step18,binary,step18_feature_matrix,Binary indicator that the composition contains the specified element.,True,none,
contains_Ga_step18,binary,step18_feature_matrix,Binary indicator that the composition contains the specified element.,True,none,
contains_Ca_step18,binary,step18_feature_matrix,Binary indicator that the composition contains the specified element.,True,none,
contains_Na_step18,binary,step18_feature_matrix,Binary indicator that the composition contains the specified element.,True,none,
contains_K_step18,binary,step18_feature_matrix,Binary indicator that the composition contains the specified element.,True,none,
contains_O_step18,binary,step18_feature_matrix,Binary indicator that the composition contains the specified element.,True,none,
contains_N_step18,binary,step18_feature_matrix,Binary indicator that the composition contains the specified element.,True,none,
has_chalcogen_step18,binary,step18_feature_matrix,Binary indicator for an element category detected from composition.,True,none,
has_pnictogen_step18,binary,step18_feature_matrix,Binary indicator for an element category detected from composition.,True,none,
has_transition_metal_step18,binary,step18_feature_matrix,Binary indicator for an element category detected from composition.,True,none,
has_alkali_or_alkaline_step18,binary,step18_feature_matrix,Binary indicator for an element category detected from composition.,True,none,
has_heavy_element_step18,binary,step18_feature_matrix,Binary indicator for an element category detected from composition.,True,none,
has_toxic_attention_element_step18,binary,step18_feature_matrix,Binary indicator for an element category detected from composition.,True,none,
has_rare_metal_attention_element_step18,binary,step18_feature_matrix,Binary indicator for an element category detected from composition.,True,none,
target_log_tau_eff_step18,target,step18,ML target based on log_tau_eff_step12.,False,target_leakage,
target_tau_eff_step18,target,step18,Original relative tau_eff target from Step12.,False,target_leakage,
target_available_step18,target,step18,Column carried from step18.,False,target_leakage,
target_quality_step18,target,step18,Column carried from step18.,False,target_leakage,
target_quality_note_step18,target,step18,Column carried from step18.,False,target_leakage,
use_for_tau_eff_ml_step18,quality,step18,Column carried from step18.,False,low,
ml_exclusion_reason_step18,quality,step18,Column carried from step18.,False,low,
elements_detected_step18,metadata,step18,Semicolon-separated list of elements detected from composition.,False,none,
element_count_step18,numeric,step18_feature_matrix,Number of unique elements detected from composition by regex.,True,none,
material_system__unknown,one_hot,step18_feature_matrix,One-hot encoded category from material_system: unknown.,True,none,
n_or_p_final_step17__n,one_hot,step18_feature_matrix,One-hot encoded category from n_or_p_final_step17: n.,True,none,
n_or_p_final_step17__p,one_hot,step18_feature_matrix,One-hot encoded category from n_or_p_final_step17: p.,True,none,
n_or_p__n,one_hot,step18_feature_matrix,One-hot encoded category from n_or_p: n.,True,none,
n_or_p__p,one_hot,step18_feature_matrix,One-hot encoded category from n_or_p: p.,True,none,
fitting_source_actual_step10__electrical_conductivity,one_hot,step18_feature_matrix,One-hot encoded category from fitting_source_actual_step10: electrical_conductivity.,True,none,
fitting_source_actual_step10__electrical_resistivity,one_hot,step18_feature_matrix,One-hot encoded category from fitting_source_actual_step10: electrical_resistivity.,True,none,
nanocarbon_type_auto_step9__cnt,one_hot,step18_feature_matrix,One-hot encoded category from nanocarbon_type_auto_step9: cnt.,True,none,
nanocarbon_type_auto_step9__fullerene,one_hot,step18_feature_matrix,One-hot encoded category from nanocarbon_type_auto_step9: fullerene.,True,none,
nanocarbon_type_auto_step9__graphene,one_hot,step18_feature_matrix,One-hot encoded category from nanocarbon_type_auto_step9: graphene.,True,none,
nanocarbon_type_auto_step9__unknown,one_hot,step18_feature_matrix,One-hot encoded category from nanocarbon_type_auto_step9: unknown.,True,none,
additive_final_step17__coated,one_hot,step18_feature_matrix,One-hot encoded category from additive_final_step17: coated.,True,none,
additive_final_step17__composite_nanocomposite,one_hot,step18_feature_matrix,One-hot encoded category from additive_final_step17: composite_nanocomposite.,True,none,
additive_final_step17__doped,one_hot,step18_feature_matrix,One-hot encoded category from additive_final_step17: doped.,True,none,
additive_final_step17__unknown,one_hot,step18_feature_matrix,One-hot encoded category from additive_final_step17: unknown.,True,none,
structure_final_step17__1d,one_hot,step18_feature_matrix,One-hot encoded category from structure_final_step17: 1d.,True,none,
structure_final_step17__2d,one_hot,step18_feature_matrix,One-hot encoded category from structure_final_step17: 2d.,True,none,
structure_final_step17__nanocomposite,one_hot,step18_feature_matrix,One-hot encoded category from structure_final_step17: nanocomposite.,True,none,
structure_final_step17__nanostructure,one_hot,step18_feature_matrix,One-hot encoded category from structure_final_step17: nanostructure.,True,none,
structure_final_step17__nanotube,one_hot,step18_feature_matrix,One-hot encoded category from structure_final_step17: nanotube.,True,none,
structure_final_step17__nanotube_thin_film_film,one_hot,step18_feature_matrix,One-hot encoded category from structure_final_step17: nanotube_thin_film_film.,True,none,
structure_final_step17__unknown,one_hot,step18_feature_matrix,One-hot encoded category from structure_final_step17: unknown.,True,none,
sintering_method_final_step17__unknown,one_hot,step18_feature_matrix,One-hot encoded category from sintering_method_final_step17: unknown.,True,none,
