summary_type,category,sample_count,top_example_sample_keys,top_example_compositions,note
material_system,unknown,3431,10.1038_ncomms4640__sample_25500; 10.1039_c3ta12764h__sample_1738; 10.1021_jacs.9b01889__sample_45439; 10.1002_anie.201605015__sample_15232; 10.1021_jacs.8b10448__sample_45159,Pb0.9975Sb0.0025Se; Bi0.5Sb1.5Te3; Pb0.9865Ga0.0125In0.001S; CsAg5Te3; (PbSe0.998Br0.002)98.62(Cu2Se)1.38,Step16 summary only; original records should be checked in Step17
n_or_p,p,2114,10.1039_c3ta12764h__sample_1738; 10.1002_anie.201605015__sample_15232; 10.1021_jacs.1c01801__sample_44411; 10.1038_nature13184__sample_31743; 10.1021_acsami.9b12256__sample_41044,Bi0.5Sb1.5Te3; CsAg5Te3; Cu0.8Ag0.2In0.4Ga0.6Te2; SnSe; (Cu2Te)0.11(Cu3.52In4.16Te8),Step16 summary only; original records should be checked in Step17
n_or_p,n,1317,10.1038_ncomms4640__sample_25500; 10.1021_jacs.9b01889__sample_45439; 10.1021_jacs.8b10448__sample_45159; 10.1021_jacs.8b10448__sample_45161; 10.1038_ncomms13713__sample_33474,Pb0.9975Sb0.0025Se; Pb0.9865Ga0.0125In0.001S; (PbSe0.998Br0.002)98.62(Cu2Se)1.38; (PbSe0.998Br0.002)95.88(Cu2Se)4.12; Sn0.94SeBi0.06,Step16 summary only; original records should be checked in Step17
sintering_check_reason_step15,high observed ZT; important candidate for paper; high predicted ZT,1163,10.1021_acs.chemmater.6b02308__sample_9547; 10.1016_j.jallcom.2014.02.060__sample_17486; 10.1021_acs.chemmater.7b04023__sample_31993; 10.1021_acs.chemmater.8b03994__sample_43365; 10.1016_j.jallcom.2014.02.060__sample_17487,Mg2.16(Si0.3Ge0.05Sn0.65)0.98Sb0.02; Zn3.85In0.15Sb3; Ge0.90Sb0.10Te; Yb0.25Co3.9Fe0.1Sb12; Zn3.82In0.18Sb3,Step16 summary only; original records should be checked in Step17
sintering_check_reason_step15,large ZT prediction error; important candidate for paper; carried from Step14,796,10.1007_s10853-020-05586-3__sample_40787; 10.1016_j.intermet.2009.07.011__sample_11093; 10.1021_jacs.5b00091__sample_7393; 10.1021_acsami.9b05470__sample_45841; 10.1039_c4ra04889j__sample_6410,Cu2.25Cd0.75SbSe4; CaCd2Sb2; PbTe0.1Se0.4S0.5; Bi2O2Se; Mg3Sb2,Step16 summary only; original records should be checked in Step17
sintering_check_reason_step15,high-ZT false positive; important candidate for paper; high predicted ZT; carried from Step14,630,10.1039_c3ta12764h__sample_1736; 10.1039_c3ta12764h__sample_1739; 10.1016_j.jmst.2021.01.097__sample_46366; 10.1016_j.actamat.2011.12.028__sample_3220; 10.1016_j.mssp.2021.105979__sample_45734,Bi0.5Sb1.5Te3; Bi0.5Sb1.5Te3; Ag1.97Pb0.03Te; In0.1Co4Sb12; Bi0.5Sb1.5Te3,Step16 summary only; original records should be checked in Step17
sintering_check_reason_step15,high observed ZT; high-ZT false negative; important candidate for paper; carried from Step14,359,10.1021_jacs.1c01801__sample_44411; 10.1038_nature13184__sample_31743; 10.1021_acsami.9b12256__sample_41044; 10.1039_d0ee02323j__sample_37115; 10.1038_ncomms13713__sample_33474,Cu0.8Ag0.2In0.4Ga0.6Te2; SnSe; (Cu2Te)0.11(Cu3.52In4.16Te8); Cu0.86Ag0.2In0.94Te2; Sn0.94SeBi0.06,Step16 summary only; original records should be checked in Step17
sintering_check_reason_step15,high observed ZT; important candidate for paper,207,10.1063_1.2811936__sample_3943; 10.1111_jace.13619__sample_13808; 10.1111_jace.13619__sample_13809; 10.1126_sciadv.aar5606__sample_40286; 10.7567_jjap.52.10mb06__sample_17469,Ba0.33Co4Sb12.16(C60)0.01; Bi2O2Se; Bi1.975O2Se; (Bi0.5Sb1.5Te3)79.21(Te)20.79; Zn3.9Sb3,Step16 summary only; original records should be checked in Step17
sintering_check_reason_step15,high predicted ZT,159,10.1021_acsaem.1c00632__sample_44403; 10.1063_1.4896520__sample_11489; 10.1039_c5ee01147g__sample_230; 10.1007_s11664-017-5607-5__sample_2547; 10.1039_c5ee01147g__sample_224,(GeTe)0.97(CuSbSe2)0.03; Cu1.94Al0.02Se; Pb1Te0.75S0.25Na0.06; Pb0.95Bi0.05Te; Pb1Te0.8S0.2Na0.06,Step16 summary only; original records should be checked in Step17
sintering_check_reason_step15,carried from Step14,52,10.1002_aenm.202100883__sample_44899; 10.1002_adfm.201602652__sample_19500; 10.1002_adfm.201806558__sample_79036; 10.1002_anie.201708134__sample_31721; 10.1063_1.4799643__sample_26848,(Ag0.2Cu0.795)2S0.7Se0.3; SnSe; BiSbSe3; GeAg0.05Sb0.05Se1.1; Bi0.825Mg0.175CuSeO,Step16 summary only; original records should be checked in Step17
sintering_check_reason_step15,high observed ZT; large ZT prediction error; important candidate for paper; high predicted ZT; carried from Step14,25,10.1038_ncomms4640__sample_25500; 10.1039_c3ta12764h__sample_1738; 10.1021_jacs.9b01889__sample_45439; 10.1002_anie.201605015__sample_15232; 10.1021_jacs.8b10448__sample_45159,Pb0.9975Sb0.0025Se; Bi0.5Sb1.5Te3; Pb0.9865Ga0.0125In0.001S; CsAg5Te3; (PbSe0.998Br0.002)98.62(Cu2Se)1.38,Step16 summary only; original records should be checked in Step17
sintering_check_reason_step15,high observed ZT,18,10.1021_nl3003045__sample_1351; 10.1039_c4cp00641k__sample_9328; 10.1088_1674-1056_21_1_017401__sample_39445; 10.1088_1674-1056_21_1_017401__sample_39446; 10.1088_1674-1056_21_1_017401__sample_39447,Si86.25Ge13.75P1.05; Mg2(Si0.3Sn0.7)0.98Bi0.02; Ba7.99Ga15.80Cu0.03Sn30.17; Ba7.98Ga15.81Cu0.06Sn30.18; Ba7.98Ga15.64Cu0.15Sn30.24,Step16 summary only; original records should be checked in Step17
sintering_check_reason_step15,large ZT prediction error; important candidate for paper,9,10.1021_cm404026k__sample_6667; 10.1016_j.jssc.2013.07.027__sample_14595; 10.1007_s11664-010-1477-9__sample_5752; 10.1007_s11664-010-1501-0__sample_12776; 10.1038_s41598-017-05428-4__sample_15699,Cu10Fe2Sb4S13; AgIn0.6Sb0.4Te2; CoSb3; Zr0.5Hf0.5Co0.9Ir0.1Sb0.99Sn0.01; Sb2Te3,Step16 summary only; original records should be checked in Step17
sintering_check_reason_step15,large ZT prediction error; important candidate for paper; high predicted ZT; carried from Step14,8,10.1021_acsami.6b15295__sample_3106; 10.1016_j.jallcom.2007.09.053__sample_15337; 10.1016_j.actamat.2011.12.028__sample_3219; 10.1063_1.2743816__sample_7438; 10.1063_1.2743816__sample_7440,Pb0.945Na0.015TeZn0.04; Pb0.78Sn0.22Ge0.005Te; In0.1Co4Sb12; (Pb)0.79(Bi0.4Sb1.6Te3)99.21; Bi0.4Sb1.6Te3,Step16 summary only; original records should be checked in Step17
sintering_check_reason_step15,high observed ZT; important candidate for paper; high predicted ZT; carried from Step14,5,10.1016_j.cej.2020.127795__sample_45811; 10.1038_ncomms9144__sample_20276; 10.1002_advs.201600035__sample_31642; 10.1016_j.cej.2020.127795__sample_45812; 10.1039_d2ra01546c__sample_56472,Sn0.91Mn0.07Bi0.02Te; FeNb0.88Hf0.12Sb; Fe1.05Nb0.75Ti0.25Sb; Sn0.9Mn0.07Bi0.03Te; (Cu2Se)98.89(CB4)1.11,Step16 summary only; original records should be checked in Step17
zt_error_analysis_category_step15,good_prediction,1108,10.1016_j.cej.2020.127795__sample_45811; 10.1038_ncomms9144__sample_20276; 10.1002_advs.201600035__sample_31642; 10.1016_j.cej.2020.127795__sample_45812; 10.1021_acs.chemmater.6b02308__sample_9547,Sn0.91Mn0.07Bi0.02Te; FeNb0.88Hf0.12Sb; Fe1.05Nb0.75Ti0.25Sb; Sn0.9Mn0.07Bi0.03Te; Mg2.16(Si0.3Ge0.05Sn0.65)0.98Sb0.02,Step16 summary only; original records should be checked in Step17
zt_error_analysis_category_step15,high_zt_false_positive,630,10.1039_c3ta12764h__sample_1736; 10.1039_c3ta12764h__sample_1739; 10.1016_j.jmst.2021.01.097__sample_46366; 10.1016_j.actamat.2011.12.028__sample_3220; 10.1016_j.mssp.2021.105979__sample_45734,Bi0.5Sb1.5Te3; Bi0.5Sb1.5Te3; Ag1.97Pb0.03Te; In0.1Co4Sb12; Bi0.5Sb1.5Te3,Step16 summary only; original records should be checked in Step17
zt_error_analysis_category_step15,sigma_related_error_likely,558,10.1038_ncomms4640__sample_25500; 10.1039_c3ta12764h__sample_1738; 10.1021_jacs.9b01889__sample_45439; 10.1002_anie.201605015__sample_15232; 10.1021_jacs.8b10448__sample_45159,Pb0.9975Sb0.0025Se; Bi0.5Sb1.5Te3; Pb0.9865Ga0.0125In0.001S; CsAg5Te3; (PbSe0.998Br0.002)98.62(Cu2Se)1.38,Step16 summary only; original records should be checked in Step17
zt_error_analysis_category_step15,high_zt_false_negative,359,10.1021_jacs.1c01801__sample_44411; 10.1038_nature13184__sample_31743; 10.1021_acsami.9b12256__sample_41044; 10.1039_d0ee02323j__sample_37115; 10.1038_ncomms13713__sample_33474,Cu0.8Ag0.2In0.4Ga0.6Te2; SnSe; (Cu2Te)0.11(Cu3.52In4.16Te8); Cu0.86Ag0.2In0.94Te2; Sn0.94SeBi0.06,Step16 summary only; original records should be checked in Step17
zt_error_analysis_category_step15,large_error_needs_review,280,10.1016_j.jallcom.2019.07.120__sample_39034; 10.1016_j.jallcom.2019.07.120__sample_39033; 10.1021_ja301245b__sample_31658; 10.1039_c7qi00304h__sample_45976; 10.1039_c7qi00304h__sample_45977,Ge0.99Bi0.01Te; GeTe; K0.0125Pb0.9875Te; (La0.8Ti0.1Ga0.1Fe3CoSb12)(Fe3Si)0.05; (La0.8Ti0.1Ga0.1Fe3CoSb12)(Fe3Si)0.1,Step16 summary only; original records should be checked in Step17
zt_error_analysis_category_step15,not_evaluated,271,10.1021_acs.chemmater.8b03994__sample_43365; 10.1016_j.jallcom.2014.02.060__sample_17487; 10.1016_j.jallcom.2010.03.170__sample_20831; 10.1021_acs.chemmater.6b02308__sample_9543; 10.1021_acs.chemmater.6b02308__sample_9540,Yb0.25Co3.9Fe0.1Sb12; Zn3.82In0.18Sb3; Ag0.87Sb1.13Te2.13; Mg2.16(Si0.25Ge0.05Sn0.7)0.98Sb0.02; Mg2.16(Si0.28Ge0.02Sn0.7)0.98Sb0.02,Step16 summary only; original records should be checked in Step17
zt_error_analysis_category_step15,missing_eval_data,225,10.1063_1.2811936__sample_3943; 10.1111_jace.13619__sample_13808; 10.1111_jace.13619__sample_13809; 10.1126_sciadv.aar5606__sample_40286; 10.7567_jjap.52.10mb06__sample_17469,Ba0.33Co4Sb12.16(C60)0.01; Bi2O2Se; Bi1.975O2Se; (Bi0.5Sb1.5Te3)79.21(Te)20.79; Zn3.9Sb3,Step16 summary only; original records should be checked in Step17
