rank_step25,sample_key,composition,material_system,n_or_p,review_priority_score,review_reason,primary_error_source_hypothesis,zt_obs_max,zt_pred_ML_max,candidate_tier,check_additive,check_structure,check_np_type,check_sintering,DOI,paper_title,doi_url
1,10.1016_j.jallcom.2021.160128__sample_46148,Cu1.9Sn0.1S,,p,190,observed ZT >= threshold; ML predicted ZT >= threshold; fitting predicted ZT >= threshold; low thermal conductivity; high observed electrical conductivity; high ML predicted electrical conductivity; low kappa and high sigma; rare metal attention elements not detected; toxicity attention elements not detected; balanced recommended candidate,,1.226114,2.3387861560045864,A,,,,,10.1016/j.jallcom.2021.160128,,https://doi.org/10.1016/j.jallcom.2021.160128
2,10.1016_j.jallcom.2021.160128__sample_46150,Cu1.8Sn0.1Mn0.1S,,p,190,observed ZT >= threshold; ML predicted ZT >= threshold; fitting predicted ZT >= threshold; low thermal conductivity; high observed electrical conductivity; high ML predicted electrical conductivity; low kappa and high sigma; rare metal attention elements not detected; toxicity attention elements not detected; balanced recommended candidate,,1.387308,1.7706796107025944,A,,,,,10.1016/j.jallcom.2021.160128,,https://doi.org/10.1016/j.jallcom.2021.160128
3,10.1016_j.jallcom.2021.160128__sample_46149,Cu1.9Mn0.1S,,p,190,observed ZT >= threshold; ML predicted ZT >= threshold; fitting predicted ZT >= threshold; low thermal conductivity; high observed electrical conductivity; high ML predicted electrical conductivity; low kappa and high sigma; rare metal attention elements not detected; toxicity attention elements not detected; balanced recommended candidate,,1.633132,3.78057078794485,A,,,,,10.1016/j.jallcom.2021.160128,,https://doi.org/10.1016/j.jallcom.2021.160128
4,10.34133_2020_5016564__sample_38162,(Ca0.5Ba0.5)0.995Na0.005Mg2Bi1.98,,p,165,observed ZT >= threshold; ML predicted ZT >= threshold; fitting predicted ZT >= threshold; low thermal conductivity; high observed electrical conductivity; high ML predicted electrical conductivity; low kappa and high sigma; toxicity attention elements not detected; balanced recommended candidate,,1.098392,1.095714030185831,A,,,,,10.34133/2020/5016564,,https://doi.org/10.34133/2020/5016564
5,10.1016_j.scriptamat.2013.07.008__sample_9401,Mg2Si0.53Sn0.4Ge0.05Bi0.02,,n,165,observed ZT >= threshold; ML predicted ZT >= threshold; fitting predicted ZT >= threshold; low thermal conductivity; high observed electrical conductivity; high ML predicted electrical conductivity; low kappa and high sigma; toxicity attention elements not detected; balanced recommended candidate,,1.25758,2.3238648071208687,A,,,,,10.1016/j.scriptamat.2013.07.008,,https://doi.org/10.1016/j.scriptamat.2013.07.008
6,10.1016_j.jallcom.2018.10.209__sample_40339,Mn30.4Re6.0Si63.6,,p,165,observed ZT >= threshold; ML predicted ZT >= threshold; fitting predicted ZT >= threshold; low thermal conductivity; high observed electrical conductivity; high ML predicted electrical conductivity; low kappa and high sigma; toxicity attention elements not detected; balanced recommended candidate,,1.041284,1.9672919949588976,A,,,,,10.1016/j.jallcom.2018.10.209,,https://doi.org/10.1016/j.jallcom.2018.10.209
7,10.1016_j.actamat.2014.04.060__sample_5411,Mg2Si0.5325Sn0.4Ge0.05Bi0.0175,,n,165,observed ZT >= threshold; ML predicted ZT >= threshold; fitting predicted ZT >= threshold; low thermal conductivity; high observed electrical conductivity; high ML predicted electrical conductivity; low kappa and high sigma; toxicity attention elements not detected; balanced recommended candidate,,1.049228,1.67276135742457,A,,,,,10.1016/j.actamat.2014.04.060,,https://doi.org/10.1016/j.actamat.2014.04.060
8,10.1002_adma.201400515__sample_7654,Cu1.97S,unknown,p,165,observed ZT >= threshold; ML predicted ZT >= threshold; low thermal conductivity; high observed electrical conductivity; high ML predicted electrical conductivity; low kappa and high sigma; rare metal attention elements not detected; toxicity attention elements not detected; balanced recommended candidate,not_evaluable,1.553548,1.0534731725036417,A,True,True,,True,10.1002/adma.201400515,,https://doi.org/10.1002/adma.201400515
9,10.1002_aenm.202000757__sample_86394,,,p,165,observed ZT >= threshold; fitting predicted ZT >= threshold; low thermal conductivity; high observed electrical conductivity; high ML predicted electrical conductivity; low kappa and high sigma; rare metal attention elements not detected; toxicity attention elements not detected; balanced recommended candidate,,1.666,0.8943836358539833,A,,,,,10.1002/aenm.202000757,,https://doi.org/10.1002/aenm.202000757
10,10.1016_j.matpr.2019.02.050__sample_39203,Fe0.92Mn0.08Si2,,p,150,ML predicted ZT >= threshold; fitting predicted ZT >= threshold; low thermal conductivity; high observed electrical conductivity; high ML predicted electrical conductivity; low kappa and high sigma; rare metal attention elements not detected; toxicity attention elements not detected; balanced recommended candidate,,0.01587496,192.0175612336544,A,,,,,10.1016/j.matpr.2019.02.050,,https://doi.org/10.1016/j.matpr.2019.02.050
11,10.1039_d1ta02812j__sample_45509,(Cu2SnS3)0.95(CuCo2S4)0.05,,p,150,ML predicted ZT >= threshold; fitting predicted ZT >= threshold; low thermal conductivity; high observed electrical conductivity; high ML predicted electrical conductivity; low kappa and high sigma; rare metal attention elements not detected; toxicity attention elements not detected; balanced recommended candidate,,0.833967,1.0026132364755127,A,,,,,10.1039/d1ta02812j,,https://doi.org/10.1039/d1ta02812j
12,10.1016_j.matpr.2019.02.050__sample_39204,Fe0.97Co0.03Si2,,n,150,ML predicted ZT >= threshold; fitting predicted ZT >= threshold; low thermal conductivity; high observed electrical conductivity; high ML predicted electrical conductivity; low kappa and high sigma; rare metal attention elements not detected; toxicity attention elements not detected; balanced recommended candidate,,0.1220138,162.25058569124332,A,,,,,10.1016/j.matpr.2019.02.050,,https://doi.org/10.1016/j.matpr.2019.02.050
13,10.1039_c5ta01667c__sample_7223,Cu2S,,p,150,ML predicted ZT >= threshold; fitting predicted ZT >= threshold; low thermal conductivity; high observed electrical conductivity; high ML predicted electrical conductivity; low kappa and high sigma; rare metal attention elements not detected; toxicity attention elements not detected; balanced recommended candidate,,0.1255448,12.581094759012558,A,,,,,10.1039/c5ta01667c,,https://doi.org/10.1039/c5ta01667c
14,10.1126_science.aax5123__sample_43815,SnS,,p,150,ML predicted ZT >= threshold; fitting predicted ZT >= threshold; low thermal conductivity; high observed electrical conductivity; high ML predicted electrical conductivity; low kappa and high sigma; rare metal attention elements not detected; toxicity attention elements not detected; balanced recommended candidate,,0.9057971,11.6978842308508,A,,,,,10.1126/science.aax5123,,https://doi.org/10.1126/science.aax5123
15,10.1016_j.mssp.2019.104848__sample_34636,Cu1.8Na0.038S1.019,,p,150,ML predicted ZT >= threshold; fitting predicted ZT >= threshold; low thermal conductivity; high observed electrical conductivity; high ML predicted electrical conductivity; low kappa and high sigma; rare metal attention elements not detected; toxicity attention elements not detected; balanced recommended candidate,,0.7666856,1.1137024950652077,A,,,,,10.1016/j.mssp.2019.104848,,https://doi.org/10.1016/j.mssp.2019.104848
16,10.1039_c4ta01380h__sample_82195,ZrNiSn,,n,150,ML predicted ZT >= threshold; fitting predicted ZT >= threshold; low thermal conductivity; high observed electrical conductivity; high ML predicted electrical conductivity; low kappa and high sigma; rare metal attention elements not detected; toxicity attention elements not detected; balanced recommended candidate,,0.183,361.1011628531853,A,,,,,10.1039/c4ta01380h,,https://doi.org/10.1039/c4ta01380h
17,10.1039_c4ta01380h__sample_82196,Zr9Ni7Sn8,,n,150,ML predicted ZT >= threshold; fitting predicted ZT >= threshold; low thermal conductivity; high observed electrical conductivity; high ML predicted electrical conductivity; low kappa and high sigma; rare metal attention elements not detected; toxicity attention elements not detected; balanced recommended candidate,,0.3214,101.95067880831938,A,,,,,10.1039/c4ta01380h,,https://doi.org/10.1039/c4ta01380h
18,10.1039_c5ta01667c__sample_7224,Cu1.97S,,p,145,observed ZT >= threshold; ML predicted ZT >= threshold; low thermal conductivity; high ML predicted electrical conductivity; low kappa and high sigma; rare metal attention elements not detected; toxicity attention elements not detected; balanced recommended candidate,,1.89418,6.02044003986307,A,,,,,10.1039/c5ta01667c,,https://doi.org/10.1039/c5ta01667c
19,10.1109_ict.2005.1519880__sample_24217,TiO1.1,,p,145,observed ZT >= threshold; ML predicted ZT >= threshold; low thermal conductivity; high ML predicted electrical conductivity; low kappa and high sigma; rare metal attention elements not detected; toxicity attention elements not detected; balanced recommended candidate,,1.543128,1.2277392673317538,A,,,,,10.1109/ict.2005.1519880,,https://doi.org/10.1109/ict.2005.1519880
20,10.34133_2020_5016564__sample_38161,(Ca0.75Ba0.25)0.995Na0.005Mg2Bi1.98,,p,140,observed ZT >= threshold; fitting predicted ZT >= threshold; low thermal conductivity; high observed electrical conductivity; high ML predicted electrical conductivity; low kappa and high sigma; toxicity attention elements not detected; balanced recommended candidate,,1.17717,0.8331242222192882,A,,,,,10.34133/2020/5016564,,https://doi.org/10.34133/2020/5016564
21,10.1039_c4ee02428a__sample_6759,(Cu8S4)0.8(Cu5Fe2S4)0.2,,p,140,observed ZT >= threshold; low thermal conductivity; high observed electrical conductivity; high ML predicted electrical conductivity; low kappa and high sigma; rare metal attention elements not detected; toxicity attention elements not detected; balanced recommended candidate,,1.190178,,A,,,,,10.1039/c4ee02428a,,https://doi.org/10.1039/c4ee02428a
22,10.1063_1.2163979__sample_2240,Ba8Ga16Ge30,,n,140,observed ZT >= threshold; fitting predicted ZT >= threshold; low thermal conductivity; high observed electrical conductivity; high ML predicted electrical conductivity; low kappa and high sigma; toxicity attention elements not detected; balanced recommended candidate,,1.12547,0.6654664573695621,A,,,,,10.1063/1.2163979,,https://doi.org/10.1063/1.2163979
23,10.1021_acsaem.7b00128__sample_45664,Mg2Si0.4Sn0.6,,n,140,observed ZT >= threshold; ML predicted ZT >= threshold; fitting predicted ZT >= threshold; high observed electrical conductivity; high ML predicted electrical conductivity; rare metal attention elements not detected; toxicity attention elements not detected; balanced recommended candidate,,1.377019,1.0556650258862084,A,,,,,10.1021/acsaem.7b00128,,https://doi.org/10.1021/acsaem.7b00128
24,10.34133_2020_5016564__sample_38160,Ca0.995Na0.005Mg2Bi1.98,,p,140,observed ZT >= threshold; fitting predicted ZT >= threshold; low thermal conductivity; high observed electrical conductivity; high ML predicted electrical conductivity; low kappa and high sigma; toxicity attention elements not detected; balanced recommended candidate,,1.026367,0.7971103550455412,A,,,,,10.34133/2020/5016564,,https://doi.org/10.34133/2020/5016564
25,10.1016_j.jallcom.2016.09.231__sample_2415,K6Ba18Ga40Sn96,,n,140,observed ZT >= threshold; fitting predicted ZT >= threshold; low thermal conductivity; high observed electrical conductivity; high ML predicted electrical conductivity; low kappa and high sigma; toxicity attention elements not detected; balanced recommended candidate,,1.160118,0.8683862984672523,A,,,,,10.1016/j.jallcom.2016.09.231,,https://doi.org/10.1016/j.jallcom.2016.09.231
26,10.1021_ja306527n__sample_252,Pb0.975Na0.025Zn0.04S1.04,,p,135,observed ZT >= threshold; ML predicted ZT >= threshold; fitting predicted ZT >= threshold; low thermal conductivity; high observed electrical conductivity; high ML predicted electrical conductivity; low kappa and high sigma; rare metal attention elements not detected,,1.134753,1.8699566591884729,A,,,,,10.1021/ja306527n,,https://doi.org/10.1021/ja306527n
27,10.1002_adfm.202102185__sample_45228,Pb0.99Cu0.01SCu0.01,,p,135,observed ZT >= threshold; ML predicted ZT >= threshold; fitting predicted ZT >= threshold; low thermal conductivity; high observed electrical conductivity; high ML predicted electrical conductivity; low kappa and high sigma; rare metal attention elements not detected,,1.16774,2.528359088669635,A,,,,,10.1002/adfm.202102185,,https://doi.org/10.1002/adfm.202102185
28,10.1021_ja306527n__sample_242,Pb0.975Na0.025Cd0.03S1.03,,p,135,observed ZT >= threshold; ML predicted ZT >= threshold; fitting predicted ZT >= threshold; low thermal conductivity; high observed electrical conductivity; high ML predicted electrical conductivity; low kappa and high sigma; rare metal attention elements not detected,,1.295793,1.5509841426864386,A,,,,,10.1021/ja306527n,,https://doi.org/10.1021/ja306527n
29,10.1021_ja306527n__sample_171,Pb0.975Na0.025Zn0.02S1.02,,p,135,observed ZT >= threshold; ML predicted ZT >= threshold; fitting predicted ZT >= threshold; low thermal conductivity; high observed electrical conductivity; high ML predicted electrical conductivity; low kappa and high sigma; rare metal attention elements not detected,,1.053225,1.2745657871238698,A,,,,,10.1021/ja306527n,,https://doi.org/10.1021/ja306527n
30,10.1021_ja306527n__sample_156,Pb0.975Na0.025Zn0.03S1.03,,p,135,observed ZT >= threshold; ML predicted ZT >= threshold; fitting predicted ZT >= threshold; low thermal conductivity; high observed electrical conductivity; high ML predicted electrical conductivity; low kappa and high sigma; rare metal attention elements not detected,,1.188537,1.590152458338557,A,,,,,10.1021/ja306527n,,https://doi.org/10.1021/ja306527n
31,10.1021_jacs.0c00306__sample_34999,Pb0.98Sn0.02S,,n,135,observed ZT >= threshold; ML predicted ZT >= threshold; fitting predicted ZT >= threshold; low thermal conductivity; high observed electrical conductivity; high ML predicted electrical conductivity; low kappa and high sigma; rare metal attention elements not detected,,1.063107,2.010939304575152,A,,,,,10.1021/jacs.0c00306,,https://doi.org/10.1021/jacs.0c00306
32,10.1021_ja301772w__sample_7383,Pb0.975Na0.025S(SrS)0.03,,p,135,observed ZT >= threshold; ML predicted ZT >= threshold; fitting predicted ZT >= threshold; low thermal conductivity; high observed electrical conductivity; high ML predicted electrical conductivity; low kappa and high sigma; rare metal attention elements not detected,,1.223766,1.4278858430713477,A,,,,,10.1021/ja301772w,,https://doi.org/10.1021/ja301772w
33,10.1021_ja301772w__sample_7370,Pb0.975Na0.025S(SrS)0.03,,p,135,observed ZT >= threshold; ML predicted ZT >= threshold; fitting predicted ZT >= threshold; low thermal conductivity; high observed electrical conductivity; high ML predicted electrical conductivity; low kappa and high sigma; rare metal attention elements not detected,,1.129997,1.4176366186791634,A,,,,,10.1021/ja301772w,,https://doi.org/10.1021/ja301772w
34,10.1021_ja306527n__sample_357,Pb0.975Na0.025Cd0.02S1.02,,p,135,observed ZT >= threshold; ML predicted ZT >= threshold; fitting predicted ZT >= threshold; low thermal conductivity; high observed electrical conductivity; high ML predicted electrical conductivity; low kappa and high sigma; rare metal attention elements not detected,,1.180259,1.2082381209198672,A,,,,,10.1021/ja306527n,,https://doi.org/10.1021/ja306527n
35,10.1021_ja306527n__sample_418,Pb0.975Na0.025Cd0.01S1.01,,p,135,observed ZT >= threshold; ML predicted ZT >= threshold; fitting predicted ZT >= threshold; low thermal conductivity; high observed electrical conductivity; high ML predicted electrical conductivity; low kappa and high sigma; rare metal attention elements not detected,,1.06246,1.0381295663381458,A,,,,,10.1021/ja306527n,,https://doi.org/10.1021/ja306527n
36,10.1021_ja306527n__sample_155,Pb0.975Na0.025Sr0.03S1.03,,p,135,observed ZT >= threshold; ML predicted ZT >= threshold; fitting predicted ZT >= threshold; low thermal conductivity; high observed electrical conductivity; high ML predicted electrical conductivity; low kappa and high sigma; rare metal attention elements not detected,,1.145823,1.519300475681221,A,,,,,10.1021/ja306527n,,https://doi.org/10.1021/ja306527n
37,10.1021_jacs.0c00306__sample_35000,Pb0.96Sn0.04S,,n,135,observed ZT >= threshold; ML predicted ZT >= threshold; fitting predicted ZT >= threshold; low thermal conductivity; high observed electrical conductivity; high ML predicted electrical conductivity; low kappa and high sigma; rare metal attention elements not detected,,1.048544,1.5825840331174523,A,,,,,10.1021/jacs.0c00306,,https://doi.org/10.1021/jacs.0c00306
38,10.1016_j.jssc.2019.120995__sample_44203,(PbS)0.96(SrS)0.03(PbCl2)0.01,,n,135,observed ZT >= threshold; ML predicted ZT >= threshold; fitting predicted ZT >= threshold; low thermal conductivity; high observed electrical conductivity; high ML predicted electrical conductivity; low kappa and high sigma; rare metal attention elements not detected,,1.100894,1.4212436642684587,A,,,,,10.1016/j.jssc.2019.120995,,https://doi.org/10.1016/j.jssc.2019.120995
39,10.1021_jacs.0c00306__sample_35001,Pb0.94Sn0.06S,,n,135,observed ZT >= threshold; ML predicted ZT >= threshold; fitting predicted ZT >= threshold; low thermal conductivity; high observed electrical conductivity; high ML predicted electrical conductivity; low kappa and high sigma; rare metal attention elements not detected,,1.065011,2.3122242290115014,A,,,,,10.1021/jacs.0c00306,,https://doi.org/10.1021/jacs.0c00306
40,10.1016_j.jssc.2019.120995__sample_44189,(PbS)0.96(CaS)0.03(PbCl2)0.01,,n,135,observed ZT >= threshold; ML predicted ZT >= threshold; fitting predicted ZT >= threshold; low thermal conductivity; high observed electrical conductivity; high ML predicted electrical conductivity; low kappa and high sigma; rare metal attention elements not detected,,1.146078,2.152796976548768,A,,,,,10.1016/j.jssc.2019.120995,,https://doi.org/10.1016/j.jssc.2019.120995
41,10.1016_j.jssc.2019.120995__sample_44190,(PbS)0.95(CaS)0.04(PbCl2)0.01,,n,135,observed ZT >= threshold; ML predicted ZT >= threshold; fitting predicted ZT >= threshold; low thermal conductivity; high observed electrical conductivity; high ML predicted electrical conductivity; low kappa and high sigma; rare metal attention elements not detected,,1.098858,2.17122643100404,A,,,,,10.1016/j.jssc.2019.120995,,https://doi.org/10.1016/j.jssc.2019.120995
42,10.1016_j.jssc.2019.120995__sample_44202,(PbS)0.97(SrS)0.02(PbCl2)0.01,,n,135,observed ZT >= threshold; ML predicted ZT >= threshold; fitting predicted ZT >= threshold; low thermal conductivity; high observed electrical conductivity; high ML predicted electrical conductivity; low kappa and high sigma; rare metal attention elements not detected,,1.047776,2.070770289907011,A,,,,,10.1016/j.jssc.2019.120995,,https://doi.org/10.1016/j.jssc.2019.120995
43,10.1021_ja301772w__sample_7384,Pb0.975Na0.025S(CaS)0.03,,p,135,observed ZT >= threshold; ML predicted ZT >= threshold; fitting predicted ZT >= threshold; low thermal conductivity; high observed electrical conductivity; high ML predicted electrical conductivity; low kappa and high sigma; rare metal attention elements not detected,,1.153547,1.4762784009830654,A,,,,,10.1021/ja301772w,,https://doi.org/10.1021/ja301772w
44,10.1002_adfm.202102185__sample_45240,Pb0.995Cu0.005SCu0.005,,p,135,observed ZT >= threshold; ML predicted ZT >= threshold; fitting predicted ZT >= threshold; low thermal conductivity; high observed electrical conductivity; high ML predicted electrical conductivity; low kappa and high sigma; rare metal attention elements not detected,,1.037244,1.962887781593112,A,,,,,10.1002/adfm.202102185,,https://doi.org/10.1002/adfm.202102185
45,10.1016_j.jeurceramsoc.2018.03.046__sample_42392,PbCl0.015S0.985,,n,135,observed ZT >= threshold; ML predicted ZT >= threshold; fitting predicted ZT >= threshold; low thermal conductivity; high observed electrical conductivity; high ML predicted electrical conductivity; low kappa and high sigma; rare metal attention elements not detected,,1.039799,1.5898497147831312,A,,,,,10.1016/j.jeurceramsoc.2018.03.046,,https://doi.org/10.1016/j.jeurceramsoc.2018.03.046
46,10.1021_ja306527n__sample_278,Pb0.975Na0.025Cd0.04S1.04,,p,135,observed ZT >= threshold; ML predicted ZT >= threshold; fitting predicted ZT >= threshold; low thermal conductivity; high observed electrical conductivity; high ML predicted electrical conductivity; low kappa and high sigma; rare metal attention elements not detected,,1.119094,1.8612327104351432,A,,,,,10.1021/ja306527n,,https://doi.org/10.1021/ja306527n
47,10.1016_j.jeurceramsoc.2018.03.046__sample_42391,PbCl0.01S0.99,,n,135,observed ZT >= threshold; ML predicted ZT >= threshold; fitting predicted ZT >= threshold; low thermal conductivity; high observed electrical conductivity; high ML predicted electrical conductivity; low kappa and high sigma; rare metal attention elements not detected,,1.007132,1.4493200455270854,A,,,,,10.1016/j.jeurceramsoc.2018.03.046,,https://doi.org/10.1016/j.jeurceramsoc.2018.03.046
48,10.1021_acs.chemmater.7b04023__sample_31997,Ge0.88Bi0.02Sb0.10Te,unknown,p,130,observed ZT >= threshold; ML predicted ZT >= threshold; fitting predicted ZT >= threshold; low thermal conductivity; high observed electrical conductivity; high ML predicted electrical conductivity; low kappa and high sigma; balanced recommended candidate,insufficient_material_features,1.373585,1.664937698353403,A,True,True,,True,10.1021/acs.chemmater.7b04023,,https://doi.org/10.1021/acs.chemmater.7b04023
49,10.1039_c1jm10163c__sample_8149,Cu0.07Bi2Te3,unknown,n,130,observed ZT >= threshold; ML predicted ZT >= threshold; fitting predicted ZT >= threshold; low thermal conductivity; high observed electrical conductivity; high ML predicted electrical conductivity; low kappa and high sigma; balanced recommended candidate,material_system_out_of_distribution,1.152324,1.2537657871502708,A,True,True,,True,10.1039/c1jm10163c,,https://doi.org/10.1039/c1jm10163c
50,10.1016_j.jallcom.2020.155181__sample_31078,Sn0.69Pb0.3Zn0.01Te,unknown,p,130,observed ZT >= threshold; ML predicted ZT >= threshold; fitting predicted ZT >= threshold; low thermal conductivity; high observed electrical conductivity; high ML predicted electrical conductivity; low kappa and high sigma; balanced recommended candidate,material_system_out_of_distribution,1.3455,1.3620795927190776,A,True,True,,True,10.1016/j.jallcom.2020.155181,,https://doi.org/10.1016/j.jallcom.2020.155181
51,10.1039_c8ta08238c__sample_40610,(Bi0.5Sb1.5Te3)87.21(Sb2O3)12.79,unknown,p,130,observed ZT >= threshold; ML predicted ZT >= threshold; fitting predicted ZT >= threshold; low thermal conductivity; high observed electrical conductivity; high ML predicted electrical conductivity; low kappa and high sigma; balanced recommended candidate,material_system_out_of_distribution,1.497599,1.072573083999176,A,True,True,,True,10.1039/c8ta08238c,,https://doi.org/10.1039/c8ta08238c
52,10.1039_c8ta08238c__sample_40609,(Bi0.5Sb1.5Te3)91.26(Sb2O3)8.74,unknown,p,130,observed ZT >= threshold; ML predicted ZT >= threshold; fitting predicted ZT >= threshold; low thermal conductivity; high observed electrical conductivity; high ML predicted electrical conductivity; low kappa and high sigma; balanced recommended candidate,material_system_out_of_distribution,1.52305,1.0737410362320663,A,True,True,,True,10.1039/c8ta08238c,,https://doi.org/10.1039/c8ta08238c
53,10.1021_acs.chemmater.7b04023__sample_31998,Ge0.85Bi0.05Sb0.10Te,unknown,p,130,observed ZT >= threshold; ML predicted ZT >= threshold; fitting predicted ZT >= threshold; low thermal conductivity; high observed electrical conductivity; high ML predicted electrical conductivity; low kappa and high sigma; balanced recommended candidate,material_system_out_of_distribution,1.758491,1.3371227833618191,A,True,True,,True,10.1021/acs.chemmater.7b04023,,https://doi.org/10.1021/acs.chemmater.7b04023
54,10.1021_acs.chemmater.7b04023__sample_31993,Ge0.90Sb0.10Te,unknown,p,130,observed ZT >= threshold; ML predicted ZT >= threshold; fitting predicted ZT >= threshold; low thermal conductivity; high observed electrical conductivity; high ML predicted electrical conductivity; low kappa and high sigma; balanced recommended candidate,material_system_out_of_distribution,1.78566,1.237581314218317,A,True,True,,True,10.1021/acs.chemmater.7b04023,,https://doi.org/10.1021/acs.chemmater.7b04023
55,10.1016_j.jallcom.2019.153284__sample_34309,Bi0.5Sb1.5Te3,unknown,p,130,observed ZT >= threshold; ML predicted ZT >= threshold; fitting predicted ZT >= threshold; low thermal conductivity; high observed electrical conductivity; high ML predicted electrical conductivity; low kappa and high sigma; balanced recommended candidate,material_system_out_of_distribution,1.170681,1.6341326261048903,A,True,True,,True,10.1016/j.jallcom.2019.153284,,https://doi.org/10.1016/j.jallcom.2019.153284
56,10.1016_j.physb.2019.411797__sample_35161,Pb1.3Se,unknown,n,130,observed ZT >= threshold; ML predicted ZT >= threshold; fitting predicted ZT >= threshold; low thermal conductivity; high observed electrical conductivity; high ML predicted electrical conductivity; low kappa and high sigma; balanced recommended candidate,not_evaluable,1.230895,1.3116214709687215,A,True,True,,True,10.1016/j.physb.2019.411797,,https://doi.org/10.1016/j.physb.2019.411797
57,10.1039_c8ee03162b__sample_39800,Sn0.57Sb0.13Ge0.3Te,unknown,p,130,observed ZT >= threshold; ML predicted ZT >= threshold; fitting predicted ZT >= threshold; low thermal conductivity; high observed electrical conductivity; high ML predicted electrical conductivity; low kappa and high sigma; balanced recommended candidate,material_system_out_of_distribution,1.252046,1.1354648562586942,A,True,True,,True,10.1039/c8ee03162b,,https://doi.org/10.1039/c8ee03162b
58,10.1016_j.jallcom.2020.158376__sample_39630,(Bi0.3Sb1.7Te3)92.39(TiC)7.61,unknown,p,130,observed ZT >= threshold; ML predicted ZT >= threshold; fitting predicted ZT >= threshold; low thermal conductivity; high observed electrical conductivity; high ML predicted electrical conductivity; low kappa and high sigma; balanced recommended candidate,material_system_out_of_distribution,1.139484,1.0043708515020542,A,True,True,,True,10.1016/j.jallcom.2020.158376,,https://doi.org/10.1016/j.jallcom.2020.158376
59,10.1039_c6ra06688g__sample_9100,Bi0.4Sb1.6Te3,unknown,p,130,observed ZT >= threshold; ML predicted ZT >= threshold; fitting predicted ZT >= threshold; low thermal conductivity; high observed electrical conductivity; high ML predicted electrical conductivity; low kappa and high sigma; balanced recommended candidate,missing_additive_or_structure_annotation,1.238753,1.8994801348469228,A,True,True,,True,10.1039/c6ra06688g,,https://doi.org/10.1039/c6ra06688g
60,10.1016_j.mtphys.2018.05.001__sample_44014,Ag9GaSe5.38Te0.6,unknown,n,130,observed ZT >= threshold; ML predicted ZT >= threshold; fitting predicted ZT >= threshold; low thermal conductivity; high observed electrical conductivity; high ML predicted electrical conductivity; low kappa and high sigma; balanced recommended candidate,not_evaluable,1.376961,3.333036771373201,A,True,True,,True,10.1016/j.mtphys.2018.05.001,,https://doi.org/10.1016/j.mtphys.2018.05.001
61,10.1016_j.jpcs.2019.109262__sample_34136,Sb1.65Bi0.35Te3,unknown,p,130,observed ZT >= threshold; ML predicted ZT >= threshold; fitting predicted ZT >= threshold; low thermal conductivity; high observed electrical conductivity; high ML predicted electrical conductivity; low kappa and high sigma; balanced recommended candidate,material_system_out_of_distribution,1.149557,1.1271385159578589,A,True,True,,True,10.1016/j.jpcs.2019.109262,,https://doi.org/10.1016/j.jpcs.2019.109262
62,10.1039_c7ee00098g__sample_31370,Mg3.05Nb0.15Sb1.5Bi0.49Te0.01,unknown,n,130,observed ZT >= threshold; ML predicted ZT >= threshold; fitting predicted ZT >= threshold; low thermal conductivity; high observed electrical conductivity; high ML predicted electrical conductivity; low kappa and high sigma; balanced recommended candidate,not_evaluable,1.530769,2.8622617239223462,A,True,True,,True,10.1039/c7ee00098g,,https://doi.org/10.1039/c7ee00098g
63,10.1016_j.jallcom.2019.153284__sample_34310,Bi0.5Sb1.5Te3,unknown,p,130,observed ZT >= threshold; ML predicted ZT >= threshold; fitting predicted ZT >= threshold; low thermal conductivity; high observed electrical conductivity; high ML predicted electrical conductivity; low kappa and high sigma; balanced recommended candidate,missing_additive_or_structure_annotation,1.269527,2.134415790532956,A,True,True,,True,10.1016/j.jallcom.2019.153284,,https://doi.org/10.1016/j.jallcom.2019.153284
64,10.1039_c0ee00012d__sample_1517,Bi0.5Sb1.5Te3,unknown,p,130,observed ZT >= threshold; ML predicted ZT >= threshold; fitting predicted ZT >= threshold; low thermal conductivity; high observed electrical conductivity; high ML predicted electrical conductivity; low kappa and high sigma; balanced recommended candidate,material_system_out_of_distribution,1.247601,1.7500445887292535,A,True,True,,True,10.1039/c0ee00012d,,https://doi.org/10.1039/c0ee00012d
65,10.1088_0957-4484_23_41_415604__sample_29812,Bi0.5Sb1.5Te3,unknown,p,130,observed ZT >= threshold; ML predicted ZT >= threshold; fitting predicted ZT >= threshold; low thermal conductivity; high observed electrical conductivity; high ML predicted electrical conductivity; low kappa and high sigma; balanced recommended candidate,material_system_out_of_distribution,1.36219,1.1154059628238693,A,True,True,,True,10.1088/0957-4484/23/41/415604,,https://doi.org/10.1088/0957-4484/23/41/415604
66,10.1039_c6ra06688g__sample_9099,Bi0.4Sb1.6Te3,unknown,p,130,observed ZT >= threshold; ML predicted ZT >= threshold; fitting predicted ZT >= threshold; low thermal conductivity; high observed electrical conductivity; high ML predicted electrical conductivity; low kappa and high sigma; balanced recommended candidate,material_system_out_of_distribution,1.288673,1.2047375852453777,A,True,True,,True,10.1039/c6ra06688g,,https://doi.org/10.1039/c6ra06688g
67,10.1039_c6ra06688g__sample_9097,Bi0.4Sb1.6Te3,unknown,p,130,observed ZT >= threshold; ML predicted ZT >= threshold; fitting predicted ZT >= threshold; low thermal conductivity; high observed electrical conductivity; high ML predicted electrical conductivity; low kappa and high sigma; balanced recommended candidate,material_system_out_of_distribution,1.235665,1.2274277501996154,A,True,True,,True,10.1039/c6ra06688g,,https://doi.org/10.1039/c6ra06688g
68,10.1016_j.scriptamat.2019.09.009__sample_35186,Cu2Se,unknown,p,130,observed ZT >= threshold; ML predicted ZT >= threshold; fitting predicted ZT >= threshold; low thermal conductivity; high observed electrical conductivity; high ML predicted electrical conductivity; low kappa and high sigma; balanced recommended candidate,material_system_out_of_distribution,1.606796,2.4268696019774096,A,True,True,,True,10.1016/j.scriptamat.2019.09.009,,https://doi.org/10.1016/j.scriptamat.2019.09.009
69,10.1016_j.scriptamat.2019.09.009__sample_35185,Cu2Se,unknown,p,130,observed ZT >= threshold; ML predicted ZT >= threshold; fitting predicted ZT >= threshold; low thermal conductivity; high observed electrical conductivity; high ML predicted electrical conductivity; low kappa and high sigma; balanced recommended candidate,material_system_out_of_distribution,1.56068,2.4678981093674763,A,True,True,,True,10.1016/j.scriptamat.2019.09.009,,https://doi.org/10.1016/j.scriptamat.2019.09.009
70,10.1016_j.scriptamat.2019.09.009__sample_35189,Cu2Se,unknown,p,130,observed ZT >= threshold; ML predicted ZT >= threshold; fitting predicted ZT >= threshold; low thermal conductivity; high observed electrical conductivity; high ML predicted electrical conductivity; low kappa and high sigma; balanced recommended candidate,material_system_out_of_distribution,1.963592,2.9537259709586703,A,True,True,,True,10.1016/j.scriptamat.2019.09.009,,https://doi.org/10.1016/j.scriptamat.2019.09.009
71,10.1016_j.scriptamat.2019.09.009__sample_35184,Cu2Se,unknown,p,130,observed ZT >= threshold; ML predicted ZT >= threshold; fitting predicted ZT >= threshold; low thermal conductivity; high observed electrical conductivity; high ML predicted electrical conductivity; low kappa and high sigma; balanced recommended candidate,material_system_out_of_distribution,1.053398,1.603586283351396,A,True,True,,True,10.1016/j.scriptamat.2019.09.009,,https://doi.org/10.1016/j.scriptamat.2019.09.009
72,10.1016_j.jmat.2019.01.008__sample_41039,Ag1.2Cu0.8Te,unknown,p,130,observed ZT >= threshold; ML predicted ZT >= threshold; fitting predicted ZT >= threshold; low thermal conductivity; high observed electrical conductivity; high ML predicted electrical conductivity; low kappa and high sigma; balanced recommended candidate,material_system_out_of_distribution,1.329073,1.2758650304593355,A,True,True,,True,10.1016/j.jmat.2019.01.008,,https://doi.org/10.1016/j.jmat.2019.01.008
73,10.1016_j.joule.2020.07.021__sample_37078,Ge0.87Sn0.05Sb0.08Te,unknown,p,130,observed ZT >= threshold; ML predicted ZT >= threshold; fitting predicted ZT >= threshold; low thermal conductivity; high observed electrical conductivity; high ML predicted electrical conductivity; low kappa and high sigma; balanced recommended candidate,material_system_out_of_distribution,2.198108,1.8052656097581268,A,True,True,,True,10.1016/j.joule.2020.07.021,,https://doi.org/10.1016/j.joule.2020.07.021
74,10.1016_j.jmat.2019.01.008__sample_41038,Ag1.4Cu0.6Te,unknown,p,130,observed ZT >= threshold; ML predicted ZT >= threshold; fitting predicted ZT >= threshold; low thermal conductivity; high observed electrical conductivity; high ML predicted electrical conductivity; low kappa and high sigma; balanced recommended candidate,not_evaluable,1.025394,1.7348450950651528,A,True,True,,True,10.1016/j.jmat.2019.01.008,,https://doi.org/10.1016/j.jmat.2019.01.008
75,10.1039_c6ra06688g__sample_9077,Bi0.4Sb1.6Te3,unknown,p,130,observed ZT >= threshold; ML predicted ZT >= threshold; fitting predicted ZT >= threshold; low thermal conductivity; high observed electrical conductivity; high ML predicted electrical conductivity; low kappa and high sigma; balanced recommended candidate,material_system_out_of_distribution,1.089128,1.0755775729156052,A,True,True,,True,10.1039/c6ra06688g,,https://doi.org/10.1039/c6ra06688g
76,10.1016_j.joule.2020.07.021__sample_37079,Ge0.85Sn0.05Sb0.1Te,unknown,p,130,observed ZT >= threshold; ML predicted ZT >= threshold; fitting predicted ZT >= threshold; low thermal conductivity; high observed electrical conductivity; high ML predicted electrical conductivity; low kappa and high sigma; balanced recommended candidate,material_system_out_of_distribution,1.890416,1.137264345205492,A,True,True,,True,10.1016/j.joule.2020.07.021,,https://doi.org/10.1016/j.joule.2020.07.021
77,10.1039_c6ra06688g__sample_9080,Bi0.4Sb1.6Te3,unknown,p,130,observed ZT >= threshold; ML predicted ZT >= threshold; fitting predicted ZT >= threshold; low thermal conductivity; high observed electrical conductivity; high ML predicted electrical conductivity; low kappa and high sigma; balanced recommended candidate,material_system_out_of_distribution,1.250657,1.165791484416259,A,True,True,,True,10.1039/c6ra06688g,,https://doi.org/10.1039/c6ra06688g
78,10.1039_c6ra06688g__sample_9098,Bi0.4Sb1.6Te3,unknown,p,130,observed ZT >= threshold; ML predicted ZT >= threshold; fitting predicted ZT >= threshold; low thermal conductivity; high observed electrical conductivity; high ML predicted electrical conductivity; low kappa and high sigma; balanced recommended candidate,material_system_out_of_distribution,1.283168,1.2110828844091983,A,True,True,,True,10.1039/c6ra06688g,,https://doi.org/10.1039/c6ra06688g
79,10.1039_c7ee00098g__sample_31368,Mg3.15Nb0.05Sb1.5Bi0.49Te0.01,unknown,n,130,observed ZT >= threshold; ML predicted ZT >= threshold; fitting predicted ZT >= threshold; low thermal conductivity; high observed electrical conductivity; high ML predicted electrical conductivity; low kappa and high sigma; balanced recommended candidate,not_evaluable,1.461538,1.5508965725173545,A,True,True,,True,10.1039/c7ee00098g,,https://doi.org/10.1039/c7ee00098g
80,10.1016_j.scriptamat.2019.09.009__sample_35188,Cu2Se,unknown,p,130,observed ZT >= threshold; ML predicted ZT >= threshold; fitting predicted ZT >= threshold; low thermal conductivity; high observed electrical conductivity; high ML predicted electrical conductivity; low kappa and high sigma; balanced recommended candidate,material_system_out_of_distribution,1.997573,3.0319598175513733,A,True,True,,True,10.1016/j.scriptamat.2019.09.009,,https://doi.org/10.1016/j.scriptamat.2019.09.009
81,10.1016_j.mtphys.2021.100444__sample_45587,(Ge0.9Sb0.1Te)0.985(FeTe2)0.015,unknown,p,130,observed ZT >= threshold; ML predicted ZT >= threshold; fitting predicted ZT >= threshold; low thermal conductivity; high observed electrical conductivity; high ML predicted electrical conductivity; low kappa and high sigma; balanced recommended candidate,material_system_out_of_distribution,1.928685,1.4329788027243235,A,True,True,,True,10.1016/j.mtphys.2021.100444,,https://doi.org/10.1016/j.mtphys.2021.100444
82,10.1039_c7ee00098g__sample_31367,Mg3.19Nb0.01Sb1.5Bi0.49Te0.01,unknown,n,130,observed ZT >= threshold; ML predicted ZT >= threshold; fitting predicted ZT >= threshold; low thermal conductivity; high observed electrical conductivity; high ML predicted electrical conductivity; low kappa and high sigma; balanced recommended candidate,material_system_out_of_distribution,1.430769,1.4296561650821598,A,True,True,,True,10.1039/c7ee00098g,,https://doi.org/10.1039/c7ee00098g
83,10.1016_j.mtphys.2021.100444__sample_45584,Ge0.9Sb0.1Te,unknown,p,130,observed ZT >= threshold; ML predicted ZT >= threshold; fitting predicted ZT >= threshold; low thermal conductivity; high observed electrical conductivity; high ML predicted electrical conductivity; low kappa and high sigma; balanced recommended candidate,material_system_out_of_distribution,1.792042,1.808171611790291,A,True,True,,True,10.1016/j.mtphys.2021.100444,,https://doi.org/10.1016/j.mtphys.2021.100444
84,10.1016_j.mtphys.2021.100444__sample_45588,(Ge0.9Sb0.1Te)0.98(FeTe2)0.02,unknown,p,130,observed ZT >= threshold; ML predicted ZT >= threshold; fitting predicted ZT >= threshold; low thermal conductivity; high observed electrical conductivity; high ML predicted electrical conductivity; low kappa and high sigma; balanced recommended candidate,material_system_out_of_distribution,1.826325,1.161836730536297,A,True,True,,True,10.1016/j.mtphys.2021.100444,,https://doi.org/10.1016/j.mtphys.2021.100444
85,10.1016_j.mtphys.2018.05.001__sample_44012,Ag9GaSe5.68Te0.3,unknown,n,130,observed ZT >= threshold; ML predicted ZT >= threshold; fitting predicted ZT >= threshold; low thermal conductivity; high observed electrical conductivity; high ML predicted electrical conductivity; low kappa and high sigma; balanced recommended candidate,material_system_out_of_distribution,1.45101,2.4607361300244364,A,True,True,,True,10.1016/j.mtphys.2018.05.001,,https://doi.org/10.1016/j.mtphys.2018.05.001
86,10.1039_c6ra06688g__sample_9085,Bi0.4Sb1.6Te3,unknown,p,130,observed ZT >= threshold; ML predicted ZT >= threshold; fitting predicted ZT >= threshold; low thermal conductivity; high observed electrical conductivity; high ML predicted electrical conductivity; low kappa and high sigma; balanced recommended candidate,missing_additive_or_structure_annotation,1.28319,2.1023456473174167,A,True,True,,True,10.1039/c6ra06688g,,https://doi.org/10.1039/c6ra06688g
87,10.1126_science.1156446__sample_9107,Bi8Sb44Te48,unknown,p,130,observed ZT >= threshold; ML predicted ZT >= threshold; fitting predicted ZT >= threshold; low thermal conductivity; high observed electrical conductivity; high ML predicted electrical conductivity; low kappa and high sigma; balanced recommended candidate,material_system_out_of_distribution,1.430189,1.080426115390007,A,True,True,,True,10.1126/science.1156446,,https://doi.org/10.1126/science.1156446
88,10.1016_j.matpr.2019.02.050__sample_39205,FeSi1.93Al0.07,,p,130,ML predicted ZT >= threshold; fitting predicted ZT >= threshold; low thermal conductivity; high ML predicted electrical conductivity; low kappa and high sigma; rare metal attention elements not detected; toxicity attention elements not detected; balanced recommended candidate,,0.05535725,344.92865572919305,A,,,,,10.1016/j.matpr.2019.02.050,,https://doi.org/10.1016/j.matpr.2019.02.050
89,10.1016_j.mtphys.2021.100444__sample_45585,(Ge0.9Sb0.1Te)0.995(FeTe2)0.005,unknown,p,130,observed ZT >= threshold; ML predicted ZT >= threshold; fitting predicted ZT >= threshold; low thermal conductivity; high observed electrical conductivity; high ML predicted electrical conductivity; low kappa and high sigma; balanced recommended candidate,material_system_out_of_distribution,1.801592,1.322548475960904,A,True,True,,True,10.1016/j.mtphys.2021.100444,,https://doi.org/10.1016/j.mtphys.2021.100444
90,10.1002_adma.201400515__sample_7653,Cu1.98S,unknown,p,130,observed ZT >= threshold; ML predicted ZT >= threshold; low thermal conductivity; high ML predicted electrical conductivity; low kappa and high sigma; rare metal attention elements not detected; toxicity attention elements not detected; balanced recommended candidate,not_evaluable,1.362581,2.3911354386584924,A,True,True,,True,10.1002/adma.201400515,,https://doi.org/10.1002/adma.201400515
91,10.1016_j.mtphys.2021.100497__sample_45599,Ge0.73Al0.03Pb0.1Sb0.1Te,unknown,p,130,observed ZT >= threshold; ML predicted ZT >= threshold; fitting predicted ZT >= threshold; low thermal conductivity; high observed electrical conductivity; high ML predicted electrical conductivity; low kappa and high sigma; balanced recommended candidate,material_system_out_of_distribution,2.069919,1.5396498653687234,A,True,True,,True,10.1016/j.mtphys.2021.100497,,https://doi.org/10.1016/j.mtphys.2021.100497
92,10.1016_j.mtphys.2021.100497__sample_45600,Ge0.72Al0.04Pb0.1Sb0.1Te,unknown,p,130,observed ZT >= threshold; ML predicted ZT >= threshold; fitting predicted ZT >= threshold; low thermal conductivity; high observed electrical conductivity; high ML predicted electrical conductivity; low kappa and high sigma; balanced recommended candidate,material_system_out_of_distribution,1.114168,1.135161177476659,A,True,True,,True,10.1016/j.mtphys.2021.100497,,https://doi.org/10.1016/j.mtphys.2021.100497
93,10.1016_j.mtphys.2018.05.001__sample_44011,Ag9GaSe5.98,unknown,n,130,observed ZT >= threshold; ML predicted ZT >= threshold; fitting predicted ZT >= threshold; low thermal conductivity; high observed electrical conductivity; high ML predicted electrical conductivity; low kappa and high sigma; balanced recommended candidate,material_system_out_of_distribution,1.302239,2.1774384047084894,A,True,True,,True,10.1016/j.mtphys.2018.05.001,,https://doi.org/10.1016/j.mtphys.2018.05.001
94,10.1016_j.ceramint.2020.03.029__sample_33351,Bi2Te3,unknown,n,130,observed ZT >= threshold; ML predicted ZT >= threshold; fitting predicted ZT >= threshold; low thermal conductivity; high observed electrical conductivity; high ML predicted electrical conductivity; low kappa and high sigma; balanced recommended candidate,material_system_out_of_distribution,1.019663,1.00477947603541,A,True,True,,True,10.1016/j.ceramint.2020.03.029,,https://doi.org/10.1016/j.ceramint.2020.03.029
95,10.1002_adma.201705942__sample_31969,Ge0.9Sb0.1Te,unknown,p,130,observed ZT >= threshold; ML predicted ZT >= threshold; fitting predicted ZT >= threshold; low thermal conductivity; high observed electrical conductivity; high ML predicted electrical conductivity; low kappa and high sigma; balanced recommended candidate,material_system_out_of_distribution,1.725513,1.4756327306193575,A,True,True,,True,10.1002/adma.201705942,,https://doi.org/10.1002/adma.201705942
96,10.1016_j.jallcom.2011.06.116__sample_1628,Bi2Se0.36Te2.64,unknown,p,130,observed ZT >= threshold; ML predicted ZT >= threshold; fitting predicted ZT >= threshold; low thermal conductivity; high observed electrical conductivity; high ML predicted electrical conductivity; low kappa and high sigma; balanced recommended candidate,material_system_out_of_distribution,1.192206,1.379321150730733,A,True,True,,True,10.1016/j.jallcom.2011.06.116,,https://doi.org/10.1016/j.jallcom.2011.06.116
97,10.1016_j.matpr.2019.02.050__sample_39206,FeSi1.95P0.05,,n,130,ML predicted ZT >= threshold; fitting predicted ZT >= threshold; low thermal conductivity; high ML predicted electrical conductivity; low kappa and high sigma; rare metal attention elements not detected; toxicity attention elements not detected; balanced recommended candidate,,0.02081825,1000.4405303769151,A,,,,,10.1016/j.matpr.2019.02.050,,https://doi.org/10.1016/j.matpr.2019.02.050
98,10.1016_j.mtphys.2021.100497__sample_45589,Ge0.9Sb0.1Te,unknown,p,130,observed ZT >= threshold; ML predicted ZT >= threshold; fitting predicted ZT >= threshold; low thermal conductivity; high observed electrical conductivity; high ML predicted electrical conductivity; low kappa and high sigma; balanced recommended candidate,material_system_out_of_distribution,1.746905,1.790672337227558,A,True,True,,True,10.1016/j.mtphys.2021.100497,,https://doi.org/10.1016/j.mtphys.2021.100497
99,10.1016_j.mtphys.2021.100497__sample_45598,Ge0.74Al0.02Pb0.1Sb0.1Te,unknown,p,130,observed ZT >= threshold; ML predicted ZT >= threshold; fitting predicted ZT >= threshold; low thermal conductivity; high observed electrical conductivity; high ML predicted electrical conductivity; low kappa and high sigma; balanced recommended candidate,material_system_out_of_distribution,2.22971,2.257687331665966,A,True,True,,True,10.1016/j.mtphys.2021.100497,,https://doi.org/10.1016/j.mtphys.2021.100497
100,10.1016_j.scriptamat.2018.05.026__sample_39768,Bi0.4Sb1.59Ge0.01Te3,unknown,p,130,observed ZT >= threshold; ML predicted ZT >= threshold; fitting predicted ZT >= threshold; low thermal conductivity; high observed electrical conductivity; high ML predicted electrical conductivity; low kappa and high sigma; balanced recommended candidate,material_system_out_of_distribution,1.478817,1.505397821872251,A,True,True,,True,10.1016/j.scriptamat.2018.05.026,,https://doi.org/10.1016/j.scriptamat.2018.05.026
