quantity_step11,raw_unit,normalized_unit,conversion_status,conversion_factor,row_count,sample_count,min_raw_value,max_raw_value,min_converted_value,max_converted_value,example_sample_keys
kappa,,missing,missing,,620201,30777,,,,,10.1002_1439-2054_20010301_286_3_139_aid-mame139_3.0.co_2-f__sample_84409;10.1002_1439-2054_20010301_286_3_139_aid-mame139_3.0.co_2-f__sample_84410;10.1002_adem.200500043__sample_25073;10.1002_adem.200500043__sample_25074;10.1002_adem.200500043__sample_25075
kappa,W*m^(-1)*K^(-1),w*m^-1*k^-1,invalid_value,1.0,7,5,-1.849283,0.0,,,10.1007_s11664-010-1477-9__sample_5749;10.1007_s11664-010-1477-9__sample_5750;10.1016_j.ssc.2012.10.003__sample_4796;10.1021_acs.jpclett.1c02139__sample_45697;10.1021_acs.jpclett.1c02139__sample_45698
kappa,W*m^(-1)*K^(-1),w*m^-1*k^-1,ok,1.0,65025,9048,3.407e-06,1997.33,3.407e-06,1997.33,10.1002_adem.201200233__sample_18985;10.1002_adem.201200233__sample_18987;10.1002_adem.201200233__sample_18989;10.1002_adem.201400183__sample_19725;10.1002_adem.201400183__sample_19726
rho,,missing,missing,,253305,16165,,,,,10.1002_1439-2054_20010301_286_3_139_aid-mame139_3.0.co_2-f__sample_84409;10.1002_1439-2054_20010301_286_3_139_aid-mame139_3.0.co_2-f__sample_84410;10.1002_adem.201200233__sample_18985;10.1002_adem.201200233__sample_18986;10.1002_adem.201200233__sample_18987
rho,-,missing,unit_unknown,,17,2,148.0805,370.4359,,,10.1063_1.4894095__sample_24352;10.1063_1.4894095__sample_24353
rho,kg,kg,unit_unknown,,28,4,7.457399,14.74439,,,10.1016_j.pnsc.2017.02.009__sample_21577;10.1016_j.pnsc.2017.02.009__sample_21578;10.1016_j.pnsc.2017.02.009__sample_21579;10.1016_j.pnsc.2017.02.009__sample_21580
rho,kg*m**3/A**2/s**3,kg*m^3/a^2/s^3,ok,1.0,88,4,0.0001269,0.04575,0.0001269,0.04575,10.1103_physrevb.36.4007__sample_58380;10.1103_physrevb.36.4007__sample_58381;10.1103_physrevb.36.4007__sample_58382;10.1103_physrevb.51.576__sample_57952
rho,ohm,ohm,unit_unknown,,1127,25,1.594e-05,43080000000.0,,,10.1016_j.physc.2015.02.012__sample_51932;10.1021_acsami.7b17603__sample_51603;10.1021_acsami.7b17603__sample_51604;10.1021_acsami.8b01436__sample_51106;10.1063_1.2167353__sample_51259
rho,ohm*m,ohm*m,ok,1.0,430237,16589,1.246026e-60,19566800000000.0,1.246026e-60,19566800000000.0,10.1002_adem.200500043__sample_25073;10.1002_adem.200500043__sample_25074;10.1002_adem.200500043__sample_25075;10.1002_adem.201400183__sample_19732;10.1002_adem.201400183__sample_19733
rho,ohm*m^-1,ohm*m^-1,unit_unknown,,341,14,0.01553398,208.8,,,10.1016_j.joule.2017.09.006__sample_31515;10.1016_j.joule.2017.09.006__sample_31516;10.1016_j.joule.2017.09.006__sample_31523;10.1016_j.joule.2017.09.006__sample_31524;10.1016_j.joule.2017.09.006__sample_31525
rho,ohm*m^2,ohm*m^2,unit_unknown,,90,6,1.238998e-13,3.036146e-11,,,10.1021_acsomega.9b00551__sample_27880;10.1021_acsomega.9b00551__sample_27881;10.1021_acsomega.9b00551__sample_27882;10.1021_acsomega.9b00551__sample_27883;10.1021_acsomega.9b00551__sample_27884
seebeck,,missing,missing,,569245,28981,,,,,10.1002_1439-2054_20010301_286_3_139_aid-mame139_3.0.co_2-f__sample_84409;10.1002_1439-2054_20010301_286_3_139_aid-mame139_3.0.co_2-f__sample_84410;10.1002_adem.200500043__sample_25073;10.1002_adem.200500043__sample_25074;10.1002_adem.200500043__sample_25075
seebeck,V*K^(-1),v*k^-1,ok,1.0,115808,12792,-0.10543,0.63479,-0.10543,0.63479,10.1002_1439-2054_20010301_286_3_139_aid-mame139_3.0.co_2-f__sample_84409;10.1002_1439-2054_20010301_286_3_139_aid-mame139_3.0.co_2-f__sample_84410;10.1002_adem.201200233__sample_18985;10.1002_adem.201200233__sample_18986;10.1002_adem.201200233__sample_18987
seebeck,V/K,v/k,ok,1.0,126,19,-0.0002713138,1.029504,-0.0002713138,1.029504,10.1016_j.physe.2020.114014__sample_28922;10.1016_j.physe.2020.114014__sample_28925;10.1038_ncomms4640__sample_25498;10.1038_ncomms4640__sample_25499;10.1038_ncomms4640__sample_25500
seebeck,kg*m**2/A/s**3,kg*m^2/a/s^3,unit_unknown,,54,1,9.587156e-05,0.0001798165,,,10.1063_1.4827595__sample_21496
sigma,,missing,missing,,431276,16593,,,,,10.1002_adem.200500043__sample_25073;10.1002_adem.200500043__sample_25074;10.1002_adem.200500043__sample_25075;10.1002_adem.201400183__sample_19732;10.1002_adem.201400183__sample_19733
sigma,-,missing,unit_unknown,,22,2,1.691602,2.491856,,,10.2320_jinstmet.j2014005__sample_29624;10.2320_jinstmet.j2014005__sample_29625
sigma,A**2*s**2/kg/m**2,a^2*s^2/kg/m^2,unit_unknown,,117,5,0.5349751,7.174007e+19,,,10.1016_j.proeng.2014.12.486__sample_16121;10.1088_1367-2630_aa7b58__sample_15406;10.1088_1367-2630_aa7b58__sample_15407;10.1088_1367-2630_aa7b58__sample_15408;10.1088_1367-2630_aa7b58__sample_15409
sigma,S*m^(-1),s*m^-1,ok,1.0,1221,76,1.134,2.679632e+20,1.134,2.679632e+20,10.1016_0167-2738_93_90409-v__sample_66671;10.1016_0167-2738_93_90409-v__sample_66672;10.1016_0167-2738_93_90409-v__sample_66673;10.1016_0167-2738_93_90409-v__sample_66674;10.1016_0167-2738_93_90409-v__sample_66675
sigma,S/m,s/m,ok,1.0,85,7,83.10249,1149.11,83.10249,1149.11,10.1038_s41467-019-09682-0__sample_26439;10.1038_s41467-019-09682-0__sample_26440;10.1038_s41467-019-09682-0__sample_26441;10.2497_jjspm.58.374__sample_24768;10.2497_jjspm.58.374__sample_24769
sigma,ohm^(-1)*m^(-1),ohm^-1*m^-1,ok,1.0,252512,16076,1.776357e-13,122795600.0,1.776357e-13,122795600.0,10.1002_1439-2054_20010301_286_3_139_aid-mame139_3.0.co_2-f__sample_84409;10.1002_1439-2054_20010301_286_3_139_aid-mame139_3.0.co_2-f__sample_84410;10.1002_adem.201200233__sample_18985;10.1002_adem.201200233__sample_18986;10.1002_adem.201200233__sample_18987
zt,,missing,missing,1.0,614395,30703,,,,,10.1002_1439-2054_20010301_286_3_139_aid-mame139_3.0.co_2-f__sample_84409;10.1002_1439-2054_20010301_286_3_139_aid-mame139_3.0.co_2-f__sample_84410;10.1002_adem.200500043__sample_25073;10.1002_adem.200500043__sample_25074;10.1002_adem.200500043__sample_25075
zt,-,missing,ok,1.0,69501,9090,-0.03914467,3.839,-0.03914467,3.839,10.1002_1439-2054_20010301_286_3_139_aid-mame139_3.0.co_2-f__sample_84409;10.1002_1439-2054_20010301_286_3_139_aid-mame139_3.0.co_2-f__sample_84410;10.1002_adem.201200233__sample_18985;10.1002_adem.201200233__sample_18987;10.1002_adem.201200233__sample_18989
zt,K^(-1),k^-1,unit_abnormal,,1337,158,0.0,0.8347967,,,10.1007_s00339-004-2596-z__sample_8185;10.1007_s10789-005-0258-y__sample_27762;10.1007_s11595-010-2287-x__sample_20118;10.1007_s11595-010-2287-x__sample_20119;10.1007_s11595-010-2287-x__sample_20120
